终端机在文法中未使用

    SITE_PATTERN
    K_SITE
    K_START_NET
    K_IN
    K_OUT
    K_DEFINE
    K_DEFINES
    K_DEFINEB
    K_IF
    K_THEN
    K_ELSE
    K_FALSE
    K_TRUE
    K_EQ
    K_NE
    K_LE
    K_LT
    K_GE
    K_GT
    K_OR
    K_AND
    K_NOT
    K_ENDEXT


语法

    0 $accept: def_file $end

    1 def_file: version_stmt case_sens_stmt rules end_design

    2 version_stmt: ε

    3 $@1: ε

    4 version_stmt: K_VERSION $@1 T_STRING ';'

    5 case_sens_stmt: ε
    6               | K_NAMESCASESENSITIVE K_ON ';'
    7               | K_NAMESCASESENSITIVE K_OFF ';'

    8 rules: ε
    9      | rules rule
   10      | error

   11 rule: design_section
   12     | assertions_section
   13     | blockage_section
   14     | comps_section
   15     | constraint_section
   16     | extension_section
   17     | fill_section
   18     | comps_maskShift_section
   19     | floorplan_contraints_section
   20     | groups_section
   21     | iotiming_section
   22     | nets_section
   23     | nondefaultrule_section
   24     | partitions_section
   25     | pin_props_section
   26     | regions_section
   27     | scanchains_section
   28     | slot_section
   29     | snets_section
   30     | styles_section
   31     | timingdisables_section
   32     | via_section

   33 design_section: array_name
   34               | bus_bit_chars
   35               | canplace
   36               | cannotoccupy
   37               | design_name
   38               | die_area
   39               | divider_char
   40               | floorplan_name
   41               | gcellgrid
   42               | history
   43               | pin_cap_rule
   44               | pin_rule
   45               | prop_def_section
   46               | row_rule
   47               | tech_name
   48               | tracks_rule
   49               | units

   50 $@2: ε

   51 design_name: K_DESIGN $@2 T_STRING ';'

   52 end_design: K_END K_DESIGN

   53 $@3: ε

   54 tech_name: K_TECH $@3 T_STRING ';'

   55 $@4: ε

   56 array_name: K_ARRAY $@4 T_STRING ';'

   57 $@5: ε

   58 floorplan_name: K_FLOORPLAN $@5 T_STRING ';'

   59 history: K_HISTORY

   60 $@6: ε

   61 prop_def_section: K_PROPERTYDEFINITIONS $@6 property_defs K_END K_PROPERTYDEFINITIONS

   62 property_defs: ε
   63              | property_defs property_def

   64 $@7: ε

   65 property_def: K_DESIGN $@7 T_STRING property_type_and_val ';'

   66 $@8: ε

   67 property_def: K_NET $@8 T_STRING property_type_and_val ';'

   68 $@9: ε

   69 property_def: K_SNET $@9 T_STRING property_type_and_val ';'

   70 $@10: ε

   71 property_def: K_REGION $@10 T_STRING property_type_and_val ';'

   72 $@11: ε

   73 property_def: K_GROUP $@11 T_STRING property_type_and_val ';'

   74 $@12: ε

   75 property_def: K_COMPONENT $@12 T_STRING property_type_and_val ';'

   76 $@13: ε

   77 property_def: K_ROW $@13 T_STRING property_type_and_val ';'

   78 $@14: ε

   79 property_def: K_COMPONENTPIN $@14 T_STRING property_type_and_val ';'

   80 $@15: ε

   81 property_def: K_NONDEFAULTRULE $@15 T_STRING property_type_and_val ';'
   82             | error ';'

   83 $@16: ε

   84 property_type_and_val: K_INTEGER $@16 opt_range opt_num_val

   85 $@17: ε

   86 property_type_and_val: K_REAL $@17 opt_range opt_num_val
   87                      | K_STRING
   88                      | K_STRING QSTRING
   89                      | K_NAMEMAPSTRING T_STRING

   90 opt_num_val: ε
   91            | NUMBER

   92 units: K_UNITS K_DISTANCE K_MICRONS NUMBER ';'

   93 divider_char: K_DIVIDERCHAR QSTRING ';'

   94 bus_bit_chars: K_BUSBITCHARS QSTRING ';'

   95 $@18: ε

   96 canplace: K_CANPLACE $@18 T_STRING NUMBER NUMBER orient K_DO NUMBER K_BY NUMBER K_STEP NUMBER NUMBER ';'

   97 $@19: ε

   98 cannotoccupy: K_CANNOTOCCUPY $@19 T_STRING NUMBER NUMBER orient K_DO NUMBER K_BY NUMBER K_STEP NUMBER NUMBER ';'

   99 orient: K_N
  100       | K_W
  101       | K_S
  102       | K_E
  103       | K_FN
  104       | K_FW
  105       | K_FS
  106       | K_FE

  107 $@20: ε

  108 die_area: K_DIEAREA $@20 firstPt nextPt otherPts ';'

  109 pin_cap_rule: start_def_cap pin_caps end_def_cap

  110 start_def_cap: K_DEFAULTCAP NUMBER

  111 pin_caps: ε
  112         | pin_caps pin_cap

  113 pin_cap: K_MINPINS NUMBER K_WIRECAP NUMBER ';'

  114 end_def_cap: K_END K_DEFAULTCAP

  115 pin_rule: start_pins pins end_pins

  116 start_pins: K_PINS NUMBER ';'

  117 pins: ε
  118     | pins pin

  119 $@21: ε

  120 $@22: ε

  121 $@23: ε

  122 pin: '-' $@21 T_STRING '+' K_NET $@22 T_STRING $@23 pin_options ';'

  123 pin_options: ε
  124            | pin_options pin_option

  125 pin_option: '+' K_SPECIAL
  126           | extension_stmt
  127           | '+' K_DIRECTION T_STRING
  128           | '+' K_NETEXPR QSTRING

  129 $@24: ε

  130 pin_option: '+' K_SUPPLYSENSITIVITY $@24 T_STRING

  131 $@25: ε

  132 pin_option: '+' K_GROUNDSENSITIVITY $@25 T_STRING
  133           | '+' K_USE use_type
  134           | '+' K_PORT

  135 $@26: ε

  136 $@27: ε

  137 pin_option: '+' K_LAYER $@26 T_STRING $@27 pin_layer_mask_opt pin_layer_spacing_opt pt pt

  138 $@28: ε

  139 $@29: ε

  140 pin_option: '+' K_POLYGON $@28 T_STRING $@29 pin_poly_mask_opt pin_poly_spacing_opt firstPt nextPt nextPt otherPts

  141 $@30: ε

  142 pin_option: '+' K_VIA $@30 T_STRING pin_via_mask_opt '(' NUMBER NUMBER ')'
  143           | placement_status pt orient
  144           | '+' K_ANTENNAPINPARTIALMETALAREA NUMBER pin_layer_opt
  145           | '+' K_ANTENNAPINPARTIALMETALSIDEAREA NUMBER pin_layer_opt
  146           | '+' K_ANTENNAPINGATEAREA NUMBER pin_layer_opt
  147           | '+' K_ANTENNAPINDIFFAREA NUMBER pin_layer_opt

  148 $@31: ε

  149 pin_option: '+' K_ANTENNAPINMAXAREACAR NUMBER K_LAYER $@31 T_STRING

  150 $@32: ε

  151 pin_option: '+' K_ANTENNAPINMAXSIDEAREACAR NUMBER K_LAYER $@32 T_STRING
  152           | '+' K_ANTENNAPINPARTIALCUTAREA NUMBER pin_layer_opt

  153 $@33: ε

  154 pin_option: '+' K_ANTENNAPINMAXCUTCAR NUMBER K_LAYER $@33 T_STRING
  155           | '+' K_ANTENNAMODEL pin_oxide

  156 pin_layer_mask_opt: ε
  157                   | K_MASK NUMBER

  158 pin_via_mask_opt: ε
  159                 | K_MASK NUMBER

  160 pin_poly_mask_opt: ε
  161                  | K_MASK NUMBER

  162 pin_layer_spacing_opt: ε
  163                      | K_SPACING NUMBER
  164                      | K_DESIGNRULEWIDTH NUMBER

  165 pin_poly_spacing_opt: ε
  166                     | K_SPACING NUMBER
  167                     | K_DESIGNRULEWIDTH NUMBER

  168 pin_oxide: K_OXIDE1
  169          | K_OXIDE2
  170          | K_OXIDE3
  171          | K_OXIDE4
  172          | K_OXIDE5
  173          | K_OXIDE6
  174          | K_OXIDE7
  175          | K_OXIDE8
  176          | K_OXIDE9
  177          | K_OXIDE10
  178          | K_OXIDE11
  179          | K_OXIDE12
  180          | K_OXIDE13
  181          | K_OXIDE14
  182          | K_OXIDE15
  183          | K_OXIDE16
  184          | K_OXIDE17
  185          | K_OXIDE18
  186          | K_OXIDE19
  187          | K_OXIDE20
  188          | K_OXIDE21
  189          | K_OXIDE22
  190          | K_OXIDE23
  191          | K_OXIDE24
  192          | K_OXIDE25
  193          | K_OXIDE26
  194          | K_OXIDE27
  195          | K_OXIDE28
  196          | K_OXIDE29
  197          | K_OXIDE30
  198          | K_OXIDE31
  199          | K_OXIDE32

  200 use_type: K_SIGNAL
  201         | K_POWER
  202         | K_GROUND
  203         | K_CLOCK
  204         | K_TIEOFF
  205         | K_ANALOG
  206         | K_SCAN
  207         | K_RESET

  208 pin_layer_opt: ε

  209 $@34: ε

  210 pin_layer_opt: K_LAYER $@34 T_STRING

  211 end_pins: K_END K_PINS

  212 $@35: ε

  213 $@36: ε

  214 row_rule: K_ROW $@35 T_STRING T_STRING NUMBER NUMBER orient $@36 row_do_option row_options ';'

  215 row_do_option: ε
  216              | K_DO NUMBER K_BY NUMBER row_step_option

  217 row_step_option: ε
  218                | K_STEP NUMBER NUMBER

  219 row_options: ε
  220            | row_options row_option

  221 $@37: ε

  222 row_option: '+' K_PROPERTY $@37 row_prop_list

  223 row_prop_list: ε
  224              | row_prop_list row_prop

  225 row_prop: T_STRING NUMBER
  226         | T_STRING QSTRING
  227         | T_STRING T_STRING

  228 $@38: ε

  229 tracks_rule: track_start NUMBER $@38 K_DO NUMBER K_STEP NUMBER track_opts ';'

  230 track_start: K_TRACKS track_type

  231 track_type: K_X
  232           | K_Y

  233 track_opts: track_mask_statement track_layer_statement

  234 track_mask_statement: ε
  235                     | K_MASK NUMBER same_mask

  236 same_mask: ε
  237          | K_SAMEMASK

  238 track_layer_statement: ε

  239 $@39: ε

  240 track_layer_statement: K_LAYER $@39 track_layer track_layers

  241 track_layers: ε
  242             | track_layer track_layers

  243 track_layer: T_STRING

  244 gcellgrid: K_GCELLGRID track_type NUMBER K_DO NUMBER K_STEP NUMBER ';'

  245 extension_section: K_BEGINEXT

  246 extension_stmt: '+' K_BEGINEXT

  247 via_section: via via_declarations via_end

  248 via: K_VIAS NUMBER ';'

  249 via_declarations: ε
  250                 | via_declarations via_declaration

  251 $@40: ε

  252 $@41: ε

  253 via_declaration: '-' $@40 T_STRING $@41 layer_stmts ';'

  254 layer_stmts: ε
  255            | layer_stmts layer_stmt

  256 $@42: ε

  257 layer_stmt: '+' K_RECT $@42 T_STRING mask pt pt

  258 $@43: ε

  259 $@44: ε

  260 layer_stmt: '+' K_POLYGON $@43 T_STRING mask $@44 firstPt nextPt nextPt otherPts

  261 $@45: ε

  262 layer_stmt: '+' K_PATTERNNAME $@45 T_STRING

  263 $@46: ε

  264 $@47: ε

  265 layer_stmt: '+' K_VIARULE $@46 T_STRING '+' K_CUTSIZE NUMBER NUMBER '+' K_LAYERS $@47 T_STRING T_STRING T_STRING '+' K_CUTSPACING NUMBER NUMBER '+' K_ENCLOSURE NUMBER NUMBER NUMBER NUMBER
  266           | layer_viarule_opts
  267           | extension_stmt

  268 layer_viarule_opts: '+' K_ROWCOL NUMBER NUMBER
  269                   | '+' K_ORIGIN NUMBER NUMBER
  270                   | '+' K_OFFSET NUMBER NUMBER NUMBER NUMBER

  271 $@48: ε

  272 layer_viarule_opts: '+' K_PATTERN $@48 T_STRING

  273 firstPt: pt

  274 nextPt: pt

  275 otherPts: ε
  276         | otherPts nextPt

  277 pt: '(' NUMBER NUMBER ')'
  278   | '(' '*' NUMBER ')'
  279   | '(' NUMBER '*' ')'
  280   | '(' '*' '*' ')'

  281 mask: ε
  282     | '+' K_MASK NUMBER

  283 via_end: K_END K_VIAS

  284 regions_section: regions_start regions_stmts K_END K_REGIONS

  285 regions_start: K_REGIONS NUMBER ';'

  286 regions_stmts: ε
  287              | regions_stmts regions_stmt

  288 $@49: ε

  289 $@50: ε

  290 regions_stmt: '-' $@49 T_STRING $@50 rect_list region_options ';'

  291 rect_list: pt pt
  292          | rect_list pt pt

  293 region_options: ε
  294               | region_options region_option

  295 $@51: ε

  296 region_option: '+' K_PROPERTY $@51 region_prop_list
  297              | '+' K_TYPE region_type

  298 region_prop_list: ε
  299                 | region_prop_list region_prop

  300 region_prop: T_STRING NUMBER
  301            | T_STRING QSTRING
  302            | T_STRING T_STRING

  303 region_type: K_FENCE
  304            | K_GUIDE

  305 comps_maskShift_section: K_COMPSMASKSHIFT layer_statement ';'

  306 comps_section: start_comps comps_rule end_comps

  307 start_comps: K_COMPS NUMBER ';'

  308 layer_statement: ε
  309                | layer_statement maskLayer

  310 maskLayer: T_STRING

  311 comps_rule: ε
  312           | comps_rule comp

  313 comp: comp_start comp_options ';'

  314 comp_start: comp_id_and_name comp_net_list

  315 $@52: ε

  316 comp_id_and_name: '-' $@52 T_STRING T_STRING

  317 comp_net_list: ε
  318              | comp_net_list '*'
  319              | comp_net_list T_STRING

  320 comp_options: ε
  321             | comp_options comp_option

  322 comp_option: comp_generate
  323            | comp_source
  324            | comp_type
  325            | weight
  326            | maskShift
  327            | comp_foreign
  328            | comp_region
  329            | comp_eeq
  330            | comp_halo
  331            | comp_routehalo
  332            | comp_property
  333            | comp_extension_stmt

  334 comp_extension_stmt: extension_stmt

  335 $@53: ε

  336 comp_eeq: '+' K_EEQMASTER $@53 T_STRING

  337 $@54: ε

  338 comp_generate: '+' K_COMP_GEN $@54 T_STRING opt_pattern

  339 opt_pattern: ε
  340            | T_STRING

  341 comp_source: '+' K_SOURCE source_type

  342 source_type: K_NETLIST
  343            | K_DIST
  344            | K_USER
  345            | K_TIMING

  346 comp_region: comp_region_start comp_pnt_list
  347            | comp_region_start T_STRING

  348 comp_pnt_list: pt pt
  349              | comp_pnt_list pt pt

  350 $@55: ε

  351 comp_halo: '+' K_HALO $@55 halo_soft NUMBER NUMBER NUMBER NUMBER

  352 halo_soft: ε
  353          | K_SOFT

  354 $@56: ε

  355 comp_routehalo: '+' K_ROUTEHALO NUMBER $@56 T_STRING T_STRING

  356 $@57: ε

  357 comp_property: '+' K_PROPERTY $@57 comp_prop_list

  358 comp_prop_list: comp_prop
  359               | comp_prop_list comp_prop

  360 comp_prop: T_STRING NUMBER
  361          | T_STRING QSTRING
  362          | T_STRING T_STRING

  363 comp_region_start: '+' K_REGION

  364 $@58: ε

  365 comp_foreign: '+' K_FOREIGN $@58 T_STRING opt_paren orient

  366 opt_paren: pt
  367          | NUMBER NUMBER

  368 comp_type: placement_status pt orient
  369          | '+' K_UNPLACED
  370          | '+' K_UNPLACED pt orient

  371 $@59: ε

  372 maskShift: '+' K_MASKSHIFT $@59 T_STRING

  373 placement_status: '+' K_FIXED
  374                 | '+' K_COVER
  375                 | '+' K_PLACED

  376 weight: '+' K_WEIGHT NUMBER

  377 end_comps: K_END K_COMPS

  378 nets_section: start_nets net_rules end_nets

  379 start_nets: K_NETS NUMBER ';'

  380 net_rules: ε
  381          | net_rules one_net

  382 one_net: net_and_connections net_options ';'

  383 net_and_connections: net_start

  384 $@60: ε

  385 net_start: '-' $@60 net_name

  386 $@61: ε

  387 net_name: T_STRING $@61 net_connections

  388 $@62: ε

  389 net_name: K_MUSTJOIN '(' T_STRING $@62 T_STRING ')'

  390 net_connections: ε
  391                | net_connections net_connection

  392 $@63: ε

  393 net_connection: '(' T_STRING $@63 T_STRING conn_opt ')'

  394 $@64: ε

  395 net_connection: '(' '*' $@64 T_STRING conn_opt ')'

  396 $@65: ε

  397 net_connection: '(' K_PIN $@65 T_STRING conn_opt ')'

  398 conn_opt: ε
  399         | extension_stmt
  400         | '+' K_SYNTHESIZED

  401 net_options: ε
  402            | net_options net_option

  403 $@66: ε

  404 net_option: '+' net_type $@66 paths
  405           | '+' K_SOURCE netsource_type
  406           | '+' K_FIXEDBUMP

  407 $@67: ε

  408 net_option: '+' K_FREQUENCY $@67 NUMBER

  409 $@68: ε

  410 net_option: '+' K_ORIGINAL $@68 T_STRING
  411           | '+' K_PATTERN pattern_type
  412           | '+' K_WEIGHT NUMBER
  413           | '+' K_XTALK NUMBER
  414           | '+' K_ESTCAP NUMBER
  415           | '+' K_USE use_type
  416           | '+' K_STYLE NUMBER

  417 $@69: ε

  418 net_option: '+' K_NONDEFAULTRULE $@69 T_STRING
  419           | vpin_stmt

  420 $@70: ε

  421 net_option: '+' K_SHIELDNET $@70 T_STRING

  422 $@71: ε

  423 $@72: ε

  424 net_option: '+' K_NOSHIELD $@71 $@72 paths

  425 $@73: ε

  426 $@74: ε

  427 $@75: ε

  428 net_option: '+' K_SUBNET $@73 T_STRING $@74 comp_names $@75 subnet_options

  429 $@76: ε

  430 net_option: '+' K_PROPERTY $@76 net_prop_list
  431           | extension_stmt

  432 net_prop_list: net_prop
  433              | net_prop_list net_prop

  434 net_prop: T_STRING NUMBER
  435         | T_STRING QSTRING
  436         | T_STRING T_STRING

  437 netsource_type: K_NETLIST
  438               | K_DIST
  439               | K_USER
  440               | K_TIMING
  441               | K_TEST

  442 $@77: ε

  443 vpin_stmt: vpin_begin vpin_layer_opt pt pt $@77 vpin_options

  444 $@78: ε

  445 vpin_begin: '+' K_VPIN $@78 T_STRING

  446 vpin_layer_opt: ε

  447 $@79: ε

  448 vpin_layer_opt: K_LAYER $@79 T_STRING

  449 vpin_options: ε
  450             | vpin_status pt orient

  451 vpin_status: K_PLACED
  452            | K_FIXED
  453            | K_COVER

  454 net_type: K_FIXED
  455         | K_COVER
  456         | K_ROUTED

  457 paths: path
  458      | paths new_path

  459 $@80: ε

  460 new_path: K_NEW $@80 path

  461 $@81: ε

  462 $@82: ε

  463 path: T_STRING $@81 opt_taper_style_s path_pt $@82 path_item_list

  464 virtual_statement: K_VIRTUAL virtual_pt

  465 rect_statement: K_RECT rect_pts

  466 path_item_list: ε
  467               | path_item_list path_item

  468 path_item: T_STRING
  469          | K_MASK NUMBER T_STRING
  470          | T_STRING orient
  471          | K_MASK NUMBER T_STRING orient
  472          | K_MASK NUMBER T_STRING K_DO NUMBER K_BY NUMBER K_STEP NUMBER NUMBER
  473          | T_STRING K_DO NUMBER K_BY NUMBER K_STEP NUMBER NUMBER
  474          | T_STRING orient K_DO NUMBER K_BY NUMBER K_STEP NUMBER NUMBER
  475          | K_MASK NUMBER T_STRING orient K_DO NUMBER K_BY NUMBER K_STEP NUMBER NUMBER
  476          | virtual_statement
  477          | rect_statement

  478 $@83: ε

  479 path_item: K_MASK NUMBER K_RECT $@83 '(' NUMBER NUMBER NUMBER NUMBER ')'

  480 $@84: ε

  481 path_item: K_MASK NUMBER $@84 path_pt
  482          | path_pt

  483 path_pt: '(' NUMBER NUMBER ')'
  484        | '(' '*' NUMBER ')'
  485        | '(' NUMBER '*' ')'
  486        | '(' '*' '*' ')'
  487        | '(' NUMBER NUMBER NUMBER ')'
  488        | '(' '*' NUMBER NUMBER ')'
  489        | '(' NUMBER '*' NUMBER ')'
  490        | '(' '*' '*' NUMBER ')'

  491 virtual_pt: '(' NUMBER NUMBER ')'
  492           | '(' '*' NUMBER ')'
  493           | '(' NUMBER '*' ')'
  494           | '(' '*' '*' ')'

  495 rect_pts: '(' NUMBER NUMBER NUMBER NUMBER ')'

  496 opt_taper_style_s: ε
  497                  | opt_taper_style_s opt_taper_style

  498 opt_taper_style: opt_style
  499                | opt_taper

  500 opt_taper: K_TAPER

  501 $@85: ε

  502 opt_taper: K_TAPERRULE $@85 T_STRING

  503 opt_style: K_STYLE NUMBER

  504 opt_spaths: ε
  505           | opt_spaths opt_shape_style

  506 opt_shape_style: '+' K_SHAPE shape_type
  507                | '+' K_STYLE NUMBER

  508 end_nets: K_END K_NETS

  509 shape_type: K_RING
  510           | K_STRIPE
  511           | K_FOLLOWPIN
  512           | K_IOWIRE
  513           | K_COREWIRE
  514           | K_BLOCKWIRE
  515           | K_FILLWIRE
  516           | K_FILLWIREOPC
  517           | K_DRCFILL
  518           | K_BLOCKAGEWIRE
  519           | K_PADRING
  520           | K_BLOCKRING

  521 snets_section: start_snets snet_rules end_snets

  522 snet_rules: ε
  523           | snet_rules snet_rule

  524 snet_rule: net_and_connections snet_options ';'

  525 snet_options: ε
  526             | snet_options snet_option

  527 snet_option: snet_width
  528            | snet_voltage
  529            | snet_spacing
  530            | snet_other_option

  531 snet_other_option: '+' net_type

  532 $@86: ε

  533 snet_other_option: '+' net_type $@86 spaths

  534 $@87: ε

  535 $@88: ε

  536 snet_other_option: '+' K_SHIELD $@87 T_STRING $@88 shield_layer
  537                  | '+' K_SHAPE shape_type
  538                  | '+' K_MASK NUMBER

  539 $@89: ε

  540 $@90: ε

  541 snet_other_option: '+' K_POLYGON $@89 T_STRING $@90 firstPt nextPt nextPt otherPts

  542 $@91: ε

  543 snet_other_option: '+' K_RECT $@91 T_STRING pt pt

  544 $@92: ε

  545 $@93: ε

  546 snet_other_option: '+' K_VIA $@92 T_STRING orient_pt $@93 firstPt otherPts
  547                  | '+' K_SOURCE source_type
  548                  | '+' K_FIXEDBUMP
  549                  | '+' K_FREQUENCY NUMBER

  550 $@94: ε

  551 snet_other_option: '+' K_ORIGINAL $@94 T_STRING
  552                  | '+' K_PATTERN pattern_type
  553                  | '+' K_WEIGHT NUMBER
  554                  | '+' K_ESTCAP NUMBER
  555                  | '+' K_USE use_type
  556                  | '+' K_STYLE NUMBER

  557 $@95: ε

  558 snet_other_option: '+' K_PROPERTY $@95 snet_prop_list
  559                  | extension_stmt

  560 orient_pt: ε
  561          | K_N
  562          | K_W
  563          | K_S
  564          | K_E
  565          | K_FN
  566          | K_FW
  567          | K_FS
  568          | K_FE

  569 shield_layer: ε

  570 $@96: ε

  571 shield_layer: $@96 spaths

  572 $@97: ε

  573 snet_width: '+' K_WIDTH $@97 T_STRING NUMBER

  574 $@98: ε

  575 snet_voltage: '+' K_VOLTAGE $@98 T_STRING

  576 $@99: ε

  577 $@100: ε

  578 snet_spacing: '+' K_SPACING $@99 T_STRING NUMBER $@100 opt_snet_range

  579 snet_prop_list: snet_prop
  580               | snet_prop_list snet_prop

  581 snet_prop: T_STRING NUMBER
  582          | T_STRING QSTRING
  583          | T_STRING T_STRING

  584 opt_snet_range: ε
  585               | K_RANGE NUMBER NUMBER

  586 opt_range: ε
  587          | K_RANGE NUMBER NUMBER

  588 pattern_type: K_BALANCED
  589             | K_STEINER
  590             | K_TRUNK
  591             | K_WIREDLOGIC

  592 spaths: spath
  593       | spaths snew_path

  594 $@101: ε

  595 snew_path: K_NEW $@101 spath

  596 $@102: ε

  597 $@103: ε

  598 spath: T_STRING $@102 width opt_spaths path_pt $@103 path_item_list

  599 width: NUMBER

  600 start_snets: K_SNETS NUMBER ';'

  601 end_snets: K_END K_SNETS

  602 groups_section: groups_start group_rules groups_end

  603 groups_start: K_GROUPS NUMBER ';'

  604 group_rules: ε
  605            | group_rules group_rule

  606 group_rule: start_group group_members group_options ';'

  607 $@104: ε

  608 start_group: '-' $@104 T_STRING

  609 group_members: ε
  610              | group_members group_member

  611 group_member: T_STRING

  612 group_options: ε
  613              | group_options group_option

  614 group_option: '+' K_SOFT group_soft_options

  615 $@105: ε

  616 group_option: '+' K_PROPERTY $@105 group_prop_list

  617 $@106: ε

  618 group_option: '+' K_REGION $@106 group_region
  619             | extension_stmt

  620 group_region: pt pt
  621             | T_STRING

  622 group_prop_list: ε
  623                | group_prop_list group_prop

  624 group_prop: T_STRING NUMBER
  625           | T_STRING QSTRING
  626           | T_STRING T_STRING

  627 group_soft_options: ε
  628                   | group_soft_options group_soft_option

  629 group_soft_option: K_MAXX NUMBER
  630                  | K_MAXY NUMBER
  631                  | K_MAXHALFPERIMETER NUMBER

  632 groups_end: K_END K_GROUPS

  633 assertions_section: assertions_start constraint_rules assertions_end

  634 constraint_section: constraints_start constraint_rules constraints_end

  635 assertions_start: K_ASSERTIONS NUMBER ';'

  636 constraints_start: K_CONSTRAINTS NUMBER ';'

  637 constraint_rules: ε
  638                 | constraint_rules constraint_rule

  639 constraint_rule: operand_rule
  640                | wiredlogic_rule

  641 operand_rule: '-' operand delay_specs ';'

  642 $@107: ε

  643 operand: K_NET $@107 T_STRING

  644 $@108: ε

  645 operand: K_PATH $@108 T_STRING T_STRING T_STRING T_STRING
  646        | K_SUM '(' operand_list ')'
  647        | K_DIFF '(' operand_list ')'

  648 operand_list: operand
  649             | operand_list operand
  650             | operand_list ',' operand

  651 $@109: ε

  652 wiredlogic_rule: '-' K_WIREDLOGIC $@109 T_STRING opt_plus K_MAXDIST NUMBER ';'

  653 opt_plus: ε
  654         | '+'

  655 delay_specs: ε
  656            | delay_specs delay_spec

  657 delay_spec: '+' K_RISEMIN NUMBER
  658           | '+' K_RISEMAX NUMBER
  659           | '+' K_FALLMIN NUMBER
  660           | '+' K_FALLMAX NUMBER

  661 constraints_end: K_END K_CONSTRAINTS

  662 assertions_end: K_END K_ASSERTIONS

  663 scanchains_section: scanchain_start scanchain_rules scanchain_end

  664 scanchain_start: K_SCANCHAINS NUMBER ';'

  665 scanchain_rules: ε
  666                | scanchain_rules scan_rule

  667 scan_rule: start_scan scan_members ';'

  668 $@110: ε

  669 start_scan: '-' $@110 T_STRING

  670 scan_members: ε
  671             | scan_members scan_member

  672 opt_pin: ε
  673        | T_STRING

  674 $@111: ε

  675 scan_member: '+' K_START $@111 T_STRING opt_pin

  676 $@112: ε

  677 scan_member: '+' K_FLOATING $@112 floating_inst_list

  678 $@113: ε

  679 scan_member: '+' K_ORDERED $@113 ordered_inst_list

  680 $@114: ε

  681 scan_member: '+' K_STOP $@114 T_STRING opt_pin

  682 $@115: ε

  683 scan_member: '+' K_COMMONSCANPINS $@115 opt_common_pins

  684 $@116: ε

  685 scan_member: '+' K_PARTITION $@116 T_STRING partition_maxbits
  686            | extension_stmt

  687 opt_common_pins: ε
  688                | '(' T_STRING T_STRING ')'
  689                | '(' T_STRING T_STRING ')' '(' T_STRING T_STRING ')'

  690 floating_inst_list: ε
  691                   | floating_inst_list one_floating_inst

  692 $@117: ε

  693 one_floating_inst: T_STRING $@117 floating_pins

  694 floating_pins: ε
  695              | '(' T_STRING T_STRING ')'
  696              | '(' T_STRING T_STRING ')' '(' T_STRING T_STRING ')'
  697              | '(' T_STRING T_STRING ')' '(' T_STRING T_STRING ')' '(' T_STRING T_STRING ')'

  698 ordered_inst_list: ε
  699                  | ordered_inst_list one_ordered_inst

  700 $@118: ε

  701 one_ordered_inst: T_STRING $@118 ordered_pins

  702 ordered_pins: ε
  703             | '(' T_STRING T_STRING ')'
  704             | '(' T_STRING T_STRING ')' '(' T_STRING T_STRING ')'
  705             | '(' T_STRING T_STRING ')' '(' T_STRING T_STRING ')' '(' T_STRING T_STRING ')'

  706 partition_maxbits: ε
  707                  | K_MAXBITS NUMBER

  708 scanchain_end: K_END K_SCANCHAINS

  709 iotiming_section: iotiming_start iotiming_rules iotiming_end

  710 iotiming_start: K_IOTIMINGS NUMBER ';'

  711 iotiming_rules: ε
  712               | iotiming_rules iotiming_rule

  713 iotiming_rule: start_iotiming iotiming_members ';'

  714 $@119: ε

  715 start_iotiming: '-' '(' $@119 T_STRING T_STRING ')'

  716 iotiming_members: ε
  717                 | iotiming_members iotiming_member

  718 iotiming_member: '+' risefall K_VARIABLE NUMBER NUMBER
  719                | '+' risefall K_SLEWRATE NUMBER NUMBER
  720                | '+' K_CAPACITANCE NUMBER

  721 $@120: ε

  722 $@121: ε

  723 iotiming_member: '+' K_DRIVECELL $@120 T_STRING $@121 iotiming_drivecell_opt
  724                | extension_stmt

  725 $@122: ε

  726 $@123: ε

  727 iotiming_drivecell_opt: iotiming_frompin K_TOPIN $@122 T_STRING $@123 iotiming_parallel

  728 iotiming_frompin: ε

  729 $@124: ε

  730 iotiming_frompin: K_FROMPIN $@124 T_STRING

  731 iotiming_parallel: ε
  732                  | K_PARALLEL NUMBER

  733 risefall: K_RISE
  734         | K_FALL

  735 iotiming_end: K_END K_IOTIMINGS

  736 floorplan_contraints_section: fp_start fp_stmts K_END K_FPC

  737 fp_start: K_FPC NUMBER ';'

  738 fp_stmts: ε
  739         | fp_stmts fp_stmt

  740 $@125: ε

  741 $@126: ε

  742 fp_stmt: '-' $@125 T_STRING h_or_v $@126 constraint_type constrain_what_list ';'

  743 h_or_v: K_HORIZONTAL
  744       | K_VERTICAL

  745 constraint_type: K_ALIGN
  746                | K_MAX NUMBER
  747                | K_MIN NUMBER
  748                | K_EQUAL NUMBER

  749 constrain_what_list: ε
  750                    | constrain_what_list constrain_what

  751 $@127: ε

  752 constrain_what: '+' K_BOTTOMLEFT $@127 row_or_comp_list

  753 $@128: ε

  754 constrain_what: '+' K_TOPRIGHT $@128 row_or_comp_list

  755 row_or_comp_list: ε
  756                 | row_or_comp_list row_or_comp

  757 $@129: ε

  758 row_or_comp: '(' K_ROWS $@129 T_STRING ')'

  759 $@130: ε

  760 row_or_comp: '(' K_COMPS $@130 T_STRING ')'

  761 timingdisables_section: timingdisables_start timingdisables_rules timingdisables_end

  762 timingdisables_start: K_TIMINGDISABLES NUMBER ';'

  763 timingdisables_rules: ε
  764                     | timingdisables_rules timingdisables_rule

  765 $@131: ε

  766 $@132: ε

  767 timingdisables_rule: '-' K_FROMPIN $@131 T_STRING T_STRING K_TOPIN $@132 T_STRING T_STRING ';'

  768 $@133: ε

  769 timingdisables_rule: '-' K_THRUPIN $@133 T_STRING T_STRING ';'

  770 $@134: ε

  771 timingdisables_rule: '-' K_MACRO $@134 T_STRING td_macro_option ';'
  772                    | '-' K_REENTRANTPATHS ';'

  773 $@135: ε

  774 $@136: ε

  775 td_macro_option: K_FROMPIN $@135 T_STRING K_TOPIN $@136 T_STRING

  776 $@137: ε

  777 td_macro_option: K_THRUPIN $@137 T_STRING

  778 timingdisables_end: K_END K_TIMINGDISABLES

  779 partitions_section: partitions_start partition_rules partitions_end

  780 partitions_start: K_PARTITIONS NUMBER ';'

  781 partition_rules: ε
  782                | partition_rules partition_rule

  783 partition_rule: start_partition partition_members ';'

  784 $@138: ε

  785 start_partition: '-' $@138 T_STRING turnoff

  786 turnoff: ε
  787        | K_TURNOFF turnoff_setup turnoff_hold

  788 turnoff_setup: ε
  789              | K_SETUPRISE
  790              | K_SETUPFALL

  791 turnoff_hold: ε
  792             | K_HOLDRISE
  793             | K_HOLDFALL

  794 partition_members: ε
  795                  | partition_members partition_member

  796 $@139: ε

  797 partition_member: '+' K_FROMCLOCKPIN $@139 T_STRING T_STRING risefall minmaxpins

  798 $@140: ε

  799 partition_member: '+' K_FROMCOMPPIN $@140 T_STRING T_STRING risefallminmax2_list

  800 $@141: ε

  801 partition_member: '+' K_FROMIOPIN $@141 T_STRING risefallminmax1_list

  802 $@142: ε

  803 partition_member: '+' K_TOCLOCKPIN $@142 T_STRING T_STRING risefall minmaxpins

  804 $@143: ε

  805 partition_member: '+' K_TOCOMPPIN $@143 T_STRING T_STRING risefallminmax2_list

  806 $@144: ε

  807 partition_member: '+' K_TOIOPIN $@144 T_STRING risefallminmax1_list
  808                 | extension_stmt

  809 $@145: ε

  810 minmaxpins: min_or_max_list K_PINS $@145 pin_list

  811 min_or_max_list: ε
  812                | min_or_max_list min_or_max_member

  813 min_or_max_member: K_MIN NUMBER NUMBER
  814                  | K_MAX NUMBER NUMBER

  815 pin_list: ε
  816         | pin_list T_STRING

  817 risefallminmax1_list: ε
  818                     | risefallminmax1_list risefallminmax1

  819 risefallminmax1: K_RISEMIN NUMBER
  820                | K_FALLMIN NUMBER
  821                | K_RISEMAX NUMBER
  822                | K_FALLMAX NUMBER

  823 risefallminmax2_list: risefallminmax2
  824                     | risefallminmax2_list risefallminmax2

  825 risefallminmax2: K_RISEMIN NUMBER NUMBER
  826                | K_FALLMIN NUMBER NUMBER
  827                | K_RISEMAX NUMBER NUMBER
  828                | K_FALLMAX NUMBER NUMBER

  829 partitions_end: K_END K_PARTITIONS

  830 comp_names: ε
  831           | comp_names comp_name

  832 $@146: ε

  833 comp_name: '(' $@146 T_STRING T_STRING subnet_opt_syn ')'

  834 subnet_opt_syn: ε
  835               | '+' K_SYNTHESIZED

  836 subnet_options: ε
  837               | subnet_options subnet_option

  838 $@147: ε

  839 subnet_option: subnet_type $@147 paths

  840 $@148: ε

  841 subnet_option: K_NONDEFAULTRULE $@148 T_STRING

  842 subnet_type: K_FIXED
  843            | K_COVER
  844            | K_ROUTED
  845            | K_NOSHIELD

  846 pin_props_section: begin_pin_props pin_prop_list end_pin_props

  847 begin_pin_props: K_PINPROPERTIES NUMBER opt_semi

  848 opt_semi: ε
  849         | ';'

  850 end_pin_props: K_END K_PINPROPERTIES

  851 pin_prop_list: ε
  852              | pin_prop_list pin_prop_terminal

  853 $@149: ε

  854 $@150: ε

  855 pin_prop_terminal: '-' $@149 T_STRING T_STRING $@150 pin_prop_options ';'

  856 pin_prop_options: ε
  857                 | pin_prop_options pin_prop

  858 $@151: ε

  859 pin_prop: '+' K_PROPERTY $@151 pin_prop_name_value_list

  860 pin_prop_name_value_list: ε
  861                         | pin_prop_name_value_list pin_prop_name_value

  862 pin_prop_name_value: T_STRING NUMBER
  863                    | T_STRING QSTRING
  864                    | T_STRING T_STRING

  865 blockage_section: blockage_start blockage_defs blockage_end

  866 blockage_start: K_BLOCKAGES NUMBER ';'

  867 blockage_end: K_END K_BLOCKAGES

  868 blockage_defs: ε
  869              | blockage_defs blockage_def

  870 blockage_def: blockage_rule rectPoly_blockage rectPoly_blockage_rules ';'

  871 $@152: ε

  872 $@153: ε

  873 blockage_rule: '-' K_LAYER $@152 T_STRING $@153 layer_blockage_rules

  874 $@154: ε

  875 blockage_rule: '-' K_PLACEMENT $@154 placement_comp_rules

  876 layer_blockage_rules: ε
  877                     | layer_blockage_rules layer_blockage_rule

  878 layer_blockage_rule: '+' K_SPACING NUMBER
  879                    | '+' K_DESIGNRULEWIDTH NUMBER
  880                    | mask_blockage_rule
  881                    | comp_blockage_rule

  882 mask_blockage_rule: '+' K_MASK NUMBER

  883 $@155: ε

  884 comp_blockage_rule: '+' K_COMPONENT $@155 T_STRING
  885                   | '+' K_SLOTS
  886                   | '+' K_FILLS
  887                   | '+' K_PUSHDOWN
  888                   | '+' K_EXCEPTPGNET

  889 placement_comp_rules: ε
  890                     | placement_comp_rules placement_comp_rule

  891 $@156: ε

  892 placement_comp_rule: '+' K_COMPONENT $@156 T_STRING
  893                    | '+' K_PUSHDOWN
  894                    | '+' K_SOFT
  895                    | '+' K_PARTIAL NUMBER

  896 rectPoly_blockage_rules: ε
  897                        | rectPoly_blockage_rules rectPoly_blockage

  898 rectPoly_blockage: K_RECT pt pt

  899 $@157: ε

  900 rectPoly_blockage: K_POLYGON $@157 firstPt nextPt nextPt otherPts

  901 slot_section: slot_start slot_defs slot_end

  902 slot_start: K_SLOTS NUMBER ';'

  903 slot_end: K_END K_SLOTS

  904 slot_defs: ε
  905          | slot_defs slot_def

  906 slot_def: slot_rule geom_slot_rules ';'

  907 $@158: ε

  908 $@159: ε

  909 slot_rule: '-' K_LAYER $@158 T_STRING $@159 geom_slot

  910 geom_slot_rules: ε
  911                | geom_slot_rules geom_slot

  912 geom_slot: K_RECT pt pt

  913 $@160: ε

  914 geom_slot: K_POLYGON $@160 firstPt nextPt nextPt otherPts

  915 fill_section: fill_start fill_defs fill_end

  916 fill_start: K_FILLS NUMBER ';'

  917 fill_end: K_END K_FILLS

  918 fill_defs: ε
  919          | fill_defs fill_def

  920 fill_def: fill_rule geom_fill_rules ';'

  921 $@161: ε

  922 $@162: ε

  923 fill_def: '-' K_VIA $@161 T_STRING $@162 fill_via_mask_opc_opt fill_via_pt ';'

  924 $@163: ε

  925 $@164: ε

  926 fill_rule: '-' K_LAYER $@163 T_STRING $@164 fill_layer_mask_opc_opt geom_fill

  927 geom_fill_rules: ε
  928                | geom_fill_rules geom_fill

  929 geom_fill: K_RECT pt pt

  930 $@165: ε

  931 geom_fill: K_POLYGON $@165 firstPt nextPt nextPt otherPts

  932 fill_layer_mask_opc_opt: ε
  933                        | fill_layer_mask_opc_opt opt_mask_opc_l

  934 opt_mask_opc_l: fill_layer_opc
  935               | fill_mask

  936 fill_layer_opc: '+' K_OPC

  937 fill_via_pt: firstPt otherPts

  938 fill_via_mask_opc_opt: ε
  939                      | fill_via_mask_opc_opt opt_mask_opc

  940 opt_mask_opc: fill_via_opc
  941             | fill_viaMask

  942 fill_via_opc: '+' K_OPC

  943 fill_mask: '+' K_MASK NUMBER

  944 fill_viaMask: '+' K_MASK NUMBER

  945 nondefaultrule_section: nondefault_start nondefault_def nondefault_defs nondefault_end

  946 nondefault_start: K_NONDEFAULTRULES NUMBER ';'

  947 nondefault_end: K_END K_NONDEFAULTRULES

  948 nondefault_defs: ε
  949                | nondefault_defs nondefault_def

  950 $@166: ε

  951 $@167: ε

  952 nondefault_def: '-' $@166 T_STRING $@167 nondefault_options ';'

  953 nondefault_options: ε
  954                   | nondefault_options nondefault_option

  955 nondefault_option: '+' K_HARDSPACING

  956 $@168: ε

  957 $@169: ε

  958 nondefault_option: '+' K_LAYER $@168 T_STRING K_WIDTH NUMBER $@169 nondefault_layer_options

  959 $@170: ε

  960 nondefault_option: '+' K_VIA $@170 T_STRING

  961 $@171: ε

  962 nondefault_option: '+' K_VIARULE $@171 T_STRING

  963 $@172: ε

  964 nondefault_option: '+' K_MINCUTS $@172 T_STRING NUMBER
  965                  | nondefault_prop_opt

  966 nondefault_layer_options: ε
  967                         | nondefault_layer_options nondefault_layer_option

  968 nondefault_layer_option: K_DIAGWIDTH NUMBER
  969                        | K_SPACING NUMBER
  970                        | K_WIREEXT NUMBER

  971 $@173: ε

  972 nondefault_prop_opt: '+' K_PROPERTY $@173 nondefault_prop_list

  973 nondefault_prop_list: ε
  974                     | nondefault_prop_list nondefault_prop

  975 nondefault_prop: T_STRING NUMBER
  976                | T_STRING QSTRING
  977                | T_STRING T_STRING

  978 styles_section: styles_start styles_rules styles_end

  979 styles_start: K_STYLES NUMBER ';'

  980 styles_end: K_END K_STYLES

  981 styles_rules: ε
  982             | styles_rules styles_rule

  983 $@174: ε

  984 styles_rule: '-' K_STYLE NUMBER $@174 firstPt nextPt otherPts ';'


终结语词，附有它们出现处的规则

    $end (0) 0
    '(' (40) 142 277 278 279 280 389 393 395 397 479 483 484 485 486 487 488 489 490 491 492 493 494 495 646 647 688 689 695 696 697 703 704 705 715 758 760 833
    ')' (41) 142 277 278 279 280 389 393 395 397 479 483 484 485 486 487 488 489 490 491 492 493 494 495 646 647 688 689 695 696 697 703 704 705 715 758 760 833
    '*' (42) 278 279 280 318 395 484 485 486 488 489 490 492 493 494
    '+' (43) 122 125 127 128 130 132 133 134 137 140 142 144 145 146 147 149 151 152 154 155 222 246 257 260 262 265 268 269 270 272 282 296 297 336 338 341 351 355 357 363 365 369 370 372 373 374 375 376 400 404 405 406 408 410 411 412 413 414 415 416 418 421 424 428 430 445 506 507 531 533 536 537 538 541 543 546 547 548 549 551 552 553 554 555 556 558 573 575 578 614 616 618 654 657 658 659 660 675 677 679 681 683 685 718 719 720 723 752 754 797 799 801 803 805 807 835 859 878 879 882 884 885 886 887 888 892 893 894 895 936 942 943 944 955 958 960 962 964 972
    ',' (44) 650
    '-' (45) 122 253 290 316 385 608 641 652 669 715 742 767 769 771 772 785 855 873 875 909 923 926 952 984
    ';' (59) 4 6 7 51 54 56 58 65 67 69 71 73 75 77 79 81 82 92 93 94 96 98 108 113 116 122 214 229 244 248 253 285 290 305 307 313 379 382 524 600 603 606 635 636 641 652 664 667 710 713 737 742 762 767 769 771 772 780 783 849 855 866 870 902 906 916 920 923 946 952 979 984
    error (256) 10 82
    QSTRING <string> (258) 88 93 94 128 226 301 361 435 582 625 863 976
    T_STRING <string> (259) 4 51 54 56 58 65 67 69 71 73 75 77 79 81 89 96 98 122 127 130 132 137 140 142 149 151 154 210 214 225 226 227 243 253 257 260 262 265 272 290 300 301 302 310 316 319 336 338 340 347 355 360 361 362 365 372 387 389 393 395 397 410 418 421 428 434 435 436 445 448 463 468 469 470 471 472 473 474 475 502 536 541 543 546 551 573 575 578 581 582 583 598 608 611 621 624 625 626 643 645 652 669 673 675 681 685 688 689 693 695 696 697 701 703 704 705 715 723 727 730 742 758 760 767 769 771 775 777 785 797 799 801 803 805 807 816 833 841 855 862 863 864 873 884 892 909 923 926 952 958 960 962 964 975 976 977
    SITE_PATTERN <string> (260)
    NUMBER <dval> (261) 91 92 96 98 110 113 116 142 144 145 146 147 149 151 152 154 157 159 161 163 164 166 167 214 216 218 225 229 235 244 248 265 268 269 270 277 278 279 282 285 300 307 351 355 360 367 376 379 408 412 413 414 416 434 469 471 472 473 474 475 479 481 483 484 485 487 488 489 490 491 492 493 495 503 507 538 549 553 554 556 573 578 581 585 587 599 600 603 624 629 630 631 635 636 652 657 658 659 660 664 707 710 718 719 720 732 737 746 747 748 762 780 813 814 819 820 821 822 825 826 827 828 847 862 866 878 879 882 895 902 916 943 944 946 958 964 968 969 970 975 979 984
    K_HISTORY <keyword> (262) 59
    K_NAMESCASESENSITIVE <keyword> (263) 6 7
    K_DESIGN <keyword> (264) 51 52 65
    K_VIAS <keyword> (265) 248 283
    K_TECH <keyword> (266) 54
    K_UNITS <keyword> (267) 92
    K_ARRAY <keyword> (268) 56
    K_FLOORPLAN <keyword> (269) 58
    K_SITE <keyword> (270)
    K_CANPLACE <keyword> (271) 96
    K_CANNOTOCCUPY <keyword> (272) 98
    K_DIEAREA <keyword> (273) 108
    K_PINS <keyword> (274) 116 211 810
    K_DEFAULTCAP <keyword> (275) 110 114
    K_MINPINS <keyword> (276) 113
    K_WIRECAP <keyword> (277) 113
    K_TRACKS <keyword> (278) 230
    K_GCELLGRID <keyword> (279) 244
    K_DO <keyword> (280) 96 98 216 229 244 472 473 474 475
    K_BY <keyword> (281) 96 98 216 472 473 474 475
    K_STEP <keyword> (282) 96 98 218 229 244 472 473 474 475
    K_LAYER <keyword> (283) 137 149 151 154 210 240 448 873 909 926 958
    K_ROW <keyword> (284) 77 214
    K_RECT <keyword> (285) 257 465 479 543 898 912 929
    K_COMPS <keyword> (286) 307 377 760
    K_COMP_GEN <keyword> (287) 338
    K_SOURCE <keyword> (288) 341 405 547
    K_WEIGHT <keyword> (289) 376 412 553
    K_EEQMASTER <keyword> (290) 336
    K_FIXED <keyword> (291) 373 452 454 842
    K_COVER <keyword> (292) 374 453 455 843
    K_UNPLACED <keyword> (293) 369 370
    K_PLACED <keyword> (294) 375 451
    K_FOREIGN <keyword> (295) 365
    K_REGION <keyword> (296) 71 363 618
    K_REGIONS <keyword> (297) 284 285
    K_NETS <keyword> (298) 379 508
    K_START_NET <keyword> (299)
    K_MUSTJOIN <keyword> (300) 389
    K_ORIGINAL <keyword> (301) 410 551
    K_USE <keyword> (302) 133 415 555
    K_STYLE <keyword> (303) 416 503 507 556 984
    K_PATTERN <keyword> (304) 272 411 552
    K_PATTERNNAME <keyword> (305) 262
    K_ESTCAP <keyword> (306) 414 554
    K_ROUTED <keyword> (307) 456 844
    K_NEW <keyword> (308) 460 595
    K_SNETS <keyword> (309) 600 601
    K_SHAPE <keyword> (310) 506 537
    K_WIDTH <keyword> (311) 573 958
    K_VOLTAGE <keyword> (312) 575
    K_SPACING <keyword> (313) 163 166 578 878 969
    K_NONDEFAULTRULE <keyword> (314) 81 418 841
    K_NONDEFAULTRULES <keyword> (315) 946 947
    K_N <keyword> (316) 99 561
    K_S <keyword> (317) 101 563
    K_E <keyword> (318) 102 564
    K_W <keyword> (319) 100 562
    K_FN <keyword> (320) 103 565
    K_FE <keyword> (321) 106 568
    K_FS <keyword> (322) 105 567
    K_FW <keyword> (323) 104 566
    K_GROUPS <keyword> (324) 603 632
    K_GROUP <keyword> (325) 73
    K_SOFT <keyword> (326) 353 614 894
    K_MAXX <keyword> (327) 629
    K_MAXY <keyword> (328) 630
    K_MAXHALFPERIMETER <keyword> (329) 631
    K_CONSTRAINTS <keyword> (330) 636 661
    K_NET <keyword> (331) 67 122 643
    K_PATH <keyword> (332) 645
    K_SUM <keyword> (333) 646
    K_DIFF <keyword> (334) 647
    K_SCANCHAINS <keyword> (335) 664 708
    K_START <keyword> (336) 675
    K_FLOATING <keyword> (337) 677
    K_ORDERED <keyword> (338) 679
    K_STOP <keyword> (339) 681
    K_IN <keyword> (340)
    K_OUT <keyword> (341)
    K_RISEMIN <keyword> (342) 657 819 825
    K_RISEMAX <keyword> (343) 658 821 827
    K_FALLMIN <keyword> (344) 659 820 826
    K_FALLMAX <keyword> (345) 660 822 828
    K_WIREDLOGIC <keyword> (346) 591 652
    K_MAXDIST <keyword> (347) 652
    K_ASSERTIONS <keyword> (348) 635 662
    K_DISTANCE <keyword> (349) 92
    K_MICRONS <keyword> (350) 92
    K_END <keyword> (351) 52 61 114 211 283 284 377 508 601 632 661 662 708 735 736 778 829 850 867 903 917 947 980
    K_IOTIMINGS <keyword> (352) 710 735
    K_RISE <keyword> (353) 733
    K_FALL <keyword> (354) 734
    K_VARIABLE <keyword> (355) 718
    K_SLEWRATE <keyword> (356) 719
    K_CAPACITANCE <keyword> (357) 720
    K_DRIVECELL <keyword> (358) 723
    K_FROMPIN <keyword> (359) 730 767 775
    K_TOPIN <keyword> (360) 727 767 775
    K_PARALLEL <keyword> (361) 732
    K_TIMINGDISABLES <keyword> (362) 762 778
    K_THRUPIN <keyword> (363) 769 777
    K_MACRO <keyword> (364) 771
    K_PARTITIONS <keyword> (365) 780 829
    K_TURNOFF <keyword> (366) 787
    K_FROMCLOCKPIN <keyword> (367) 797
    K_FROMCOMPPIN <keyword> (368) 799
    K_FROMIOPIN <keyword> (369) 801
    K_TOCLOCKPIN <keyword> (370) 803
    K_TOCOMPPIN <keyword> (371) 805
    K_TOIOPIN <keyword> (372) 807
    K_SETUPRISE <keyword> (373) 789
    K_SETUPFALL <keyword> (374) 790
    K_HOLDRISE <keyword> (375) 792
    K_HOLDFALL <keyword> (376) 793
    K_VPIN <keyword> (377) 445
    K_SUBNET <keyword> (378) 428
    K_XTALK <keyword> (379) 413
    K_PIN <keyword> (380) 397
    K_SYNTHESIZED <keyword> (381) 400 835
    K_DEFINE <keyword> (382)
    K_DEFINES <keyword> (383)
    K_DEFINEB <keyword> (384)
    K_IF <keyword> (385)
    K_THEN <keyword> (386)
    K_ELSE <keyword> (387)
    K_FALSE <keyword> (388)
    K_TRUE <keyword> (389)
    K_EQ <keyword> (390)
    K_NE <keyword> (391)
    K_LE <keyword> (392)
    K_LT <keyword> (393)
    K_GE <keyword> (394)
    K_GT <keyword> (395)
    K_OR <keyword> (396)
    K_AND <keyword> (397)
    K_NOT <keyword> (398)
    K_SPECIAL <keyword> (399) 125
    K_DIRECTION <keyword> (400) 127
    K_RANGE <keyword> (401) 585 587
    K_FPC <keyword> (402) 736 737
    K_HORIZONTAL <keyword> (403) 743
    K_VERTICAL <keyword> (404) 744
    K_ALIGN <keyword> (405) 745
    K_MIN <keyword> (406) 747 813
    K_MAX <keyword> (407) 746 814
    K_EQUAL <keyword> (408) 748
    K_BOTTOMLEFT <keyword> (409) 752
    K_TOPRIGHT <keyword> (410) 754
    K_ROWS <keyword> (411) 758
    K_TAPER <keyword> (412) 500
    K_TAPERRULE <keyword> (413) 502
    K_VERSION <keyword> (414) 4
    K_DIVIDERCHAR <keyword> (415) 93
    K_BUSBITCHARS <keyword> (416) 94
    K_PROPERTYDEFINITIONS <keyword> (417) 61
    K_STRING <keyword> (418) 87 88
    K_REAL <keyword> (419) 86
    K_INTEGER <keyword> (420) 84
    K_PROPERTY <keyword> (421) 222 296 357 430 558 616 859 972
    K_BEGINEXT <keyword> (422) 245 246
    K_ENDEXT <keyword> (423)
    K_NAMEMAPSTRING <keyword> (424) 89
    K_ON <keyword> (425) 6
    K_OFF <keyword> (426) 7
    K_X <keyword> (427) 231
    K_Y <keyword> (428) 232
    K_COMPONENT <keyword> (429) 75 884 892
    K_MASK <keyword> (430) 157 159 161 235 282 469 471 472 475 479 481 538 882 943 944
    K_MASKSHIFT <keyword> (431) 372
    K_COMPSMASKSHIFT <keyword> (432) 305
    K_SAMEMASK <keyword> (433) 237
    K_PINPROPERTIES <keyword> (434) 847 850
    K_TEST <keyword> (435) 441
    K_COMMONSCANPINS <keyword> (436) 683
    K_SNET <keyword> (437) 69
    K_COMPONENTPIN <keyword> (438) 79
    K_REENTRANTPATHS <keyword> (439) 772
    K_SHIELD <keyword> (440) 536
    K_SHIELDNET <keyword> (441) 421
    K_NOSHIELD <keyword> (442) 424 845
    K_VIRTUAL <keyword> (443) 464
    K_ANTENNAPINPARTIALMETALAREA <keyword> (444) 144
    K_ANTENNAPINPARTIALMETALSIDEAREA <keyword> (445) 145
    K_ANTENNAPINGATEAREA <keyword> (446) 146
    K_ANTENNAPINDIFFAREA <keyword> (447) 147
    K_ANTENNAPINMAXAREACAR <keyword> (448) 149
    K_ANTENNAPINMAXSIDEAREACAR <keyword> (449) 151
    K_ANTENNAPINPARTIALCUTAREA <keyword> (450) 152
    K_ANTENNAPINMAXCUTCAR <keyword> (451) 154
    K_SIGNAL <keyword> (452) 200
    K_POWER <keyword> (453) 201
    K_GROUND <keyword> (454) 202
    K_CLOCK <keyword> (455) 203
    K_TIEOFF <keyword> (456) 204
    K_ANALOG <keyword> (457) 205
    K_SCAN <keyword> (458) 206
    K_RESET <keyword> (459) 207
    K_RING <keyword> (460) 509
    K_STRIPE <keyword> (461) 510
    K_FOLLOWPIN <keyword> (462) 511
    K_IOWIRE <keyword> (463) 512
    K_COREWIRE <keyword> (464) 513
    K_BLOCKWIRE <keyword> (465) 514
    K_FILLWIRE <keyword> (466) 515
    K_BLOCKAGEWIRE <keyword> (467) 518
    K_PADRING <keyword> (468) 519
    K_BLOCKRING <keyword> (469) 520
    K_BLOCKAGES <keyword> (470) 866 867
    K_PLACEMENT <keyword> (471) 875
    K_SLOTS <keyword> (472) 885 902 903
    K_FILLS <keyword> (473) 886 916 917
    K_PUSHDOWN <keyword> (474) 887 893
    K_NETLIST <keyword> (475) 342 437
    K_DIST <keyword> (476) 343 438
    K_USER <keyword> (477) 344 439
    K_TIMING <keyword> (478) 345 440
    K_BALANCED <keyword> (479) 588
    K_STEINER <keyword> (480) 589
    K_TRUNK <keyword> (481) 590
    K_FIXEDBUMP <keyword> (482) 406 548
    K_FENCE <keyword> (483) 303
    K_FREQUENCY <keyword> (484) 408 549
    K_GUIDE <keyword> (485) 304
    K_MAXBITS <keyword> (486) 707
    K_PARTITION <keyword> (487) 685
    K_TYPE <keyword> (488) 297
    K_ANTENNAMODEL <keyword> (489) 155
    K_DRCFILL <keyword> (490) 517
    K_OXIDE1 <keyword> (491) 168
    K_OXIDE2 <keyword> (492) 169
    K_OXIDE3 <keyword> (493) 170
    K_OXIDE4 <keyword> (494) 171
    K_OXIDE5 <keyword> (495) 172
    K_OXIDE6 <keyword> (496) 173
    K_OXIDE7 <keyword> (497) 174
    K_OXIDE8 <keyword> (498) 175
    K_OXIDE9 <keyword> (499) 176
    K_OXIDE10 <keyword> (500) 177
    K_OXIDE11 <keyword> (501) 178
    K_OXIDE12 <keyword> (502) 179
    K_OXIDE13 <keyword> (503) 180
    K_OXIDE14 <keyword> (504) 181
    K_OXIDE15 <keyword> (505) 182
    K_OXIDE16 <keyword> (506) 183
    K_OXIDE17 <keyword> (507) 184
    K_OXIDE18 <keyword> (508) 185
    K_OXIDE19 <keyword> (509) 186
    K_OXIDE20 <keyword> (510) 187
    K_OXIDE21 <keyword> (511) 188
    K_OXIDE22 <keyword> (512) 189
    K_OXIDE23 <keyword> (513) 190
    K_OXIDE24 <keyword> (514) 191
    K_OXIDE25 <keyword> (515) 192
    K_OXIDE26 <keyword> (516) 193
    K_OXIDE27 <keyword> (517) 194
    K_OXIDE28 <keyword> (518) 195
    K_OXIDE29 <keyword> (519) 196
    K_OXIDE30 <keyword> (520) 197
    K_OXIDE31 <keyword> (521) 198
    K_OXIDE32 <keyword> (522) 199
    K_CUTSIZE <keyword> (523) 265
    K_CUTSPACING <keyword> (524) 265
    K_DESIGNRULEWIDTH <keyword> (525) 164 167 879
    K_DIAGWIDTH <keyword> (526) 968
    K_ENCLOSURE <keyword> (527) 265
    K_HALO <keyword> (528) 351
    K_GROUNDSENSITIVITY <keyword> (529) 132
    K_HARDSPACING <keyword> (530) 955
    K_LAYERS <keyword> (531) 265
    K_MINCUTS <keyword> (532) 964
    K_NETEXPR <keyword> (533) 128
    K_OFFSET <keyword> (534) 270
    K_ORIGIN <keyword> (535) 269
    K_ROWCOL <keyword> (536) 268
    K_STYLES <keyword> (537) 979 980
    K_POLYGON <keyword> (538) 140 260 541 900 914 931
    K_PORT <keyword> (539) 134
    K_SUPPLYSENSITIVITY <keyword> (540) 130
    K_VIA <keyword> (541) 142 546 923 960
    K_VIARULE <keyword> (542) 265 962
    K_WIREEXT <keyword> (543) 970
    K_EXCEPTPGNET <keyword> (544) 888
    K_FILLWIREOPC <keyword> (545) 516
    K_OPC <keyword> (546) 936 942
    K_PARTIAL <keyword> (547) 895
    K_ROUTEHALO <keyword> (548) 355


非终结语词，附有它们出现处的规则

    $accept (301)
        on left: 0
    def_file (302)
        on left: 1
        on right: 0
    version_stmt (303)
        on left: 2 4
        on right: 1
    $@1 (304)
        on left: 3
        on right: 4
    case_sens_stmt (305)
        on left: 5 6 7
        on right: 1
    rules (306)
        on left: 8 9 10
        on right: 1 9
    rule (307)
        on left: 11 12 13 14 15 16 17 18 19 20 21 22 23 24 25 26 27 28 29 30 31 32
        on right: 9
    design_section (308)
        on left: 33 34 35 36 37 38 39 40 41 42 43 44 45 46 47 48 49
        on right: 11
    design_name (309)
        on left: 51
        on right: 37
    $@2 (310)
        on left: 50
        on right: 51
    end_design (311)
        on left: 52
        on right: 1
    tech_name (312)
        on left: 54
        on right: 47
    $@3 (313)
        on left: 53
        on right: 54
    array_name (314)
        on left: 56
        on right: 33
    $@4 (315)
        on left: 55
        on right: 56
    floorplan_name (316)
        on left: 58
        on right: 40
    $@5 (317)
        on left: 57
        on right: 58
    history (318)
        on left: 59
        on right: 42
    prop_def_section (319)
        on left: 61
        on right: 45
    $@6 (320)
        on left: 60
        on right: 61
    property_defs (321)
        on left: 62 63
        on right: 61 63
    property_def (322)
        on left: 65 67 69 71 73 75 77 79 81 82
        on right: 63
    $@7 (323)
        on left: 64
        on right: 65
    $@8 (324)
        on left: 66
        on right: 67
    $@9 (325)
        on left: 68
        on right: 69
    $@10 (326)
        on left: 70
        on right: 71
    $@11 (327)
        on left: 72
        on right: 73
    $@12 (328)
        on left: 74
        on right: 75
    $@13 (329)
        on left: 76
        on right: 77
    $@14 (330)
        on left: 78
        on right: 79
    $@15 (331)
        on left: 80
        on right: 81
    property_type_and_val (332)
        on left: 84 86 87 88 89
        on right: 65 67 69 71 73 75 77 79 81
    $@16 (333)
        on left: 83
        on right: 84
    $@17 (334)
        on left: 85
        on right: 86
    opt_num_val (335)
        on left: 90 91
        on right: 84 86
    units (336)
        on left: 92
        on right: 49
    divider_char (337)
        on left: 93
        on right: 39
    bus_bit_chars (338)
        on left: 94
        on right: 34
    canplace (339)
        on left: 96
        on right: 35
    $@18 (340)
        on left: 95
        on right: 96
    cannotoccupy (341)
        on left: 98
        on right: 36
    $@19 (342)
        on left: 97
        on right: 98
    orient <integer> (343)
        on left: 99 100 101 102 103 104 105 106
        on right: 96 98 143 214 365 368 370 450 470 471 474 475
    die_area (344)
        on left: 108
        on right: 38
    $@20 (345)
        on left: 107
        on right: 108
    pin_cap_rule (346)
        on left: 109
        on right: 43
    start_def_cap (347)
        on left: 110
        on right: 109
    pin_caps (348)
        on left: 111 112
        on right: 109 112
    pin_cap (349)
        on left: 113
        on right: 112
    end_def_cap (350)
        on left: 114
        on right: 109
    pin_rule (351)
        on left: 115
        on right: 44
    start_pins (352)
        on left: 116
        on right: 115
    pins (353)
        on left: 117 118
        on right: 115 118
    pin (354)
        on left: 122
        on right: 118
    $@21 (355)
        on left: 119
        on right: 122
    $@22 (356)
        on left: 120
        on right: 122
    $@23 (357)
        on left: 121
        on right: 122
    pin_options (358)
        on left: 123 124
        on right: 122 124
    pin_option (359)
        on left: 125 126 127 128 130 132 133 134 137 140 142 143 144 145 146 147 149 151 152 154 155
        on right: 124
    $@24 (360)
        on left: 129
        on right: 130
    $@25 (361)
        on left: 131
        on right: 132
    $@26 (362)
        on left: 135
        on right: 137
    $@27 (363)
        on left: 136
        on right: 137
    $@28 (364)
        on left: 138
        on right: 140
    $@29 (365)
        on left: 139
        on right: 140
    $@30 (366)
        on left: 141
        on right: 142
    $@31 (367)
        on left: 148
        on right: 149
    $@32 (368)
        on left: 150
        on right: 151
    $@33 (369)
        on left: 153
        on right: 154
    pin_layer_mask_opt (370)
        on left: 156 157
        on right: 137
    pin_via_mask_opt <integer> (371)
        on left: 158 159
        on right: 142
    pin_poly_mask_opt (372)
        on left: 160 161
        on right: 140
    pin_layer_spacing_opt (373)
        on left: 162 163 164
        on right: 137
    pin_poly_spacing_opt (374)
        on left: 165 166 167
        on right: 140
    pin_oxide (375)
        on left: 168 169 170 171 172 173 174 175 176 177 178 179 180 181 182 183 184 185 186 187 188 189 190 191 192 193 194 195 196 197 198 199
        on right: 155
    use_type <string> (376)
        on left: 200 201 202 203 204 205 206 207
        on right: 133 415 555
    pin_layer_opt <string> (377)
        on left: 208 210
        on right: 144 145 146 147 152
    $@34 (378)
        on left: 209
        on right: 210
    end_pins (379)
        on left: 211
        on right: 115
    row_rule (380)
        on left: 214
        on right: 46
    $@35 (381)
        on left: 212
        on right: 214
    $@36 (382)
        on left: 213
        on right: 214
    row_do_option (383)
        on left: 215 216
        on right: 214
    row_step_option (384)
        on left: 217 218
        on right: 216
    row_options (385)
        on left: 219 220
        on right: 214 220
    row_option (386)
        on left: 222
        on right: 220
    $@37 (387)
        on left: 221
        on right: 222
    row_prop_list (388)
        on left: 223 224
        on right: 222 224
    row_prop (389)
        on left: 225 226 227
        on right: 224
    tracks_rule (390)
        on left: 229
        on right: 48
    $@38 (391)
        on left: 228
        on right: 229
    track_start <string> (392)
        on left: 230
        on right: 229
    track_type <string> (393)
        on left: 231 232
        on right: 230 244
    track_opts (394)
        on left: 233
        on right: 229
    track_mask_statement (395)
        on left: 234 235
        on right: 233
    same_mask <integer> (396)
        on left: 236 237
        on right: 235
    track_layer_statement (397)
        on left: 238 240
        on right: 233
    $@39 (398)
        on left: 239
        on right: 240
    track_layers (399)
        on left: 241 242
        on right: 240 242
    track_layer (400)
        on left: 243
        on right: 240 242
    gcellgrid (401)
        on left: 244
        on right: 41
    extension_section (402)
        on left: 245
        on right: 16
    extension_stmt (403)
        on left: 246
        on right: 126 267 334 399 431 559 619 686 724 808
    via_section (404)
        on left: 247
        on right: 32
    via (405)
        on left: 248
        on right: 247
    via_declarations (406)
        on left: 249 250
        on right: 247 250
    via_declaration (407)
        on left: 253
        on right: 250
    $@40 (408)
        on left: 251
        on right: 253
    $@41 (409)
        on left: 252
        on right: 253
    layer_stmts (410)
        on left: 254 255
        on right: 253 255
    layer_stmt (411)
        on left: 257 260 262 265 266 267
        on right: 255
    $@42 (412)
        on left: 256
        on right: 257
    $@43 (413)
        on left: 258
        on right: 260
    $@44 (414)
        on left: 259
        on right: 260
    $@45 (415)
        on left: 261
        on right: 262
    $@46 (416)
        on left: 263
        on right: 265
    $@47 (417)
        on left: 264
        on right: 265
    layer_viarule_opts (418)
        on left: 268 269 270 272
        on right: 266
    $@48 (419)
        on left: 271
        on right: 272
    firstPt (420)
        on left: 273
        on right: 108 140 260 541 546 900 914 931 937 984
    nextPt (421)
        on left: 274
        on right: 108 140 260 276 541 900 914 931 984
    otherPts (422)
        on left: 275 276
        on right: 108 140 260 276 541 546 900 914 931 937 984
    pt <pt> (423)
        on left: 277 278 279 280
        on right: 137 143 257 273 274 291 292 348 349 366 368 370 443 450 543 620 898 912 929
    mask <integer> (424)
        on left: 281 282
        on right: 257 260
    via_end (425)
        on left: 283
        on right: 247
    regions_section (426)
        on left: 284
        on right: 26
    regions_start (427)
        on left: 285
        on right: 284
    regions_stmts (428)
        on left: 286 287
        on right: 284 287
    regions_stmt (429)
        on left: 290
        on right: 287
    $@49 (430)
        on left: 288
        on right: 290
    $@50 (431)
        on left: 289
        on right: 290
    rect_list (432)
        on left: 291 292
        on right: 290 292
    region_options (433)
        on left: 293 294
        on right: 290 294
    region_option (434)
        on left: 296 297
        on right: 294
    $@51 (435)
        on left: 295
        on right: 296
    region_prop_list (436)
        on left: 298 299
        on right: 296 299
    region_prop (437)
        on left: 300 301 302
        on right: 299
    region_type <string> (438)
        on left: 303 304
        on right: 297
    comps_maskShift_section (439)
        on left: 305
        on right: 18
    comps_section (440)
        on left: 306
        on right: 14
    start_comps (441)
        on left: 307
        on right: 306
    layer_statement (442)
        on left: 308 309
        on right: 305 309
    maskLayer (443)
        on left: 310
        on right: 309
    comps_rule (444)
        on left: 311 312
        on right: 306 312
    comp (445)
        on left: 313
        on right: 312
    comp_start (446)
        on left: 314
        on right: 313
    comp_id_and_name (447)
        on left: 316
        on right: 314
    $@52 (448)
        on left: 315
        on right: 316
    comp_net_list <integer> (449)
        on left: 317 318 319
        on right: 314 318 319
    comp_options (450)
        on left: 320 321
        on right: 313 321
    comp_option (451)
        on left: 322 323 324 325 326 327 328 329 330 331 332 333
        on right: 321
    comp_extension_stmt (452)
        on left: 334
        on right: 333
    comp_eeq (453)
        on left: 336
        on right: 329
    $@53 (454)
        on left: 335
        on right: 336
    comp_generate (455)
        on left: 338
        on right: 322
    $@54 (456)
        on left: 337
        on right: 338
    opt_pattern <string> (457)
        on left: 339 340
        on right: 338
    comp_source (458)
        on left: 341
        on right: 323
    source_type <string> (459)
        on left: 342 343 344 345
        on right: 341 547
    comp_region (460)
        on left: 346 347
        on right: 328
    comp_pnt_list (461)
        on left: 348 349
        on right: 346 349
    comp_halo (462)
        on left: 351
        on right: 330
    $@55 (463)
        on left: 350
        on right: 351
    halo_soft (464)
        on left: 352 353
        on right: 351
    comp_routehalo (465)
        on left: 355
        on right: 331
    $@56 (466)
        on left: 354
        on right: 355
    comp_property (467)
        on left: 357
        on right: 332
    $@57 (468)
        on left: 356
        on right: 357
    comp_prop_list (469)
        on left: 358 359
        on right: 357 359
    comp_prop (470)
        on left: 360 361 362
        on right: 358 359
    comp_region_start (471)
        on left: 363
        on right: 346 347
    comp_foreign (472)
        on left: 365
        on right: 327
    $@58 (473)
        on left: 364
        on right: 365
    opt_paren <pt> (474)
        on left: 366 367
        on right: 365
    comp_type (475)
        on left: 368 369 370
        on right: 324
    maskShift (476)
        on left: 372
        on right: 326
    $@59 (477)
        on left: 371
        on right: 372
    placement_status <integer> (478)
        on left: 373 374 375
        on right: 143 368
    weight (479)
        on left: 376
        on right: 325
    end_comps (480)
        on left: 377
        on right: 306
    nets_section (481)
        on left: 378
        on right: 22
    start_nets (482)
        on left: 379
        on right: 378
    net_rules (483)
        on left: 380 381
        on right: 378 381
    one_net (484)
        on left: 382
        on right: 381
    net_and_connections (485)
        on left: 383
        on right: 382 524
    net_start (486)
        on left: 385
        on right: 383
    $@60 (487)
        on left: 384
        on right: 385
    net_name (488)
        on left: 387 389
        on right: 385
    $@61 (489)
        on left: 386
        on right: 387
    $@62 (490)
        on left: 388
        on right: 389
    net_connections (491)
        on left: 390 391
        on right: 387 391
    net_connection (492)
        on left: 393 395 397
        on right: 391
    $@63 (493)
        on left: 392
        on right: 393
    $@64 (494)
        on left: 394
        on right: 395
    $@65 (495)
        on left: 396
        on right: 397
    conn_opt <integer> (496)
        on left: 398 399 400
        on right: 393 395 397
    net_options (497)
        on left: 401 402
        on right: 382 402
    net_option (498)
        on left: 404 405 406 408 410 411 412 413 414 415 416 418 419 421 424 428 430 431
        on right: 402
    $@66 (499)
        on left: 403
        on right: 404
    $@67 (500)
        on left: 407
        on right: 408
    $@68 (501)
        on left: 409
        on right: 410
    $@69 (502)
        on left: 417
        on right: 418
    $@70 (503)
        on left: 420
        on right: 421
    $@71 (504)
        on left: 422
        on right: 424
    $@72 (505)
        on left: 423
        on right: 424
    $@73 (506)
        on left: 425
        on right: 428
    $@74 (507)
        on left: 426
        on right: 428
    $@75 (508)
        on left: 427
        on right: 428
    $@76 (509)
        on left: 429
        on right: 430
    net_prop_list (510)
        on left: 432 433
        on right: 430 433
    net_prop (511)
        on left: 434 435 436
        on right: 432 433
    netsource_type <string> (512)
        on left: 437 438 439 440 441
        on right: 405
    vpin_stmt (513)
        on left: 443
        on right: 419
    $@77 (514)
        on left: 442
        on right: 443
    vpin_begin (515)
        on left: 445
        on right: 443
    $@78 (516)
        on left: 444
        on right: 445
    vpin_layer_opt (517)
        on left: 446 448
        on right: 443
    $@79 (518)
        on left: 447
        on right: 448
    vpin_options (519)
        on left: 449 450
        on right: 443
    vpin_status <string> (520)
        on left: 451 452 453
        on right: 450
    net_type <string> (521)
        on left: 454 455 456
        on right: 404 531 533
    paths <tk> (522)
        on left: 457 458
        on right: 404 424 458 839
    new_path <tk> (523)
        on left: 460
        on right: 458
    $@80 (524)
        on left: 459
        on right: 460
    path <tk> (525)
        on left: 463
        on right: 457 460
    $@81 (526)
        on left: 461
        on right: 463
    $@82 (527)
        on left: 462
        on right: 463
    virtual_statement (528)
        on left: 464
        on right: 476
    rect_statement (529)
        on left: 465
        on right: 477
    path_item_list (530)
        on left: 466 467
        on right: 463 467 598
    path_item (531)
        on left: 468 469 470 471 472 473 474 475 476 477 479 481 482
        on right: 467
    $@83 (532)
        on left: 478
        on right: 479
    $@84 (533)
        on left: 480
        on right: 481
    path_pt (534)
        on left: 483 484 485 486 487 488 489 490
        on right: 463 481 482 598
    virtual_pt (535)
        on left: 491 492 493 494
        on right: 464
    rect_pts (536)
        on left: 495
        on right: 465
    opt_taper_style_s (537)
        on left: 496 497
        on right: 463 497
    opt_taper_style (538)
        on left: 498 499
        on right: 497
    opt_taper (539)
        on left: 500 502
        on right: 499
    $@85 (540)
        on left: 501
        on right: 502
    opt_style (541)
        on left: 503
        on right: 498
    opt_spaths (542)
        on left: 504 505
        on right: 505 598
    opt_shape_style (543)
        on left: 506 507
        on right: 505
    end_nets (544)
        on left: 508
        on right: 378
    shape_type <string> (545)
        on left: 509 510 511 512 513 514 515 516 517 518 519 520
        on right: 506 537
    snets_section (546)
        on left: 521
        on right: 29
    snet_rules (547)
        on left: 522 523
        on right: 521 523
    snet_rule (548)
        on left: 524
        on right: 523
    snet_options (549)
        on left: 525 526
        on right: 524 526
    snet_option (550)
        on left: 527 528 529 530
        on right: 526
    snet_other_option (551)
        on left: 531 533 536 537 538 541 543 546 547 548 549 551 552 553 554 555 556 558 559
        on right: 530
    $@86 (552)
        on left: 532
        on right: 533
    $@87 (553)
        on left: 534
        on right: 536
    $@88 (554)
        on left: 535
        on right: 536
    $@89 (555)
        on left: 539
        on right: 541
    $@90 (556)
        on left: 540
        on right: 541
    $@91 (557)
        on left: 542
        on right: 543
    $@92 (558)
        on left: 544
        on right: 546
    $@93 (559)
        on left: 545
        on right: 546
    $@94 (560)
        on left: 550
        on right: 551
    $@95 (561)
        on left: 557
        on right: 558
    orient_pt <integer> (562)
        on left: 560 561 562 563 564 565 566 567 568
        on right: 546
    shield_layer (563)
        on left: 569 571
        on right: 536
    $@96 (564)
        on left: 570
        on right: 571
    snet_width (565)
        on left: 573
        on right: 527
    $@97 (566)
        on left: 572
        on right: 573
    snet_voltage (567)
        on left: 575
        on right: 528
    $@98 (568)
        on left: 574
        on right: 575
    snet_spacing (569)
        on left: 578
        on right: 529
    $@99 (570)
        on left: 576
        on right: 578
    $@100 (571)
        on left: 577
        on right: 578
    snet_prop_list (572)
        on left: 579 580
        on right: 558 580
    snet_prop (573)
        on left: 581 582 583
        on right: 579 580
    opt_snet_range (574)
        on left: 584 585
        on right: 578
    opt_range (575)
        on left: 586 587
        on right: 84 86
    pattern_type <string> (576)
        on left: 588 589 590 591
        on right: 411 552
    spaths (577)
        on left: 592 593
        on right: 533 571 593
    snew_path (578)
        on left: 595
        on right: 593
    $@101 (579)
        on left: 594
        on right: 595
    spath (580)
        on left: 598
        on right: 592 595
    $@102 (581)
        on left: 596
        on right: 598
    $@103 (582)
        on left: 597
        on right: 598
    width (583)
        on left: 599
        on right: 598
    start_snets (584)
        on left: 600
        on right: 521
    end_snets (585)
        on left: 601
        on right: 521
    groups_section (586)
        on left: 602
        on right: 20
    groups_start (587)
        on left: 603
        on right: 602
    group_rules (588)
        on left: 604 605
        on right: 602 605
    group_rule (589)
        on left: 606
        on right: 605
    start_group (590)
        on left: 608
        on right: 606
    $@104 (591)
        on left: 607
        on right: 608
    group_members (592)
        on left: 609 610
        on right: 606 610
    group_member (593)
        on left: 611
        on right: 610
    group_options (594)
        on left: 612 613
        on right: 606 613
    group_option (595)
        on left: 614 616 618 619
        on right: 613
    $@105 (596)
        on left: 615
        on right: 616
    $@106 (597)
        on left: 617
        on right: 618
    group_region (598)
        on left: 620 621
        on right: 618
    group_prop_list (599)
        on left: 622 623
        on right: 616 623
    group_prop (600)
        on left: 624 625 626
        on right: 623
    group_soft_options (601)
        on left: 627 628
        on right: 614 628
    group_soft_option (602)
        on left: 629 630 631
        on right: 628
    groups_end (603)
        on left: 632
        on right: 602
    assertions_section (604)
        on left: 633
        on right: 12
    constraint_section (605)
        on left: 634
        on right: 15
    assertions_start (606)
        on left: 635
        on right: 633
    constraints_start (607)
        on left: 636
        on right: 634
    constraint_rules (608)
        on left: 637 638
        on right: 633 634 638
    constraint_rule (609)
        on left: 639 640
        on right: 638
    operand_rule (610)
        on left: 641
        on right: 639
    operand (611)
        on left: 643 645 646 647
        on right: 641 648 649 650
    $@107 (612)
        on left: 642
        on right: 643
    $@108 (613)
        on left: 644
        on right: 645
    operand_list (614)
        on left: 648 649 650
        on right: 646 647 649 650
    wiredlogic_rule (615)
        on left: 652
        on right: 640
    $@109 (616)
        on left: 651
        on right: 652
    opt_plus <string> (617)
        on left: 653 654
        on right: 652
    delay_specs (618)
        on left: 655 656
        on right: 641 656
    delay_spec (619)
        on left: 657 658 659 660
        on right: 656
    constraints_end (620)
        on left: 661
        on right: 634
    assertions_end (621)
        on left: 662
        on right: 633
    scanchains_section (622)
        on left: 663
        on right: 27
    scanchain_start (623)
        on left: 664
        on right: 663
    scanchain_rules (624)
        on left: 665 666
        on right: 663 666
    scan_rule (625)
        on left: 667
        on right: 666
    start_scan (626)
        on left: 669
        on right: 667
    $@110 (627)
        on left: 668
        on right: 669
    scan_members (628)
        on left: 670 671
        on right: 667 671
    opt_pin <string> (629)
        on left: 672 673
        on right: 675 681
    scan_member (630)
        on left: 675 677 679 681 683 685 686
        on right: 671
    $@111 (631)
        on left: 674
        on right: 675
    $@112 (632)
        on left: 676
        on right: 677
    $@113 (633)
        on left: 678
        on right: 679
    $@114 (634)
        on left: 680
        on right: 681
    $@115 (635)
        on left: 682
        on right: 683
    $@116 (636)
        on left: 684
        on right: 685
    opt_common_pins (637)
        on left: 687 688 689
        on right: 683
    floating_inst_list (638)
        on left: 690 691
        on right: 677 691
    one_floating_inst (639)
        on left: 693
        on right: 691
    $@117 (640)
        on left: 692
        on right: 693
    floating_pins (641)
        on left: 694 695 696 697
        on right: 693
    ordered_inst_list (642)
        on left: 698 699
        on right: 679 699
    one_ordered_inst (643)
        on left: 701
        on right: 699
    $@118 (644)
        on left: 700
        on right: 701
    ordered_pins (645)
        on left: 702 703 704 705
        on right: 701
    partition_maxbits <integer> (646)
        on left: 706 707
        on right: 685
    scanchain_end (647)
        on left: 708
        on right: 663
    iotiming_section (648)
        on left: 709
        on right: 21
    iotiming_start (649)
        on left: 710
        on right: 709
    iotiming_rules (650)
        on left: 711 712
        on right: 709 712
    iotiming_rule (651)
        on left: 713
        on right: 712
    start_iotiming (652)
        on left: 715
        on right: 713
    $@119 (653)
        on left: 714
        on right: 715
    iotiming_members (654)
        on left: 716 717
        on right: 713 717
    iotiming_member (655)
        on left: 718 719 720 723 724
        on right: 717
    $@120 (656)
        on left: 721
        on right: 723
    $@121 (657)
        on left: 722
        on right: 723
    iotiming_drivecell_opt (658)
        on left: 727
        on right: 723
    $@122 (659)
        on left: 725
        on right: 727
    $@123 (660)
        on left: 726
        on right: 727
    iotiming_frompin (661)
        on left: 728 730
        on right: 727
    $@124 (662)
        on left: 729
        on right: 730
    iotiming_parallel (663)
        on left: 731 732
        on right: 727
    risefall <string> (664)
        on left: 733 734
        on right: 718 719 797 803
    iotiming_end (665)
        on left: 735
        on right: 709
    floorplan_contraints_section (666)
        on left: 736
        on right: 19
    fp_start (667)
        on left: 737
        on right: 736
    fp_stmts (668)
        on left: 738 739
        on right: 736 739
    fp_stmt (669)
        on left: 742
        on right: 739
    $@125 (670)
        on left: 740
        on right: 742
    $@126 (671)
        on left: 741
        on right: 742
    h_or_v <string> (672)
        on left: 743 744
        on right: 742
    constraint_type (673)
        on left: 745 746 747 748
        on right: 742
    constrain_what_list (674)
        on left: 749 750
        on right: 742 750
    constrain_what (675)
        on left: 752 754
        on right: 750
    $@127 (676)
        on left: 751
        on right: 752
    $@128 (677)
        on left: 753
        on right: 754
    row_or_comp_list (678)
        on left: 755 756
        on right: 752 754 756
    row_or_comp (679)
        on left: 758 760
        on right: 756
    $@129 (680)
        on left: 757
        on right: 758
    $@130 (681)
        on left: 759
        on right: 760
    timingdisables_section (682)
        on left: 761
        on right: 31
    timingdisables_start (683)
        on left: 762
        on right: 761
    timingdisables_rules (684)
        on left: 763 764
        on right: 761 764
    timingdisables_rule (685)
        on left: 767 769 771 772
        on right: 764
    $@131 (686)
        on left: 765
        on right: 767
    $@132 (687)
        on left: 766
        on right: 767
    $@133 (688)
        on left: 768
        on right: 769
    $@134 (689)
        on left: 770
        on right: 771
    td_macro_option (690)
        on left: 775 777
        on right: 771
    $@135 (691)
        on left: 773
        on right: 775
    $@136 (692)
        on left: 774
        on right: 775
    $@137 (693)
        on left: 776
        on right: 777
    timingdisables_end (694)
        on left: 778
        on right: 761
    partitions_section (695)
        on left: 779
        on right: 24
    partitions_start (696)
        on left: 780
        on right: 779
    partition_rules (697)
        on left: 781 782
        on right: 779 782
    partition_rule (698)
        on left: 783
        on right: 782
    start_partition (699)
        on left: 785
        on right: 783
    $@138 (700)
        on left: 784
        on right: 785
    turnoff (701)
        on left: 786 787
        on right: 785
    turnoff_setup <string> (702)
        on left: 788 789 790
        on right: 787
    turnoff_hold <string> (703)
        on left: 791 792 793
        on right: 787
    partition_members (704)
        on left: 794 795
        on right: 783 795
    partition_member (705)
        on left: 797 799 801 803 805 807 808
        on right: 795
    $@139 (706)
        on left: 796
        on right: 797
    $@140 (707)
        on left: 798
        on right: 799
    $@141 (708)
        on left: 800
        on right: 801
    $@142 (709)
        on left: 802
        on right: 803
    $@143 (710)
        on left: 804
        on right: 805
    $@144 (711)
        on left: 806
        on right: 807
    minmaxpins (712)
        on left: 810
        on right: 797 803
    $@145 (713)
        on left: 809
        on right: 810
    min_or_max_list (714)
        on left: 811 812
        on right: 810 812
    min_or_max_member (715)
        on left: 813 814
        on right: 812
    pin_list (716)
        on left: 815 816
        on right: 810 816
    risefallminmax1_list (717)
        on left: 817 818
        on right: 801 807 818
    risefallminmax1 (718)
        on left: 819 820 821 822
        on right: 818
    risefallminmax2_list (719)
        on left: 823 824
        on right: 799 805 824
    risefallminmax2 (720)
        on left: 825 826 827 828
        on right: 823 824
    partitions_end (721)
        on left: 829
        on right: 779
    comp_names (722)
        on left: 830 831
        on right: 428 831
    comp_name (723)
        on left: 833
        on right: 831
    $@146 (724)
        on left: 832
        on right: 833
    subnet_opt_syn <integer> (725)
        on left: 834 835
        on right: 833
    subnet_options (726)
        on left: 836 837
        on right: 428 837
    subnet_option (727)
        on left: 839 841
        on right: 837
    $@147 (728)
        on left: 838
        on right: 839
    $@148 (729)
        on left: 840
        on right: 841
    subnet_type <string> (730)
        on left: 842 843 844 845
        on right: 839
    pin_props_section (731)
        on left: 846
        on right: 25
    begin_pin_props (732)
        on left: 847
        on right: 846
    opt_semi (733)
        on left: 848 849
        on right: 847
    end_pin_props (734)
        on left: 850
        on right: 846
    pin_prop_list (735)
        on left: 851 852
        on right: 846 852
    pin_prop_terminal (736)
        on left: 855
        on right: 852
    $@149 (737)
        on left: 853
        on right: 855
    $@150 (738)
        on left: 854
        on right: 855
    pin_prop_options (739)
        on left: 856 857
        on right: 855 857
    pin_prop (740)
        on left: 859
        on right: 857
    $@151 (741)
        on left: 858
        on right: 859
    pin_prop_name_value_list (742)
        on left: 860 861
        on right: 859 861
    pin_prop_name_value (743)
        on left: 862 863 864
        on right: 861
    blockage_section (744)
        on left: 865
        on right: 13
    blockage_start (745)
        on left: 866
        on right: 865
    blockage_end (746)
        on left: 867
        on right: 865
    blockage_defs (747)
        on left: 868 869
        on right: 865 869
    blockage_def (748)
        on left: 870
        on right: 869
    blockage_rule (749)
        on left: 873 875
        on right: 870
    $@152 (750)
        on left: 871
        on right: 873
    $@153 (751)
        on left: 872
        on right: 873
    $@154 (752)
        on left: 874
        on right: 875
    layer_blockage_rules (753)
        on left: 876 877
        on right: 873 877
    layer_blockage_rule (754)
        on left: 878 879 880 881
        on right: 877
    mask_blockage_rule (755)
        on left: 882
        on right: 880
    comp_blockage_rule (756)
        on left: 884 885 886 887 888
        on right: 881
    $@155 (757)
        on left: 883
        on right: 884
    placement_comp_rules (758)
        on left: 889 890
        on right: 875 890
    placement_comp_rule (759)
        on left: 892 893 894 895
        on right: 890
    $@156 (760)
        on left: 891
        on right: 892
    rectPoly_blockage_rules (761)
        on left: 896 897
        on right: 870 897
    rectPoly_blockage (762)
        on left: 898 900
        on right: 870 897
    $@157 (763)
        on left: 899
        on right: 900
    slot_section (764)
        on left: 901
        on right: 28
    slot_start (765)
        on left: 902
        on right: 901
    slot_end (766)
        on left: 903
        on right: 901
    slot_defs (767)
        on left: 904 905
        on right: 901 905
    slot_def (768)
        on left: 906
        on right: 905
    slot_rule (769)
        on left: 909
        on right: 906
    $@158 (770)
        on left: 907
        on right: 909
    $@159 (771)
        on left: 908
        on right: 909
    geom_slot_rules (772)
        on left: 910 911
        on right: 906 911
    geom_slot (773)
        on left: 912 914
        on right: 909 911
    $@160 (774)
        on left: 913
        on right: 914
    fill_section (775)
        on left: 915
        on right: 17
    fill_start (776)
        on left: 916
        on right: 915
    fill_end (777)
        on left: 917
        on right: 915
    fill_defs (778)
        on left: 918 919
        on right: 915 919
    fill_def (779)
        on left: 920 923
        on right: 919
    $@161 (780)
        on left: 921
        on right: 923
    $@162 (781)
        on left: 922
        on right: 923
    fill_rule (782)
        on left: 926
        on right: 920
    $@163 (783)
        on left: 924
        on right: 926
    $@164 (784)
        on left: 925
        on right: 926
    geom_fill_rules (785)
        on left: 927 928
        on right: 920 928
    geom_fill (786)
        on left: 929 931
        on right: 926 928
    $@165 (787)
        on left: 930
        on right: 931
    fill_layer_mask_opc_opt (788)
        on left: 932 933
        on right: 926 933
    opt_mask_opc_l (789)
        on left: 934 935
        on right: 933
    fill_layer_opc (790)
        on left: 936
        on right: 934
    fill_via_pt (791)
        on left: 937
        on right: 923
    fill_via_mask_opc_opt (792)
        on left: 938 939
        on right: 923 939
    opt_mask_opc (793)
        on left: 940 941
        on right: 939
    fill_via_opc (794)
        on left: 942
        on right: 940
    fill_mask (795)
        on left: 943
        on right: 935
    fill_viaMask (796)
        on left: 944
        on right: 941
    nondefaultrule_section (797)
        on left: 945
        on right: 23
    nondefault_start (798)
        on left: 946
        on right: 945
    nondefault_end (799)
        on left: 947
        on right: 945
    nondefault_defs (800)
        on left: 948 949
        on right: 945 949
    nondefault_def (801)
        on left: 952
        on right: 945 949
    $@166 (802)
        on left: 950
        on right: 952
    $@167 (803)
        on left: 951
        on right: 952
    nondefault_options (804)
        on left: 953 954
        on right: 952 954
    nondefault_option (805)
        on left: 955 958 960 962 964 965
        on right: 954
    $@168 (806)
        on left: 956
        on right: 958
    $@169 (807)
        on left: 957
        on right: 958
    $@170 (808)
        on left: 959
        on right: 960
    $@171 (809)
        on left: 961
        on right: 962
    $@172 (810)
        on left: 963
        on right: 964
    nondefault_layer_options (811)
        on left: 966 967
        on right: 958 967
    nondefault_layer_option (812)
        on left: 968 969 970
        on right: 967
    nondefault_prop_opt (813)
        on left: 972
        on right: 965
    $@173 (814)
        on left: 971
        on right: 972
    nondefault_prop_list (815)
        on left: 973 974
        on right: 972 974
    nondefault_prop (816)
        on left: 975 976 977
        on right: 974
    styles_section (817)
        on left: 978
        on right: 30
    styles_start (818)
        on left: 979
        on right: 978
    styles_end (819)
        on left: 980
        on right: 978
    styles_rules (820)
        on left: 981 982
        on right: 978 982
    styles_rule (821)
        on left: 984
        on right: 982
    $@174 (822)
        on left: 983
        on right: 984


状态 0

    0 $accept: • def_file $end

    K_VERSION  偏移，并进入状态 1

    $default  使用规则 2 以归约 (version_stmt)

    def_file      转到状态 2
    version_stmt  转到状态 3


状态 1

    4 version_stmt: K_VERSION • $@1 T_STRING ';'

    $default  使用规则 3 以归约 ($@1)

    $@1  转到状态 4


状态 2

    0 $accept: def_file • $end

    $end  偏移，并进入状态 5


状态 3

    1 def_file: version_stmt • case_sens_stmt rules end_design

    K_NAMESCASESENSITIVE  偏移，并进入状态 6

    $default  使用规则 5 以归约 (case_sens_stmt)

    case_sens_stmt  转到状态 7


状态 4

    4 version_stmt: K_VERSION $@1 • T_STRING ';'

    T_STRING  偏移，并进入状态 8


状态 5

    0 $accept: def_file $end •

    $default  接受


状态 6

    6 case_sens_stmt: K_NAMESCASESENSITIVE • K_ON ';'
    7               | K_NAMESCASESENSITIVE • K_OFF ';'

    K_ON   偏移，并进入状态 9
    K_OFF  偏移，并进入状态 10


状态 7

    1 def_file: version_stmt case_sens_stmt • rules end_design

    error  偏移，并进入状态 11

    K_HISTORY              使用规则 8 以归约 (rules)
    K_DESIGN               使用规则 8 以归约 (rules)
    K_VIAS                 使用规则 8 以归约 (rules)
    K_TECH                 使用规则 8 以归约 (rules)
    K_UNITS                使用规则 8 以归约 (rules)
    K_ARRAY                使用规则 8 以归约 (rules)
    K_FLOORPLAN            使用规则 8 以归约 (rules)
    K_CANPLACE             使用规则 8 以归约 (rules)
    K_CANNOTOCCUPY         使用规则 8 以归约 (rules)
    K_DIEAREA              使用规则 8 以归约 (rules)
    K_PINS                 使用规则 8 以归约 (rules)
    K_DEFAULTCAP           使用规则 8 以归约 (rules)
    K_TRACKS               使用规则 8 以归约 (rules)
    K_GCELLGRID            使用规则 8 以归约 (rules)
    K_ROW                  使用规则 8 以归约 (rules)
    K_COMPS                使用规则 8 以归约 (rules)
    K_REGIONS              使用规则 8 以归约 (rules)
    K_NETS                 使用规则 8 以归约 (rules)
    K_SNETS                使用规则 8 以归约 (rules)
    K_NONDEFAULTRULES      使用规则 8 以归约 (rules)
    K_GROUPS               使用规则 8 以归约 (rules)
    K_CONSTRAINTS          使用规则 8 以归约 (rules)
    K_SCANCHAINS           使用规则 8 以归约 (rules)
    K_ASSERTIONS           使用规则 8 以归约 (rules)
    K_END                  使用规则 8 以归约 (rules)
    K_IOTIMINGS            使用规则 8 以归约 (rules)
    K_TIMINGDISABLES       使用规则 8 以归约 (rules)
    K_PARTITIONS           使用规则 8 以归约 (rules)
    K_FPC                  使用规则 8 以归约 (rules)
    K_DIVIDERCHAR          使用规则 8 以归约 (rules)
    K_BUSBITCHARS          使用规则 8 以归约 (rules)
    K_PROPERTYDEFINITIONS  使用规则 8 以归约 (rules)
    K_BEGINEXT             使用规则 8 以归约 (rules)
    K_COMPSMASKSHIFT       使用规则 8 以归约 (rules)
    K_PINPROPERTIES        使用规则 8 以归约 (rules)
    K_BLOCKAGES            使用规则 8 以归约 (rules)
    K_SLOTS                使用规则 8 以归约 (rules)
    K_FILLS                使用规则 8 以归约 (rules)
    K_STYLES               使用规则 8 以归约 (rules)

    rules  转到状态 12


状态 8

    4 version_stmt: K_VERSION $@1 T_STRING • ';'

    ';'  偏移，并进入状态 13


状态 9

    6 case_sens_stmt: K_NAMESCASESENSITIVE K_ON • ';'

    ';'  偏移，并进入状态 14


状态 10

    7 case_sens_stmt: K_NAMESCASESENSITIVE K_OFF • ';'

    ';'  偏移，并进入状态 15


状态 11

   10 rules: error •

    $default  使用规则 10 以归约 (rules)


状态 12

    1 def_file: version_stmt case_sens_stmt rules • end_design
    9 rules: rules • rule

    K_HISTORY              偏移，并进入状态 16
    K_DESIGN               偏移，并进入状态 17
    K_VIAS                 偏移，并进入状态 18
    K_TECH                 偏移，并进入状态 19
    K_UNITS                偏移，并进入状态 20
    K_ARRAY                偏移，并进入状态 21
    K_FLOORPLAN            偏移，并进入状态 22
    K_CANPLACE             偏移，并进入状态 23
    K_CANNOTOCCUPY         偏移，并进入状态 24
    K_DIEAREA              偏移，并进入状态 25
    K_PINS                 偏移，并进入状态 26
    K_DEFAULTCAP           偏移，并进入状态 27
    K_TRACKS               偏移，并进入状态 28
    K_GCELLGRID            偏移，并进入状态 29
    K_ROW                  偏移，并进入状态 30
    K_COMPS                偏移，并进入状态 31
    K_REGIONS              偏移，并进入状态 32
    K_NETS                 偏移，并进入状态 33
    K_SNETS                偏移，并进入状态 34
    K_NONDEFAULTRULES      偏移，并进入状态 35
    K_GROUPS               偏移，并进入状态 36
    K_CONSTRAINTS          偏移，并进入状态 37
    K_SCANCHAINS           偏移，并进入状态 38
    K_ASSERTIONS           偏移，并进入状态 39
    K_END                  偏移，并进入状态 40
    K_IOTIMINGS            偏移，并进入状态 41
    K_TIMINGDISABLES       偏移，并进入状态 42
    K_PARTITIONS           偏移，并进入状态 43
    K_FPC                  偏移，并进入状态 44
    K_DIVIDERCHAR          偏移，并进入状态 45
    K_BUSBITCHARS          偏移，并进入状态 46
    K_PROPERTYDEFINITIONS  偏移，并进入状态 47
    K_BEGINEXT             偏移，并进入状态 48
    K_COMPSMASKSHIFT       偏移，并进入状态 49
    K_PINPROPERTIES        偏移，并进入状态 50
    K_BLOCKAGES            偏移，并进入状态 51
    K_SLOTS                偏移，并进入状态 52
    K_FILLS                偏移，并进入状态 53
    K_STYLES               偏移，并进入状态 54

    rule                          转到状态 55
    design_section                转到状态 56
    design_name                   转到状态 57
    end_design                    转到状态 58
    tech_name                     转到状态 59
    array_name                    转到状态 60
    floorplan_name                转到状态 61
    history                       转到状态 62
    prop_def_section              转到状态 63
    units                         转到状态 64
    divider_char                  转到状态 65
    bus_bit_chars                 转到状态 66
    canplace                      转到状态 67
    cannotoccupy                  转到状态 68
    die_area                      转到状态 69
    pin_cap_rule                  转到状态 70
    start_def_cap                 转到状态 71
    pin_rule                      转到状态 72
    start_pins                    转到状态 73
    row_rule                      转到状态 74
    tracks_rule                   转到状态 75
    track_start                   转到状态 76
    gcellgrid                     转到状态 77
    extension_section             转到状态 78
    via_section                   转到状态 79
    via                           转到状态 80
    regions_section               转到状态 81
    regions_start                 转到状态 82
    comps_maskShift_section       转到状态 83
    comps_section                 转到状态 84
    start_comps                   转到状态 85
    nets_section                  转到状态 86
    start_nets                    转到状态 87
    snets_section                 转到状态 88
    start_snets                   转到状态 89
    groups_section                转到状态 90
    groups_start                  转到状态 91
    assertions_section            转到状态 92
    constraint_section            转到状态 93
    assertions_start              转到状态 94
    constraints_start             转到状态 95
    scanchains_section            转到状态 96
    scanchain_start               转到状态 97
    iotiming_section              转到状态 98
    iotiming_start                转到状态 99
    floorplan_contraints_section  转到状态 100
    fp_start                      转到状态 101
    timingdisables_section        转到状态 102
    timingdisables_start          转到状态 103
    partitions_section            转到状态 104
    partitions_start              转到状态 105
    pin_props_section             转到状态 106
    begin_pin_props               转到状态 107
    blockage_section              转到状态 108
    blockage_start                转到状态 109
    slot_section                  转到状态 110
    slot_start                    转到状态 111
    fill_section                  转到状态 112
    fill_start                    转到状态 113
    nondefaultrule_section        转到状态 114
    nondefault_start              转到状态 115
    styles_section                转到状态 116
    styles_start                  转到状态 117


状态 13

    4 version_stmt: K_VERSION $@1 T_STRING ';' •

    $default  使用规则 4 以归约 (version_stmt)


状态 14

    6 case_sens_stmt: K_NAMESCASESENSITIVE K_ON ';' •

    $default  使用规则 6 以归约 (case_sens_stmt)


状态 15

    7 case_sens_stmt: K_NAMESCASESENSITIVE K_OFF ';' •

    $default  使用规则 7 以归约 (case_sens_stmt)


状态 16

   59 history: K_HISTORY •

    $default  使用规则 59 以归约 (history)


状态 17

   51 design_name: K_DESIGN • $@2 T_STRING ';'

    $default  使用规则 50 以归约 ($@2)

    $@2  转到状态 118


状态 18

  248 via: K_VIAS • NUMBER ';'

    NUMBER  偏移，并进入状态 119


状态 19

   54 tech_name: K_TECH • $@3 T_STRING ';'

    $default  使用规则 53 以归约 ($@3)

    $@3  转到状态 120


状态 20

   92 units: K_UNITS • K_DISTANCE K_MICRONS NUMBER ';'

    K_DISTANCE  偏移，并进入状态 121


状态 21

   56 array_name: K_ARRAY • $@4 T_STRING ';'

    $default  使用规则 55 以归约 ($@4)

    $@4  转到状态 122


状态 22

   58 floorplan_name: K_FLOORPLAN • $@5 T_STRING ';'

    $default  使用规则 57 以归约 ($@5)

    $@5  转到状态 123


状态 23

   96 canplace: K_CANPLACE • $@18 T_STRING NUMBER NUMBER orient K_DO NUMBER K_BY NUMBER K_STEP NUMBER NUMBER ';'

    $default  使用规则 95 以归约 ($@18)

    $@18  转到状态 124


状态 24

   98 cannotoccupy: K_CANNOTOCCUPY • $@19 T_STRING NUMBER NUMBER orient K_DO NUMBER K_BY NUMBER K_STEP NUMBER NUMBER ';'

    $default  使用规则 97 以归约 ($@19)

    $@19  转到状态 125


状态 25

  108 die_area: K_DIEAREA • $@20 firstPt nextPt otherPts ';'

    $default  使用规则 107 以归约 ($@20)

    $@20  转到状态 126


状态 26

  116 start_pins: K_PINS • NUMBER ';'

    NUMBER  偏移，并进入状态 127


状态 27

  110 start_def_cap: K_DEFAULTCAP • NUMBER

    NUMBER  偏移，并进入状态 128


状态 28

  230 track_start: K_TRACKS • track_type

    K_X  偏移，并进入状态 129
    K_Y  偏移，并进入状态 130

    track_type  转到状态 131


状态 29

  244 gcellgrid: K_GCELLGRID • track_type NUMBER K_DO NUMBER K_STEP NUMBER ';'

    K_X  偏移，并进入状态 129
    K_Y  偏移，并进入状态 130

    track_type  转到状态 132


状态 30

  214 row_rule: K_ROW • $@35 T_STRING T_STRING NUMBER NUMBER orient $@36 row_do_option row_options ';'

    $default  使用规则 212 以归约 ($@35)

    $@35  转到状态 133


状态 31

  307 start_comps: K_COMPS • NUMBER ';'

    NUMBER  偏移，并进入状态 134


状态 32

  285 regions_start: K_REGIONS • NUMBER ';'

    NUMBER  偏移，并进入状态 135


状态 33

  379 start_nets: K_NETS • NUMBER ';'

    NUMBER  偏移，并进入状态 136


状态 34

  600 start_snets: K_SNETS • NUMBER ';'

    NUMBER  偏移，并进入状态 137


状态 35

  946 nondefault_start: K_NONDEFAULTRULES • NUMBER ';'

    NUMBER  偏移，并进入状态 138


状态 36

  603 groups_start: K_GROUPS • NUMBER ';'

    NUMBER  偏移，并进入状态 139


状态 37

  636 constraints_start: K_CONSTRAINTS • NUMBER ';'

    NUMBER  偏移，并进入状态 140


状态 38

  664 scanchain_start: K_SCANCHAINS • NUMBER ';'

    NUMBER  偏移，并进入状态 141


状态 39

  635 assertions_start: K_ASSERTIONS • NUMBER ';'

    NUMBER  偏移，并进入状态 142


状态 40

   52 end_design: K_END • K_DESIGN

    K_DESIGN  偏移，并进入状态 143


状态 41

  710 iotiming_start: K_IOTIMINGS • NUMBER ';'

    NUMBER  偏移，并进入状态 144


状态 42

  762 timingdisables_start: K_TIMINGDISABLES • NUMBER ';'

    NUMBER  偏移，并进入状态 145


状态 43

  780 partitions_start: K_PARTITIONS • NUMBER ';'

    NUMBER  偏移，并进入状态 146


状态 44

  737 fp_start: K_FPC • NUMBER ';'

    NUMBER  偏移，并进入状态 147


状态 45

   93 divider_char: K_DIVIDERCHAR • QSTRING ';'

    QSTRING  偏移，并进入状态 148


状态 46

   94 bus_bit_chars: K_BUSBITCHARS • QSTRING ';'

    QSTRING  偏移，并进入状态 149


状态 47

   61 prop_def_section: K_PROPERTYDEFINITIONS • $@6 property_defs K_END K_PROPERTYDEFINITIONS

    $default  使用规则 60 以归约 ($@6)

    $@6  转到状态 150


状态 48

  245 extension_section: K_BEGINEXT •

    $default  使用规则 245 以归约 (extension_section)


状态 49

  305 comps_maskShift_section: K_COMPSMASKSHIFT • layer_statement ';'

    $default  使用规则 308 以归约 (layer_statement)

    layer_statement  转到状态 151


状态 50

  847 begin_pin_props: K_PINPROPERTIES • NUMBER opt_semi

    NUMBER  偏移，并进入状态 152


状态 51

  866 blockage_start: K_BLOCKAGES • NUMBER ';'

    NUMBER  偏移，并进入状态 153


状态 52

  902 slot_start: K_SLOTS • NUMBER ';'

    NUMBER  偏移，并进入状态 154


状态 53

  916 fill_start: K_FILLS • NUMBER ';'

    NUMBER  偏移，并进入状态 155


状态 54

  979 styles_start: K_STYLES • NUMBER ';'

    NUMBER  偏移，并进入状态 156


状态 55

    9 rules: rules rule •

    $default  使用规则 9 以归约 (rules)


状态 56

   11 rule: design_section •

    $default  使用规则 11 以归约 (rule)


状态 57

   37 design_section: design_name •

    $default  使用规则 37 以归约 (design_section)


状态 58

    1 def_file: version_stmt case_sens_stmt rules end_design •

    $default  使用规则 1 以归约 (def_file)


状态 59

   47 design_section: tech_name •

    $default  使用规则 47 以归约 (design_section)


状态 60

   33 design_section: array_name •

    $default  使用规则 33 以归约 (design_section)


状态 61

   40 design_section: floorplan_name •

    $default  使用规则 40 以归约 (design_section)


状态 62

   42 design_section: history •

    $default  使用规则 42 以归约 (design_section)


状态 63

   45 design_section: prop_def_section •

    $default  使用规则 45 以归约 (design_section)


状态 64

   49 design_section: units •

    $default  使用规则 49 以归约 (design_section)


状态 65

   39 design_section: divider_char •

    $default  使用规则 39 以归约 (design_section)


状态 66

   34 design_section: bus_bit_chars •

    $default  使用规则 34 以归约 (design_section)


状态 67

   35 design_section: canplace •

    $default  使用规则 35 以归约 (design_section)


状态 68

   36 design_section: cannotoccupy •

    $default  使用规则 36 以归约 (design_section)


状态 69

   38 design_section: die_area •

    $default  使用规则 38 以归约 (design_section)


状态 70

   43 design_section: pin_cap_rule •

    $default  使用规则 43 以归约 (design_section)


状态 71

  109 pin_cap_rule: start_def_cap • pin_caps end_def_cap

    $default  使用规则 111 以归约 (pin_caps)

    pin_caps  转到状态 157


状态 72

   44 design_section: pin_rule •

    $default  使用规则 44 以归约 (design_section)


状态 73

  115 pin_rule: start_pins • pins end_pins

    $default  使用规则 117 以归约 (pins)

    pins  转到状态 158


状态 74

   46 design_section: row_rule •

    $default  使用规则 46 以归约 (design_section)


状态 75

   48 design_section: tracks_rule •

    $default  使用规则 48 以归约 (design_section)


状态 76

  229 tracks_rule: track_start • NUMBER $@38 K_DO NUMBER K_STEP NUMBER track_opts ';'

    NUMBER  偏移，并进入状态 159


状态 77

   41 design_section: gcellgrid •

    $default  使用规则 41 以归约 (design_section)


状态 78

   16 rule: extension_section •

    $default  使用规则 16 以归约 (rule)


状态 79

   32 rule: via_section •

    $default  使用规则 32 以归约 (rule)


状态 80

  247 via_section: via • via_declarations via_end

    $default  使用规则 249 以归约 (via_declarations)

    via_declarations  转到状态 160


状态 81

   26 rule: regions_section •

    $default  使用规则 26 以归约 (rule)


状态 82

  284 regions_section: regions_start • regions_stmts K_END K_REGIONS

    $default  使用规则 286 以归约 (regions_stmts)

    regions_stmts  转到状态 161


状态 83

   18 rule: comps_maskShift_section •

    $default  使用规则 18 以归约 (rule)


状态 84

   14 rule: comps_section •

    $default  使用规则 14 以归约 (rule)


状态 85

  306 comps_section: start_comps • comps_rule end_comps

    $default  使用规则 311 以归约 (comps_rule)

    comps_rule  转到状态 162


状态 86

   22 rule: nets_section •

    $default  使用规则 22 以归约 (rule)


状态 87

  378 nets_section: start_nets • net_rules end_nets

    $default  使用规则 380 以归约 (net_rules)

    net_rules  转到状态 163


状态 88

   29 rule: snets_section •

    $default  使用规则 29 以归约 (rule)


状态 89

  521 snets_section: start_snets • snet_rules end_snets

    $default  使用规则 522 以归约 (snet_rules)

    snet_rules  转到状态 164


状态 90

   20 rule: groups_section •

    $default  使用规则 20 以归约 (rule)


状态 91

  602 groups_section: groups_start • group_rules groups_end

    $default  使用规则 604 以归约 (group_rules)

    group_rules  转到状态 165


状态 92

   12 rule: assertions_section •

    $default  使用规则 12 以归约 (rule)


状态 93

   15 rule: constraint_section •

    $default  使用规则 15 以归约 (rule)


状态 94

  633 assertions_section: assertions_start • constraint_rules assertions_end

    $default  使用规则 637 以归约 (constraint_rules)

    constraint_rules  转到状态 166


状态 95

  634 constraint_section: constraints_start • constraint_rules constraints_end

    $default  使用规则 637 以归约 (constraint_rules)

    constraint_rules  转到状态 167


状态 96

   27 rule: scanchains_section •

    $default  使用规则 27 以归约 (rule)


状态 97

  663 scanchains_section: scanchain_start • scanchain_rules scanchain_end

    $default  使用规则 665 以归约 (scanchain_rules)

    scanchain_rules  转到状态 168


状态 98

   21 rule: iotiming_section •

    $default  使用规则 21 以归约 (rule)


状态 99

  709 iotiming_section: iotiming_start • iotiming_rules iotiming_end

    $default  使用规则 711 以归约 (iotiming_rules)

    iotiming_rules  转到状态 169


状态 100

   19 rule: floorplan_contraints_section •

    $default  使用规则 19 以归约 (rule)


状态 101

  736 floorplan_contraints_section: fp_start • fp_stmts K_END K_FPC

    $default  使用规则 738 以归约 (fp_stmts)

    fp_stmts  转到状态 170


状态 102

   31 rule: timingdisables_section •

    $default  使用规则 31 以归约 (rule)


状态 103

  761 timingdisables_section: timingdisables_start • timingdisables_rules timingdisables_end

    $default  使用规则 763 以归约 (timingdisables_rules)

    timingdisables_rules  转到状态 171


状态 104

   24 rule: partitions_section •

    $default  使用规则 24 以归约 (rule)


状态 105

  779 partitions_section: partitions_start • partition_rules partitions_end

    $default  使用规则 781 以归约 (partition_rules)

    partition_rules  转到状态 172


状态 106

   25 rule: pin_props_section •

    $default  使用规则 25 以归约 (rule)


状态 107

  846 pin_props_section: begin_pin_props • pin_prop_list end_pin_props

    $default  使用规则 851 以归约 (pin_prop_list)

    pin_prop_list  转到状态 173


状态 108

   13 rule: blockage_section •

    $default  使用规则 13 以归约 (rule)


状态 109

  865 blockage_section: blockage_start • blockage_defs blockage_end

    $default  使用规则 868 以归约 (blockage_defs)

    blockage_defs  转到状态 174


状态 110

   28 rule: slot_section •

    $default  使用规则 28 以归约 (rule)


状态 111

  901 slot_section: slot_start • slot_defs slot_end

    $default  使用规则 904 以归约 (slot_defs)

    slot_defs  转到状态 175


状态 112

   17 rule: fill_section •

    $default  使用规则 17 以归约 (rule)


状态 113

  915 fill_section: fill_start • fill_defs fill_end

    $default  使用规则 918 以归约 (fill_defs)

    fill_defs  转到状态 176


状态 114

   23 rule: nondefaultrule_section •

    $default  使用规则 23 以归约 (rule)


状态 115

  945 nondefaultrule_section: nondefault_start • nondefault_def nondefault_defs nondefault_end

    '-'  偏移，并进入状态 177

    nondefault_def  转到状态 178


状态 116

   30 rule: styles_section •

    $default  使用规则 30 以归约 (rule)


状态 117

  978 styles_section: styles_start • styles_rules styles_end

    $default  使用规则 981 以归约 (styles_rules)

    styles_rules  转到状态 179


状态 118

   51 design_name: K_DESIGN $@2 • T_STRING ';'

    T_STRING  偏移，并进入状态 180


状态 119

  248 via: K_VIAS NUMBER • ';'

    ';'  偏移，并进入状态 181


状态 120

   54 tech_name: K_TECH $@3 • T_STRING ';'

    T_STRING  偏移，并进入状态 182


状态 121

   92 units: K_UNITS K_DISTANCE • K_MICRONS NUMBER ';'

    K_MICRONS  偏移，并进入状态 183


状态 122

   56 array_name: K_ARRAY $@4 • T_STRING ';'

    T_STRING  偏移，并进入状态 184


状态 123

   58 floorplan_name: K_FLOORPLAN $@5 • T_STRING ';'

    T_STRING  偏移，并进入状态 185


状态 124

   96 canplace: K_CANPLACE $@18 • T_STRING NUMBER NUMBER orient K_DO NUMBER K_BY NUMBER K_STEP NUMBER NUMBER ';'

    T_STRING  偏移，并进入状态 186


状态 125

   98 cannotoccupy: K_CANNOTOCCUPY $@19 • T_STRING NUMBER NUMBER orient K_DO NUMBER K_BY NUMBER K_STEP NUMBER NUMBER ';'

    T_STRING  偏移，并进入状态 187


状态 126

  108 die_area: K_DIEAREA $@20 • firstPt nextPt otherPts ';'

    '('  偏移，并进入状态 188

    firstPt  转到状态 189
    pt       转到状态 190


状态 127

  116 start_pins: K_PINS NUMBER • ';'

    ';'  偏移，并进入状态 191


状态 128

  110 start_def_cap: K_DEFAULTCAP NUMBER •

    $default  使用规则 110 以归约 (start_def_cap)


状态 129

  231 track_type: K_X •

    $default  使用规则 231 以归约 (track_type)


状态 130

  232 track_type: K_Y •

    $default  使用规则 232 以归约 (track_type)


状态 131

  230 track_start: K_TRACKS track_type •

    $default  使用规则 230 以归约 (track_start)


状态 132

  244 gcellgrid: K_GCELLGRID track_type • NUMBER K_DO NUMBER K_STEP NUMBER ';'

    NUMBER  偏移，并进入状态 192


状态 133

  214 row_rule: K_ROW $@35 • T_STRING T_STRING NUMBER NUMBER orient $@36 row_do_option row_options ';'

    T_STRING  偏移，并进入状态 193


状态 134

  307 start_comps: K_COMPS NUMBER • ';'

    ';'  偏移，并进入状态 194


状态 135

  285 regions_start: K_REGIONS NUMBER • ';'

    ';'  偏移，并进入状态 195


状态 136

  379 start_nets: K_NETS NUMBER • ';'

    ';'  偏移，并进入状态 196


状态 137

  600 start_snets: K_SNETS NUMBER • ';'

    ';'  偏移，并进入状态 197


状态 138

  946 nondefault_start: K_NONDEFAULTRULES NUMBER • ';'

    ';'  偏移，并进入状态 198


状态 139

  603 groups_start: K_GROUPS NUMBER • ';'

    ';'  偏移，并进入状态 199


状态 140

  636 constraints_start: K_CONSTRAINTS NUMBER • ';'

    ';'  偏移，并进入状态 200


状态 141

  664 scanchain_start: K_SCANCHAINS NUMBER • ';'

    ';'  偏移，并进入状态 201


状态 142

  635 assertions_start: K_ASSERTIONS NUMBER • ';'

    ';'  偏移，并进入状态 202


状态 143

   52 end_design: K_END K_DESIGN •

    $default  使用规则 52 以归约 (end_design)


状态 144

  710 iotiming_start: K_IOTIMINGS NUMBER • ';'

    ';'  偏移，并进入状态 203


状态 145

  762 timingdisables_start: K_TIMINGDISABLES NUMBER • ';'

    ';'  偏移，并进入状态 204


状态 146

  780 partitions_start: K_PARTITIONS NUMBER • ';'

    ';'  偏移，并进入状态 205


状态 147

  737 fp_start: K_FPC NUMBER • ';'

    ';'  偏移，并进入状态 206


状态 148

   93 divider_char: K_DIVIDERCHAR QSTRING • ';'

    ';'  偏移，并进入状态 207


状态 149

   94 bus_bit_chars: K_BUSBITCHARS QSTRING • ';'

    ';'  偏移，并进入状态 208


状态 150

   61 prop_def_section: K_PROPERTYDEFINITIONS $@6 • property_defs K_END K_PROPERTYDEFINITIONS

    $default  使用规则 62 以归约 (property_defs)

    property_defs  转到状态 209


状态 151

  305 comps_maskShift_section: K_COMPSMASKSHIFT layer_statement • ';'
  309 layer_statement: layer_statement • maskLayer

    T_STRING  偏移，并进入状态 210
    ';'       偏移，并进入状态 211

    maskLayer  转到状态 212


状态 152

  847 begin_pin_props: K_PINPROPERTIES NUMBER • opt_semi

    ';'  偏移，并进入状态 213

    $default  使用规则 848 以归约 (opt_semi)

    opt_semi  转到状态 214


状态 153

  866 blockage_start: K_BLOCKAGES NUMBER • ';'

    ';'  偏移，并进入状态 215


状态 154

  902 slot_start: K_SLOTS NUMBER • ';'

    ';'  偏移，并进入状态 216


状态 155

  916 fill_start: K_FILLS NUMBER • ';'

    ';'  偏移，并进入状态 217


状态 156

  979 styles_start: K_STYLES NUMBER • ';'

    ';'  偏移，并进入状态 218


状态 157

  109 pin_cap_rule: start_def_cap pin_caps • end_def_cap
  112 pin_caps: pin_caps • pin_cap

    K_MINPINS  偏移，并进入状态 219
    K_END      偏移，并进入状态 220

    pin_cap      转到状态 221
    end_def_cap  转到状态 222


状态 158

  115 pin_rule: start_pins pins • end_pins
  118 pins: pins • pin

    K_END  偏移，并进入状态 223
    '-'    偏移，并进入状态 224

    pin       转到状态 225
    end_pins  转到状态 226


状态 159

  229 tracks_rule: track_start NUMBER • $@38 K_DO NUMBER K_STEP NUMBER track_opts ';'

    $default  使用规则 228 以归约 ($@38)

    $@38  转到状态 227


状态 160

  247 via_section: via via_declarations • via_end
  250 via_declarations: via_declarations • via_declaration

    K_END  偏移，并进入状态 228
    '-'    偏移，并进入状态 229

    via_declaration  转到状态 230
    via_end          转到状态 231


状态 161

  284 regions_section: regions_start regions_stmts • K_END K_REGIONS
  287 regions_stmts: regions_stmts • regions_stmt

    K_END  偏移，并进入状态 232
    '-'    偏移，并进入状态 233

    regions_stmt  转到状态 234


状态 162

  306 comps_section: start_comps comps_rule • end_comps
  312 comps_rule: comps_rule • comp

    K_END  偏移，并进入状态 235
    '-'    偏移，并进入状态 236

    comp              转到状态 237
    comp_start        转到状态 238
    comp_id_and_name  转到状态 239
    end_comps         转到状态 240


状态 163

  378 nets_section: start_nets net_rules • end_nets
  381 net_rules: net_rules • one_net

    K_END  偏移，并进入状态 241
    '-'    偏移，并进入状态 242

    one_net              转到状态 243
    net_and_connections  转到状态 244
    net_start            转到状态 245
    end_nets             转到状态 246


状态 164

  521 snets_section: start_snets snet_rules • end_snets
  523 snet_rules: snet_rules • snet_rule

    K_END  偏移，并进入状态 247
    '-'    偏移，并进入状态 242

    net_and_connections  转到状态 248
    net_start            转到状态 245
    snet_rule            转到状态 249
    end_snets            转到状态 250


状态 165

  602 groups_section: groups_start group_rules • groups_end
  605 group_rules: group_rules • group_rule

    K_END  偏移，并进入状态 251
    '-'    偏移，并进入状态 252

    group_rule   转到状态 253
    start_group  转到状态 254
    groups_end   转到状态 255


状态 166

  633 assertions_section: assertions_start constraint_rules • assertions_end
  638 constraint_rules: constraint_rules • constraint_rule

    K_END  偏移，并进入状态 256
    '-'    偏移，并进入状态 257

    constraint_rule  转到状态 258
    operand_rule     转到状态 259
    wiredlogic_rule  转到状态 260
    assertions_end   转到状态 261


状态 167

  634 constraint_section: constraints_start constraint_rules • constraints_end
  638 constraint_rules: constraint_rules • constraint_rule

    K_END  偏移，并进入状态 262
    '-'    偏移，并进入状态 257

    constraint_rule  转到状态 258
    operand_rule     转到状态 259
    wiredlogic_rule  转到状态 260
    constraints_end  转到状态 263


状态 168

  663 scanchains_section: scanchain_start scanchain_rules • scanchain_end
  666 scanchain_rules: scanchain_rules • scan_rule

    K_END  偏移，并进入状态 264
    '-'    偏移，并进入状态 265

    scan_rule      转到状态 266
    start_scan     转到状态 267
    scanchain_end  转到状态 268


状态 169

  709 iotiming_section: iotiming_start iotiming_rules • iotiming_end
  712 iotiming_rules: iotiming_rules • iotiming_rule

    K_END  偏移，并进入状态 269
    '-'    偏移，并进入状态 270

    iotiming_rule   转到状态 271
    start_iotiming  转到状态 272
    iotiming_end    转到状态 273


状态 170

  736 floorplan_contraints_section: fp_start fp_stmts • K_END K_FPC
  739 fp_stmts: fp_stmts • fp_stmt

    K_END  偏移，并进入状态 274
    '-'    偏移，并进入状态 275

    fp_stmt  转到状态 276


状态 171

  761 timingdisables_section: timingdisables_start timingdisables_rules • timingdisables_end
  764 timingdisables_rules: timingdisables_rules • timingdisables_rule

    K_END  偏移，并进入状态 277
    '-'    偏移，并进入状态 278

    timingdisables_rule  转到状态 279
    timingdisables_end   转到状态 280


状态 172

  779 partitions_section: partitions_start partition_rules • partitions_end
  782 partition_rules: partition_rules • partition_rule

    K_END  偏移，并进入状态 281
    '-'    偏移，并进入状态 282

    partition_rule   转到状态 283
    start_partition  转到状态 284
    partitions_end   转到状态 285


状态 173

  846 pin_props_section: begin_pin_props pin_prop_list • end_pin_props
  852 pin_prop_list: pin_prop_list • pin_prop_terminal

    K_END  偏移，并进入状态 286
    '-'    偏移，并进入状态 287

    end_pin_props      转到状态 288
    pin_prop_terminal  转到状态 289


状态 174

  865 blockage_section: blockage_start blockage_defs • blockage_end
  869 blockage_defs: blockage_defs • blockage_def

    K_END  偏移，并进入状态 290
    '-'    偏移，并进入状态 291

    blockage_end   转到状态 292
    blockage_def   转到状态 293
    blockage_rule  转到状态 294


状态 175

  901 slot_section: slot_start slot_defs • slot_end
  905 slot_defs: slot_defs • slot_def

    K_END  偏移，并进入状态 295
    '-'    偏移，并进入状态 296

    slot_end   转到状态 297
    slot_def   转到状态 298
    slot_rule  转到状态 299


状态 176

  915 fill_section: fill_start fill_defs • fill_end
  919 fill_defs: fill_defs • fill_def

    K_END  偏移，并进入状态 300
    '-'    偏移，并进入状态 301

    fill_end   转到状态 302
    fill_def   转到状态 303
    fill_rule  转到状态 304


状态 177

  952 nondefault_def: '-' • $@166 T_STRING $@167 nondefault_options ';'

    $default  使用规则 950 以归约 ($@166)

    $@166  转到状态 305


状态 178

  945 nondefaultrule_section: nondefault_start nondefault_def • nondefault_defs nondefault_end

    $default  使用规则 948 以归约 (nondefault_defs)

    nondefault_defs  转到状态 306


状态 179

  978 styles_section: styles_start styles_rules • styles_end
  982 styles_rules: styles_rules • styles_rule

    K_END  偏移，并进入状态 307
    '-'    偏移，并进入状态 308

    styles_end   转到状态 309
    styles_rule  转到状态 310


状态 180

   51 design_name: K_DESIGN $@2 T_STRING • ';'

    ';'  偏移，并进入状态 311


状态 181

  248 via: K_VIAS NUMBER ';' •

    $default  使用规则 248 以归约 (via)


状态 182

   54 tech_name: K_TECH $@3 T_STRING • ';'

    ';'  偏移，并进入状态 312


状态 183

   92 units: K_UNITS K_DISTANCE K_MICRONS • NUMBER ';'

    NUMBER  偏移，并进入状态 313


状态 184

   56 array_name: K_ARRAY $@4 T_STRING • ';'

    ';'  偏移，并进入状态 314


状态 185

   58 floorplan_name: K_FLOORPLAN $@5 T_STRING • ';'

    ';'  偏移，并进入状态 315


状态 186

   96 canplace: K_CANPLACE $@18 T_STRING • NUMBER NUMBER orient K_DO NUMBER K_BY NUMBER K_STEP NUMBER NUMBER ';'

    NUMBER  偏移，并进入状态 316


状态 187

   98 cannotoccupy: K_CANNOTOCCUPY $@19 T_STRING • NUMBER NUMBER orient K_DO NUMBER K_BY NUMBER K_STEP NUMBER NUMBER ';'

    NUMBER  偏移，并进入状态 317


状态 188

  277 pt: '(' • NUMBER NUMBER ')'
  278   | '(' • '*' NUMBER ')'
  279   | '(' • NUMBER '*' ')'
  280   | '(' • '*' '*' ')'

    NUMBER  偏移，并进入状态 318
    '*'     偏移，并进入状态 319


状态 189

  108 die_area: K_DIEAREA $@20 firstPt • nextPt otherPts ';'

    '('  偏移，并进入状态 188

    nextPt  转到状态 320
    pt      转到状态 321


状态 190

  273 firstPt: pt •

    $default  使用规则 273 以归约 (firstPt)


状态 191

  116 start_pins: K_PINS NUMBER ';' •

    $default  使用规则 116 以归约 (start_pins)


状态 192

  244 gcellgrid: K_GCELLGRID track_type NUMBER • K_DO NUMBER K_STEP NUMBER ';'

    K_DO  偏移，并进入状态 322


状态 193

  214 row_rule: K_ROW $@35 T_STRING • T_STRING NUMBER NUMBER orient $@36 row_do_option row_options ';'

    T_STRING  偏移，并进入状态 323


状态 194

  307 start_comps: K_COMPS NUMBER ';' •

    $default  使用规则 307 以归约 (start_comps)


状态 195

  285 regions_start: K_REGIONS NUMBER ';' •

    $default  使用规则 285 以归约 (regions_start)


状态 196

  379 start_nets: K_NETS NUMBER ';' •

    $default  使用规则 379 以归约 (start_nets)


状态 197

  600 start_snets: K_SNETS NUMBER ';' •

    $default  使用规则 600 以归约 (start_snets)


状态 198

  946 nondefault_start: K_NONDEFAULTRULES NUMBER ';' •

    $default  使用规则 946 以归约 (nondefault_start)


状态 199

  603 groups_start: K_GROUPS NUMBER ';' •

    $default  使用规则 603 以归约 (groups_start)


状态 200

  636 constraints_start: K_CONSTRAINTS NUMBER ';' •

    $default  使用规则 636 以归约 (constraints_start)


状态 201

  664 scanchain_start: K_SCANCHAINS NUMBER ';' •

    $default  使用规则 664 以归约 (scanchain_start)


状态 202

  635 assertions_start: K_ASSERTIONS NUMBER ';' •

    $default  使用规则 635 以归约 (assertions_start)


状态 203

  710 iotiming_start: K_IOTIMINGS NUMBER ';' •

    $default  使用规则 710 以归约 (iotiming_start)


状态 204

  762 timingdisables_start: K_TIMINGDISABLES NUMBER ';' •

    $default  使用规则 762 以归约 (timingdisables_start)


状态 205

  780 partitions_start: K_PARTITIONS NUMBER ';' •

    $default  使用规则 780 以归约 (partitions_start)


状态 206

  737 fp_start: K_FPC NUMBER ';' •

    $default  使用规则 737 以归约 (fp_start)


状态 207

   93 divider_char: K_DIVIDERCHAR QSTRING ';' •

    $default  使用规则 93 以归约 (divider_char)


状态 208

   94 bus_bit_chars: K_BUSBITCHARS QSTRING ';' •

    $default  使用规则 94 以归约 (bus_bit_chars)


状态 209

   61 prop_def_section: K_PROPERTYDEFINITIONS $@6 property_defs • K_END K_PROPERTYDEFINITIONS
   63 property_defs: property_defs • property_def

    error             偏移，并进入状态 324
    K_DESIGN          偏移，并进入状态 325
    K_ROW             偏移，并进入状态 326
    K_REGION          偏移，并进入状态 327
    K_NONDEFAULTRULE  偏移，并进入状态 328
    K_GROUP           偏移，并进入状态 329
    K_NET             偏移，并进入状态 330
    K_END             偏移，并进入状态 331
    K_COMPONENT       偏移，并进入状态 332
    K_SNET            偏移，并进入状态 333
    K_COMPONENTPIN    偏移，并进入状态 334

    property_def  转到状态 335


状态 210

  310 maskLayer: T_STRING •

    $default  使用规则 310 以归约 (maskLayer)


状态 211

  305 comps_maskShift_section: K_COMPSMASKSHIFT layer_statement ';' •

    $default  使用规则 305 以归约 (comps_maskShift_section)


状态 212

  309 layer_statement: layer_statement maskLayer •

    $default  使用规则 309 以归约 (layer_statement)


状态 213

  849 opt_semi: ';' •

    $default  使用规则 849 以归约 (opt_semi)


状态 214

  847 begin_pin_props: K_PINPROPERTIES NUMBER opt_semi •

    $default  使用规则 847 以归约 (begin_pin_props)


状态 215

  866 blockage_start: K_BLOCKAGES NUMBER ';' •

    $default  使用规则 866 以归约 (blockage_start)


状态 216

  902 slot_start: K_SLOTS NUMBER ';' •

    $default  使用规则 902 以归约 (slot_start)


状态 217

  916 fill_start: K_FILLS NUMBER ';' •

    $default  使用规则 916 以归约 (fill_start)


状态 218

  979 styles_start: K_STYLES NUMBER ';' •

    $default  使用规则 979 以归约 (styles_start)


状态 219

  113 pin_cap: K_MINPINS • NUMBER K_WIRECAP NUMBER ';'

    NUMBER  偏移，并进入状态 336


状态 220

  114 end_def_cap: K_END • K_DEFAULTCAP

    K_DEFAULTCAP  偏移，并进入状态 337


状态 221

  112 pin_caps: pin_caps pin_cap •

    $default  使用规则 112 以归约 (pin_caps)


状态 222

  109 pin_cap_rule: start_def_cap pin_caps end_def_cap •

    $default  使用规则 109 以归约 (pin_cap_rule)


状态 223

  211 end_pins: K_END • K_PINS

    K_PINS  偏移，并进入状态 338


状态 224

  122 pin: '-' • $@21 T_STRING '+' K_NET $@22 T_STRING $@23 pin_options ';'

    $default  使用规则 119 以归约 ($@21)

    $@21  转到状态 339


状态 225

  118 pins: pins pin •

    $default  使用规则 118 以归约 (pins)


状态 226

  115 pin_rule: start_pins pins end_pins •

    $default  使用规则 115 以归约 (pin_rule)


状态 227

  229 tracks_rule: track_start NUMBER $@38 • K_DO NUMBER K_STEP NUMBER track_opts ';'

    K_DO  偏移，并进入状态 340


状态 228

  283 via_end: K_END • K_VIAS

    K_VIAS  偏移，并进入状态 341


状态 229

  253 via_declaration: '-' • $@40 T_STRING $@41 layer_stmts ';'

    $default  使用规则 251 以归约 ($@40)

    $@40  转到状态 342


状态 230

  250 via_declarations: via_declarations via_declaration •

    $default  使用规则 250 以归约 (via_declarations)


状态 231

  247 via_section: via via_declarations via_end •

    $default  使用规则 247 以归约 (via_section)


状态 232

  284 regions_section: regions_start regions_stmts K_END • K_REGIONS

    K_REGIONS  偏移，并进入状态 343


状态 233

  290 regions_stmt: '-' • $@49 T_STRING $@50 rect_list region_options ';'

    $default  使用规则 288 以归约 ($@49)

    $@49  转到状态 344


状态 234

  287 regions_stmts: regions_stmts regions_stmt •

    $default  使用规则 287 以归约 (regions_stmts)


状态 235

  377 end_comps: K_END • K_COMPS

    K_COMPS  偏移，并进入状态 345


状态 236

  316 comp_id_and_name: '-' • $@52 T_STRING T_STRING

    $default  使用规则 315 以归约 ($@52)

    $@52  转到状态 346


状态 237

  312 comps_rule: comps_rule comp •

    $default  使用规则 312 以归约 (comps_rule)


状态 238

  313 comp: comp_start • comp_options ';'

    $default  使用规则 320 以归约 (comp_options)

    comp_options  转到状态 347


状态 239

  314 comp_start: comp_id_and_name • comp_net_list

    $default  使用规则 317 以归约 (comp_net_list)

    comp_net_list  转到状态 348


状态 240

  306 comps_section: start_comps comps_rule end_comps •

    $default  使用规则 306 以归约 (comps_section)


状态 241

  508 end_nets: K_END • K_NETS

    K_NETS  偏移，并进入状态 349


状态 242

  385 net_start: '-' • $@60 net_name

    $default  使用规则 384 以归约 ($@60)

    $@60  转到状态 350


状态 243

  381 net_rules: net_rules one_net •

    $default  使用规则 381 以归约 (net_rules)


状态 244

  382 one_net: net_and_connections • net_options ';'

    $default  使用规则 401 以归约 (net_options)

    net_options  转到状态 351


状态 245

  383 net_and_connections: net_start •

    $default  使用规则 383 以归约 (net_and_connections)


状态 246

  378 nets_section: start_nets net_rules end_nets •

    $default  使用规则 378 以归约 (nets_section)


状态 247

  601 end_snets: K_END • K_SNETS

    K_SNETS  偏移，并进入状态 352


状态 248

  524 snet_rule: net_and_connections • snet_options ';'

    $default  使用规则 525 以归约 (snet_options)

    snet_options  转到状态 353


状态 249

  523 snet_rules: snet_rules snet_rule •

    $default  使用规则 523 以归约 (snet_rules)


状态 250

  521 snets_section: start_snets snet_rules end_snets •

    $default  使用规则 521 以归约 (snets_section)


状态 251

  632 groups_end: K_END • K_GROUPS

    K_GROUPS  偏移，并进入状态 354


状态 252

  608 start_group: '-' • $@104 T_STRING

    $default  使用规则 607 以归约 ($@104)

    $@104  转到状态 355


状态 253

  605 group_rules: group_rules group_rule •

    $default  使用规则 605 以归约 (group_rules)


状态 254

  606 group_rule: start_group • group_members group_options ';'

    $default  使用规则 609 以归约 (group_members)

    group_members  转到状态 356


状态 255

  602 groups_section: groups_start group_rules groups_end •

    $default  使用规则 602 以归约 (groups_section)


状态 256

  662 assertions_end: K_END • K_ASSERTIONS

    K_ASSERTIONS  偏移，并进入状态 357


状态 257

  641 operand_rule: '-' • operand delay_specs ';'
  652 wiredlogic_rule: '-' • K_WIREDLOGIC $@109 T_STRING opt_plus K_MAXDIST NUMBER ';'

    K_NET         偏移，并进入状态 358
    K_PATH        偏移，并进入状态 359
    K_SUM         偏移，并进入状态 360
    K_DIFF        偏移，并进入状态 361
    K_WIREDLOGIC  偏移，并进入状态 362

    operand  转到状态 363


状态 258

  638 constraint_rules: constraint_rules constraint_rule •

    $default  使用规则 638 以归约 (constraint_rules)


状态 259

  639 constraint_rule: operand_rule •

    $default  使用规则 639 以归约 (constraint_rule)


状态 260

  640 constraint_rule: wiredlogic_rule •

    $default  使用规则 640 以归约 (constraint_rule)


状态 261

  633 assertions_section: assertions_start constraint_rules assertions_end •

    $default  使用规则 633 以归约 (assertions_section)


状态 262

  661 constraints_end: K_END • K_CONSTRAINTS

    K_CONSTRAINTS  偏移，并进入状态 364


状态 263

  634 constraint_section: constraints_start constraint_rules constraints_end •

    $default  使用规则 634 以归约 (constraint_section)


状态 264

  708 scanchain_end: K_END • K_SCANCHAINS

    K_SCANCHAINS  偏移，并进入状态 365


状态 265

  669 start_scan: '-' • $@110 T_STRING

    $default  使用规则 668 以归约 ($@110)

    $@110  转到状态 366


状态 266

  666 scanchain_rules: scanchain_rules scan_rule •

    $default  使用规则 666 以归约 (scanchain_rules)


状态 267

  667 scan_rule: start_scan • scan_members ';'

    $default  使用规则 670 以归约 (scan_members)

    scan_members  转到状态 367


状态 268

  663 scanchains_section: scanchain_start scanchain_rules scanchain_end •

    $default  使用规则 663 以归约 (scanchains_section)


状态 269

  735 iotiming_end: K_END • K_IOTIMINGS

    K_IOTIMINGS  偏移，并进入状态 368


状态 270

  715 start_iotiming: '-' • '(' $@119 T_STRING T_STRING ')'

    '('  偏移，并进入状态 369


状态 271

  712 iotiming_rules: iotiming_rules iotiming_rule •

    $default  使用规则 712 以归约 (iotiming_rules)


状态 272

  713 iotiming_rule: start_iotiming • iotiming_members ';'

    $default  使用规则 716 以归约 (iotiming_members)

    iotiming_members  转到状态 370


状态 273

  709 iotiming_section: iotiming_start iotiming_rules iotiming_end •

    $default  使用规则 709 以归约 (iotiming_section)


状态 274

  736 floorplan_contraints_section: fp_start fp_stmts K_END • K_FPC

    K_FPC  偏移，并进入状态 371


状态 275

  742 fp_stmt: '-' • $@125 T_STRING h_or_v $@126 constraint_type constrain_what_list ';'

    $default  使用规则 740 以归约 ($@125)

    $@125  转到状态 372


状态 276

  739 fp_stmts: fp_stmts fp_stmt •

    $default  使用规则 739 以归约 (fp_stmts)


状态 277

  778 timingdisables_end: K_END • K_TIMINGDISABLES

    K_TIMINGDISABLES  偏移，并进入状态 373


状态 278

  767 timingdisables_rule: '-' • K_FROMPIN $@131 T_STRING T_STRING K_TOPIN $@132 T_STRING T_STRING ';'
  769                    | '-' • K_THRUPIN $@133 T_STRING T_STRING ';'
  771                    | '-' • K_MACRO $@134 T_STRING td_macro_option ';'
  772                    | '-' • K_REENTRANTPATHS ';'

    K_FROMPIN         偏移，并进入状态 374
    K_THRUPIN         偏移，并进入状态 375
    K_MACRO           偏移，并进入状态 376
    K_REENTRANTPATHS  偏移，并进入状态 377


状态 279

  764 timingdisables_rules: timingdisables_rules timingdisables_rule •

    $default  使用规则 764 以归约 (timingdisables_rules)


状态 280

  761 timingdisables_section: timingdisables_start timingdisables_rules timingdisables_end •

    $default  使用规则 761 以归约 (timingdisables_section)


状态 281

  829 partitions_end: K_END • K_PARTITIONS

    K_PARTITIONS  偏移，并进入状态 378


状态 282

  785 start_partition: '-' • $@138 T_STRING turnoff

    $default  使用规则 784 以归约 ($@138)

    $@138  转到状态 379


状态 283

  782 partition_rules: partition_rules partition_rule •

    $default  使用规则 782 以归约 (partition_rules)


状态 284

  783 partition_rule: start_partition • partition_members ';'

    $default  使用规则 794 以归约 (partition_members)

    partition_members  转到状态 380


状态 285

  779 partitions_section: partitions_start partition_rules partitions_end •

    $default  使用规则 779 以归约 (partitions_section)


状态 286

  850 end_pin_props: K_END • K_PINPROPERTIES

    K_PINPROPERTIES  偏移，并进入状态 381


状态 287

  855 pin_prop_terminal: '-' • $@149 T_STRING T_STRING $@150 pin_prop_options ';'

    $default  使用规则 853 以归约 ($@149)

    $@149  转到状态 382


状态 288

  846 pin_props_section: begin_pin_props pin_prop_list end_pin_props •

    $default  使用规则 846 以归约 (pin_props_section)


状态 289

  852 pin_prop_list: pin_prop_list pin_prop_terminal •

    $default  使用规则 852 以归约 (pin_prop_list)


状态 290

  867 blockage_end: K_END • K_BLOCKAGES

    K_BLOCKAGES  偏移，并进入状态 383


状态 291

  873 blockage_rule: '-' • K_LAYER $@152 T_STRING $@153 layer_blockage_rules
  875              | '-' • K_PLACEMENT $@154 placement_comp_rules

    K_LAYER      偏移，并进入状态 384
    K_PLACEMENT  偏移，并进入状态 385


状态 292

  865 blockage_section: blockage_start blockage_defs blockage_end •

    $default  使用规则 865 以归约 (blockage_section)


状态 293

  869 blockage_defs: blockage_defs blockage_def •

    $default  使用规则 869 以归约 (blockage_defs)


状态 294

  870 blockage_def: blockage_rule • rectPoly_blockage rectPoly_blockage_rules ';'

    K_RECT     偏移，并进入状态 386
    K_POLYGON  偏移，并进入状态 387

    rectPoly_blockage  转到状态 388


状态 295

  903 slot_end: K_END • K_SLOTS

    K_SLOTS  偏移，并进入状态 389


状态 296

  909 slot_rule: '-' • K_LAYER $@158 T_STRING $@159 geom_slot

    K_LAYER  偏移，并进入状态 390


状态 297

  901 slot_section: slot_start slot_defs slot_end •

    $default  使用规则 901 以归约 (slot_section)


状态 298

  905 slot_defs: slot_defs slot_def •

    $default  使用规则 905 以归约 (slot_defs)


状态 299

  906 slot_def: slot_rule • geom_slot_rules ';'

    $default  使用规则 910 以归约 (geom_slot_rules)

    geom_slot_rules  转到状态 391


状态 300

  917 fill_end: K_END • K_FILLS

    K_FILLS  偏移，并进入状态 392


状态 301

  923 fill_def: '-' • K_VIA $@161 T_STRING $@162 fill_via_mask_opc_opt fill_via_pt ';'
  926 fill_rule: '-' • K_LAYER $@163 T_STRING $@164 fill_layer_mask_opc_opt geom_fill

    K_LAYER  偏移，并进入状态 393
    K_VIA    偏移，并进入状态 394


状态 302

  915 fill_section: fill_start fill_defs fill_end •

    $default  使用规则 915 以归约 (fill_section)


状态 303

  919 fill_defs: fill_defs fill_def •

    $default  使用规则 919 以归约 (fill_defs)


状态 304

  920 fill_def: fill_rule • geom_fill_rules ';'

    $default  使用规则 927 以归约 (geom_fill_rules)

    geom_fill_rules  转到状态 395


状态 305

  952 nondefault_def: '-' $@166 • T_STRING $@167 nondefault_options ';'

    T_STRING  偏移，并进入状态 396


状态 306

  945 nondefaultrule_section: nondefault_start nondefault_def nondefault_defs • nondefault_end
  949 nondefault_defs: nondefault_defs • nondefault_def

    K_END  偏移，并进入状态 397
    '-'    偏移，并进入状态 177

    nondefault_end  转到状态 398
    nondefault_def  转到状态 399


状态 307

  980 styles_end: K_END • K_STYLES

    K_STYLES  偏移，并进入状态 400


状态 308

  984 styles_rule: '-' • K_STYLE NUMBER $@174 firstPt nextPt otherPts ';'

    K_STYLE  偏移，并进入状态 401


状态 309

  978 styles_section: styles_start styles_rules styles_end •

    $default  使用规则 978 以归约 (styles_section)


状态 310

  982 styles_rules: styles_rules styles_rule •

    $default  使用规则 982 以归约 (styles_rules)


状态 311

   51 design_name: K_DESIGN $@2 T_STRING ';' •

    $default  使用规则 51 以归约 (design_name)


状态 312

   54 tech_name: K_TECH $@3 T_STRING ';' •

    $default  使用规则 54 以归约 (tech_name)


状态 313

   92 units: K_UNITS K_DISTANCE K_MICRONS NUMBER • ';'

    ';'  偏移，并进入状态 402


状态 314

   56 array_name: K_ARRAY $@4 T_STRING ';' •

    $default  使用规则 56 以归约 (array_name)


状态 315

   58 floorplan_name: K_FLOORPLAN $@5 T_STRING ';' •

    $default  使用规则 58 以归约 (floorplan_name)


状态 316

   96 canplace: K_CANPLACE $@18 T_STRING NUMBER • NUMBER orient K_DO NUMBER K_BY NUMBER K_STEP NUMBER NUMBER ';'

    NUMBER  偏移，并进入状态 403


状态 317

   98 cannotoccupy: K_CANNOTOCCUPY $@19 T_STRING NUMBER • NUMBER orient K_DO NUMBER K_BY NUMBER K_STEP NUMBER NUMBER ';'

    NUMBER  偏移，并进入状态 404


状态 318

  277 pt: '(' NUMBER • NUMBER ')'
  279   | '(' NUMBER • '*' ')'

    NUMBER  偏移，并进入状态 405
    '*'     偏移，并进入状态 406


状态 319

  278 pt: '(' '*' • NUMBER ')'
  280   | '(' '*' • '*' ')'

    NUMBER  偏移，并进入状态 407
    '*'     偏移，并进入状态 408


状态 320

  108 die_area: K_DIEAREA $@20 firstPt nextPt • otherPts ';'

    $default  使用规则 275 以归约 (otherPts)

    otherPts  转到状态 409


状态 321

  274 nextPt: pt •

    $default  使用规则 274 以归约 (nextPt)


状态 322

  244 gcellgrid: K_GCELLGRID track_type NUMBER K_DO • NUMBER K_STEP NUMBER ';'

    NUMBER  偏移，并进入状态 410


状态 323

  214 row_rule: K_ROW $@35 T_STRING T_STRING • NUMBER NUMBER orient $@36 row_do_option row_options ';'

    NUMBER  偏移，并进入状态 411


状态 324

   82 property_def: error • ';'

    ';'  偏移，并进入状态 412


状态 325

   65 property_def: K_DESIGN • $@7 T_STRING property_type_and_val ';'

    $default  使用规则 64 以归约 ($@7)

    $@7  转到状态 413


状态 326

   77 property_def: K_ROW • $@13 T_STRING property_type_and_val ';'

    $default  使用规则 76 以归约 ($@13)

    $@13  转到状态 414


状态 327

   71 property_def: K_REGION • $@10 T_STRING property_type_and_val ';'

    $default  使用规则 70 以归约 ($@10)

    $@10  转到状态 415


状态 328

   81 property_def: K_NONDEFAULTRULE • $@15 T_STRING property_type_and_val ';'

    $default  使用规则 80 以归约 ($@15)

    $@15  转到状态 416


状态 329

   73 property_def: K_GROUP • $@11 T_STRING property_type_and_val ';'

    $default  使用规则 72 以归约 ($@11)

    $@11  转到状态 417


状态 330

   67 property_def: K_NET • $@8 T_STRING property_type_and_val ';'

    $default  使用规则 66 以归约 ($@8)

    $@8  转到状态 418


状态 331

   61 prop_def_section: K_PROPERTYDEFINITIONS $@6 property_defs K_END • K_PROPERTYDEFINITIONS

    K_PROPERTYDEFINITIONS  偏移，并进入状态 419


状态 332

   75 property_def: K_COMPONENT • $@12 T_STRING property_type_and_val ';'

    $default  使用规则 74 以归约 ($@12)

    $@12  转到状态 420


状态 333

   69 property_def: K_SNET • $@9 T_STRING property_type_and_val ';'

    $default  使用规则 68 以归约 ($@9)

    $@9  转到状态 421


状态 334

   79 property_def: K_COMPONENTPIN • $@14 T_STRING property_type_and_val ';'

    $default  使用规则 78 以归约 ($@14)

    $@14  转到状态 422


状态 335

   63 property_defs: property_defs property_def •

    $default  使用规则 63 以归约 (property_defs)


状态 336

  113 pin_cap: K_MINPINS NUMBER • K_WIRECAP NUMBER ';'

    K_WIRECAP  偏移，并进入状态 423


状态 337

  114 end_def_cap: K_END K_DEFAULTCAP •

    $default  使用规则 114 以归约 (end_def_cap)


状态 338

  211 end_pins: K_END K_PINS •

    $default  使用规则 211 以归约 (end_pins)


状态 339

  122 pin: '-' $@21 • T_STRING '+' K_NET $@22 T_STRING $@23 pin_options ';'

    T_STRING  偏移，并进入状态 424


状态 340

  229 tracks_rule: track_start NUMBER $@38 K_DO • NUMBER K_STEP NUMBER track_opts ';'

    NUMBER  偏移，并进入状态 425


状态 341

  283 via_end: K_END K_VIAS •

    $default  使用规则 283 以归约 (via_end)


状态 342

  253 via_declaration: '-' $@40 • T_STRING $@41 layer_stmts ';'

    T_STRING  偏移，并进入状态 426


状态 343

  284 regions_section: regions_start regions_stmts K_END K_REGIONS •

    $default  使用规则 284 以归约 (regions_section)


状态 344

  290 regions_stmt: '-' $@49 • T_STRING $@50 rect_list region_options ';'

    T_STRING  偏移，并进入状态 427


状态 345

  377 end_comps: K_END K_COMPS •

    $default  使用规则 377 以归约 (end_comps)


状态 346

  316 comp_id_and_name: '-' $@52 • T_STRING T_STRING

    T_STRING  偏移，并进入状态 428


状态 347

  313 comp: comp_start comp_options • ';'
  321 comp_options: comp_options • comp_option

    ';'  偏移，并进入状态 429
    '+'  偏移，并进入状态 430

    extension_stmt       转到状态 431
    comp_option          转到状态 432
    comp_extension_stmt  转到状态 433
    comp_eeq             转到状态 434
    comp_generate        转到状态 435
    comp_source          转到状态 436
    comp_region          转到状态 437
    comp_halo            转到状态 438
    comp_routehalo       转到状态 439
    comp_property        转到状态 440
    comp_region_start    转到状态 441
    comp_foreign         转到状态 442
    comp_type            转到状态 443
    maskShift            转到状态 444
    placement_status     转到状态 445
    weight               转到状态 446


状态 348

  314 comp_start: comp_id_and_name comp_net_list •
  318 comp_net_list: comp_net_list • '*'
  319              | comp_net_list • T_STRING

    T_STRING  偏移，并进入状态 447
    '*'       偏移，并进入状态 448

    $default  使用规则 314 以归约 (comp_start)


状态 349

  508 end_nets: K_END K_NETS •

    $default  使用规则 508 以归约 (end_nets)


状态 350

  385 net_start: '-' $@60 • net_name

    T_STRING    偏移，并进入状态 449
    K_MUSTJOIN  偏移，并进入状态 450

    net_name  转到状态 451


状态 351

  382 one_net: net_and_connections net_options • ';'
  402 net_options: net_options • net_option

    ';'  偏移，并进入状态 452
    '+'  偏移，并进入状态 453

    extension_stmt  转到状态 454
    net_option      转到状态 455
    vpin_stmt       转到状态 456
    vpin_begin      转到状态 457


状态 352

  601 end_snets: K_END K_SNETS •

    $default  使用规则 601 以归约 (end_snets)


状态 353

  524 snet_rule: net_and_connections snet_options • ';'
  526 snet_options: snet_options • snet_option

    ';'  偏移，并进入状态 458
    '+'  偏移，并进入状态 459

    extension_stmt     转到状态 460
    snet_option        转到状态 461
    snet_other_option  转到状态 462
    snet_width         转到状态 463
    snet_voltage       转到状态 464
    snet_spacing       转到状态 465


状态 354

  632 groups_end: K_END K_GROUPS •

    $default  使用规则 632 以归约 (groups_end)


状态 355

  608 start_group: '-' $@104 • T_STRING

    T_STRING  偏移，并进入状态 466


状态 356

  606 group_rule: start_group group_members • group_options ';'
  610 group_members: group_members • group_member

    T_STRING  偏移，并进入状态 467

    $default  使用规则 612 以归约 (group_options)

    group_member   转到状态 468
    group_options  转到状态 469


状态 357

  662 assertions_end: K_END K_ASSERTIONS •

    $default  使用规则 662 以归约 (assertions_end)


状态 358

  643 operand: K_NET • $@107 T_STRING

    $default  使用规则 642 以归约 ($@107)

    $@107  转到状态 470


状态 359

  645 operand: K_PATH • $@108 T_STRING T_STRING T_STRING T_STRING

    $default  使用规则 644 以归约 ($@108)

    $@108  转到状态 471


状态 360

  646 operand: K_SUM • '(' operand_list ')'

    '('  偏移，并进入状态 472


状态 361

  647 operand: K_DIFF • '(' operand_list ')'

    '('  偏移，并进入状态 473


状态 362

  652 wiredlogic_rule: '-' K_WIREDLOGIC • $@109 T_STRING opt_plus K_MAXDIST NUMBER ';'

    $default  使用规则 651 以归约 ($@109)

    $@109  转到状态 474


状态 363

  641 operand_rule: '-' operand • delay_specs ';'

    $default  使用规则 655 以归约 (delay_specs)

    delay_specs  转到状态 475


状态 364

  661 constraints_end: K_END K_CONSTRAINTS •

    $default  使用规则 661 以归约 (constraints_end)


状态 365

  708 scanchain_end: K_END K_SCANCHAINS •

    $default  使用规则 708 以归约 (scanchain_end)


状态 366

  669 start_scan: '-' $@110 • T_STRING

    T_STRING  偏移，并进入状态 476


状态 367

  667 scan_rule: start_scan scan_members • ';'
  671 scan_members: scan_members • scan_member

    ';'  偏移，并进入状态 477
    '+'  偏移，并进入状态 478

    extension_stmt  转到状态 479
    scan_member     转到状态 480


状态 368

  735 iotiming_end: K_END K_IOTIMINGS •

    $default  使用规则 735 以归约 (iotiming_end)


状态 369

  715 start_iotiming: '-' '(' • $@119 T_STRING T_STRING ')'

    $default  使用规则 714 以归约 ($@119)

    $@119  转到状态 481


状态 370

  713 iotiming_rule: start_iotiming iotiming_members • ';'
  717 iotiming_members: iotiming_members • iotiming_member

    ';'  偏移，并进入状态 482
    '+'  偏移，并进入状态 483

    extension_stmt   转到状态 484
    iotiming_member  转到状态 485


状态 371

  736 floorplan_contraints_section: fp_start fp_stmts K_END K_FPC •

    $default  使用规则 736 以归约 (floorplan_contraints_section)


状态 372

  742 fp_stmt: '-' $@125 • T_STRING h_or_v $@126 constraint_type constrain_what_list ';'

    T_STRING  偏移，并进入状态 486


状态 373

  778 timingdisables_end: K_END K_TIMINGDISABLES •

    $default  使用规则 778 以归约 (timingdisables_end)


状态 374

  767 timingdisables_rule: '-' K_FROMPIN • $@131 T_STRING T_STRING K_TOPIN $@132 T_STRING T_STRING ';'

    $default  使用规则 765 以归约 ($@131)

    $@131  转到状态 487


状态 375

  769 timingdisables_rule: '-' K_THRUPIN • $@133 T_STRING T_STRING ';'

    $default  使用规则 768 以归约 ($@133)

    $@133  转到状态 488


状态 376

  771 timingdisables_rule: '-' K_MACRO • $@134 T_STRING td_macro_option ';'

    $default  使用规则 770 以归约 ($@134)

    $@134  转到状态 489


状态 377

  772 timingdisables_rule: '-' K_REENTRANTPATHS • ';'

    ';'  偏移，并进入状态 490


状态 378

  829 partitions_end: K_END K_PARTITIONS •

    $default  使用规则 829 以归约 (partitions_end)


状态 379

  785 start_partition: '-' $@138 • T_STRING turnoff

    T_STRING  偏移，并进入状态 491


状态 380

  783 partition_rule: start_partition partition_members • ';'
  795 partition_members: partition_members • partition_member

    ';'  偏移，并进入状态 492
    '+'  偏移，并进入状态 493

    extension_stmt    转到状态 494
    partition_member  转到状态 495


状态 381

  850 end_pin_props: K_END K_PINPROPERTIES •

    $default  使用规则 850 以归约 (end_pin_props)


状态 382

  855 pin_prop_terminal: '-' $@149 • T_STRING T_STRING $@150 pin_prop_options ';'

    T_STRING  偏移，并进入状态 496


状态 383

  867 blockage_end: K_END K_BLOCKAGES •

    $default  使用规则 867 以归约 (blockage_end)


状态 384

  873 blockage_rule: '-' K_LAYER • $@152 T_STRING $@153 layer_blockage_rules

    $default  使用规则 871 以归约 ($@152)

    $@152  转到状态 497


状态 385

  875 blockage_rule: '-' K_PLACEMENT • $@154 placement_comp_rules

    $default  使用规则 874 以归约 ($@154)

    $@154  转到状态 498


状态 386

  898 rectPoly_blockage: K_RECT • pt pt

    '('  偏移，并进入状态 188

    pt  转到状态 499


状态 387

  900 rectPoly_blockage: K_POLYGON • $@157 firstPt nextPt nextPt otherPts

    $default  使用规则 899 以归约 ($@157)

    $@157  转到状态 500


状态 388

  870 blockage_def: blockage_rule rectPoly_blockage • rectPoly_blockage_rules ';'

    $default  使用规则 896 以归约 (rectPoly_blockage_rules)

    rectPoly_blockage_rules  转到状态 501


状态 389

  903 slot_end: K_END K_SLOTS •

    $default  使用规则 903 以归约 (slot_end)


状态 390

  909 slot_rule: '-' K_LAYER • $@158 T_STRING $@159 geom_slot

    $default  使用规则 907 以归约 ($@158)

    $@158  转到状态 502


状态 391

  906 slot_def: slot_rule geom_slot_rules • ';'
  911 geom_slot_rules: geom_slot_rules • geom_slot

    K_RECT     偏移，并进入状态 503
    K_POLYGON  偏移，并进入状态 504
    ';'        偏移，并进入状态 505

    geom_slot  转到状态 506


状态 392

  917 fill_end: K_END K_FILLS •

    $default  使用规则 917 以归约 (fill_end)


状态 393

  926 fill_rule: '-' K_LAYER • $@163 T_STRING $@164 fill_layer_mask_opc_opt geom_fill

    $default  使用规则 924 以归约 ($@163)

    $@163  转到状态 507


状态 394

  923 fill_def: '-' K_VIA • $@161 T_STRING $@162 fill_via_mask_opc_opt fill_via_pt ';'

    $default  使用规则 921 以归约 ($@161)

    $@161  转到状态 508


状态 395

  920 fill_def: fill_rule geom_fill_rules • ';'
  928 geom_fill_rules: geom_fill_rules • geom_fill

    K_RECT     偏移，并进入状态 509
    K_POLYGON  偏移，并进入状态 510
    ';'        偏移，并进入状态 511

    geom_fill  转到状态 512


状态 396

  952 nondefault_def: '-' $@166 T_STRING • $@167 nondefault_options ';'

    $default  使用规则 951 以归约 ($@167)

    $@167  转到状态 513


状态 397

  947 nondefault_end: K_END • K_NONDEFAULTRULES

    K_NONDEFAULTRULES  偏移，并进入状态 514


状态 398

  945 nondefaultrule_section: nondefault_start nondefault_def nondefault_defs nondefault_end •

    $default  使用规则 945 以归约 (nondefaultrule_section)


状态 399

  949 nondefault_defs: nondefault_defs nondefault_def •

    $default  使用规则 949 以归约 (nondefault_defs)


状态 400

  980 styles_end: K_END K_STYLES •

    $default  使用规则 980 以归约 (styles_end)


状态 401

  984 styles_rule: '-' K_STYLE • NUMBER $@174 firstPt nextPt otherPts ';'

    NUMBER  偏移，并进入状态 515


状态 402

   92 units: K_UNITS K_DISTANCE K_MICRONS NUMBER ';' •

    $default  使用规则 92 以归约 (units)


状态 403

   96 canplace: K_CANPLACE $@18 T_STRING NUMBER NUMBER • orient K_DO NUMBER K_BY NUMBER K_STEP NUMBER NUMBER ';'

    K_N   偏移，并进入状态 516
    K_S   偏移，并进入状态 517
    K_E   偏移，并进入状态 518
    K_W   偏移，并进入状态 519
    K_FN  偏移，并进入状态 520
    K_FE  偏移，并进入状态 521
    K_FS  偏移，并进入状态 522
    K_FW  偏移，并进入状态 523

    orient  转到状态 524


状态 404

   98 cannotoccupy: K_CANNOTOCCUPY $@19 T_STRING NUMBER NUMBER • orient K_DO NUMBER K_BY NUMBER K_STEP NUMBER NUMBER ';'

    K_N   偏移，并进入状态 516
    K_S   偏移，并进入状态 517
    K_E   偏移，并进入状态 518
    K_W   偏移，并进入状态 519
    K_FN  偏移，并进入状态 520
    K_FE  偏移，并进入状态 521
    K_FS  偏移，并进入状态 522
    K_FW  偏移，并进入状态 523

    orient  转到状态 525


状态 405

  277 pt: '(' NUMBER NUMBER • ')'

    ')'  偏移，并进入状态 526


状态 406

  279 pt: '(' NUMBER '*' • ')'

    ')'  偏移，并进入状态 527


状态 407

  278 pt: '(' '*' NUMBER • ')'

    ')'  偏移，并进入状态 528


状态 408

  280 pt: '(' '*' '*' • ')'

    ')'  偏移，并进入状态 529


状态 409

  108 die_area: K_DIEAREA $@20 firstPt nextPt otherPts • ';'
  276 otherPts: otherPts • nextPt

    ';'  偏移，并进入状态 530
    '('  偏移，并进入状态 188

    nextPt  转到状态 531
    pt      转到状态 321


状态 410

  244 gcellgrid: K_GCELLGRID track_type NUMBER K_DO NUMBER • K_STEP NUMBER ';'

    K_STEP  偏移，并进入状态 532


状态 411

  214 row_rule: K_ROW $@35 T_STRING T_STRING NUMBER • NUMBER orient $@36 row_do_option row_options ';'

    NUMBER  偏移，并进入状态 533


状态 412

   82 property_def: error ';' •

    $default  使用规则 82 以归约 (property_def)


状态 413

   65 property_def: K_DESIGN $@7 • T_STRING property_type_and_val ';'

    T_STRING  偏移，并进入状态 534


状态 414

   77 property_def: K_ROW $@13 • T_STRING property_type_and_val ';'

    T_STRING  偏移，并进入状态 535


状态 415

   71 property_def: K_REGION $@10 • T_STRING property_type_and_val ';'

    T_STRING  偏移，并进入状态 536


状态 416

   81 property_def: K_NONDEFAULTRULE $@15 • T_STRING property_type_and_val ';'

    T_STRING  偏移，并进入状态 537


状态 417

   73 property_def: K_GROUP $@11 • T_STRING property_type_and_val ';'

    T_STRING  偏移，并进入状态 538


状态 418

   67 property_def: K_NET $@8 • T_STRING property_type_and_val ';'

    T_STRING  偏移，并进入状态 539


状态 419

   61 prop_def_section: K_PROPERTYDEFINITIONS $@6 property_defs K_END K_PROPERTYDEFINITIONS •

    $default  使用规则 61 以归约 (prop_def_section)


状态 420

   75 property_def: K_COMPONENT $@12 • T_STRING property_type_and_val ';'

    T_STRING  偏移，并进入状态 540


状态 421

   69 property_def: K_SNET $@9 • T_STRING property_type_and_val ';'

    T_STRING  偏移，并进入状态 541


状态 422

   79 property_def: K_COMPONENTPIN $@14 • T_STRING property_type_and_val ';'

    T_STRING  偏移，并进入状态 542


状态 423

  113 pin_cap: K_MINPINS NUMBER K_WIRECAP • NUMBER ';'

    NUMBER  偏移，并进入状态 543


状态 424

  122 pin: '-' $@21 T_STRING • '+' K_NET $@22 T_STRING $@23 pin_options ';'

    '+'  偏移，并进入状态 544


状态 425

  229 tracks_rule: track_start NUMBER $@38 K_DO NUMBER • K_STEP NUMBER track_opts ';'

    K_STEP  偏移，并进入状态 545


状态 426

  253 via_declaration: '-' $@40 T_STRING • $@41 layer_stmts ';'

    $default  使用规则 252 以归约 ($@41)

    $@41  转到状态 546


状态 427

  290 regions_stmt: '-' $@49 T_STRING • $@50 rect_list region_options ';'

    $default  使用规则 289 以归约 ($@50)

    $@50  转到状态 547


状态 428

  316 comp_id_and_name: '-' $@52 T_STRING • T_STRING

    T_STRING  偏移，并进入状态 548


状态 429

  313 comp: comp_start comp_options ';' •

    $default  使用规则 313 以归约 (comp)


状态 430

  246 extension_stmt: '+' • K_BEGINEXT
  336 comp_eeq: '+' • K_EEQMASTER $@53 T_STRING
  338 comp_generate: '+' • K_COMP_GEN $@54 T_STRING opt_pattern
  341 comp_source: '+' • K_SOURCE source_type
  351 comp_halo: '+' • K_HALO $@55 halo_soft NUMBER NUMBER NUMBER NUMBER
  355 comp_routehalo: '+' • K_ROUTEHALO NUMBER $@56 T_STRING T_STRING
  357 comp_property: '+' • K_PROPERTY $@57 comp_prop_list
  363 comp_region_start: '+' • K_REGION
  365 comp_foreign: '+' • K_FOREIGN $@58 T_STRING opt_paren orient
  369 comp_type: '+' • K_UNPLACED
  370          | '+' • K_UNPLACED pt orient
  372 maskShift: '+' • K_MASKSHIFT $@59 T_STRING
  373 placement_status: '+' • K_FIXED
  374                 | '+' • K_COVER
  375                 | '+' • K_PLACED
  376 weight: '+' • K_WEIGHT NUMBER

    K_COMP_GEN   偏移，并进入状态 549
    K_SOURCE     偏移，并进入状态 550
    K_WEIGHT     偏移，并进入状态 551
    K_EEQMASTER  偏移，并进入状态 552
    K_FIXED      偏移，并进入状态 553
    K_COVER      偏移，并进入状态 554
    K_UNPLACED   偏移，并进入状态 555
    K_PLACED     偏移，并进入状态 556
    K_FOREIGN    偏移，并进入状态 557
    K_REGION     偏移，并进入状态 558
    K_PROPERTY   偏移，并进入状态 559
    K_BEGINEXT   偏移，并进入状态 560
    K_MASKSHIFT  偏移，并进入状态 561
    K_HALO       偏移，并进入状态 562
    K_ROUTEHALO  偏移，并进入状态 563


状态 431

  334 comp_extension_stmt: extension_stmt •

    $default  使用规则 334 以归约 (comp_extension_stmt)


状态 432

  321 comp_options: comp_options comp_option •

    $default  使用规则 321 以归约 (comp_options)


状态 433

  333 comp_option: comp_extension_stmt •

    $default  使用规则 333 以归约 (comp_option)


状态 434

  329 comp_option: comp_eeq •

    $default  使用规则 329 以归约 (comp_option)


状态 435

  322 comp_option: comp_generate •

    $default  使用规则 322 以归约 (comp_option)


状态 436

  323 comp_option: comp_source •

    $default  使用规则 323 以归约 (comp_option)


状态 437

  328 comp_option: comp_region •

    $default  使用规则 328 以归约 (comp_option)


状态 438

  330 comp_option: comp_halo •

    $default  使用规则 330 以归约 (comp_option)


状态 439

  331 comp_option: comp_routehalo •

    $default  使用规则 331 以归约 (comp_option)


状态 440

  332 comp_option: comp_property •

    $default  使用规则 332 以归约 (comp_option)


状态 441

  346 comp_region: comp_region_start • comp_pnt_list
  347            | comp_region_start • T_STRING

    T_STRING  偏移，并进入状态 564
    '('       偏移，并进入状态 188

    pt             转到状态 565
    comp_pnt_list  转到状态 566


状态 442

  327 comp_option: comp_foreign •

    $default  使用规则 327 以归约 (comp_option)


状态 443

  324 comp_option: comp_type •

    $default  使用规则 324 以归约 (comp_option)


状态 444

  326 comp_option: maskShift •

    $default  使用规则 326 以归约 (comp_option)


状态 445

  368 comp_type: placement_status • pt orient

    '('  偏移，并进入状态 188

    pt  转到状态 567


状态 446

  325 comp_option: weight •

    $default  使用规则 325 以归约 (comp_option)


状态 447

  319 comp_net_list: comp_net_list T_STRING •

    $default  使用规则 319 以归约 (comp_net_list)


状态 448

  318 comp_net_list: comp_net_list '*' •

    $default  使用规则 318 以归约 (comp_net_list)


状态 449

  387 net_name: T_STRING • $@61 net_connections

    $default  使用规则 386 以归约 ($@61)

    $@61  转到状态 568


状态 450

  389 net_name: K_MUSTJOIN • '(' T_STRING $@62 T_STRING ')'

    '('  偏移，并进入状态 569


状态 451

  385 net_start: '-' $@60 net_name •

    $default  使用规则 385 以归约 (net_start)


状态 452

  382 one_net: net_and_connections net_options ';' •

    $default  使用规则 382 以归约 (one_net)


状态 453

  246 extension_stmt: '+' • K_BEGINEXT
  404 net_option: '+' • net_type $@66 paths
  405           | '+' • K_SOURCE netsource_type
  406           | '+' • K_FIXEDBUMP
  408           | '+' • K_FREQUENCY $@67 NUMBER
  410           | '+' • K_ORIGINAL $@68 T_STRING
  411           | '+' • K_PATTERN pattern_type
  412           | '+' • K_WEIGHT NUMBER
  413           | '+' • K_XTALK NUMBER
  414           | '+' • K_ESTCAP NUMBER
  415           | '+' • K_USE use_type
  416           | '+' • K_STYLE NUMBER
  418           | '+' • K_NONDEFAULTRULE $@69 T_STRING
  421           | '+' • K_SHIELDNET $@70 T_STRING
  424           | '+' • K_NOSHIELD $@71 $@72 paths
  428           | '+' • K_SUBNET $@73 T_STRING $@74 comp_names $@75 subnet_options
  430           | '+' • K_PROPERTY $@76 net_prop_list
  445 vpin_begin: '+' • K_VPIN $@78 T_STRING

    K_SOURCE          偏移，并进入状态 570
    K_WEIGHT          偏移，并进入状态 571
    K_FIXED           偏移，并进入状态 572
    K_COVER           偏移，并进入状态 573
    K_ORIGINAL        偏移，并进入状态 574
    K_USE             偏移，并进入状态 575
    K_STYLE           偏移，并进入状态 576
    K_PATTERN         偏移，并进入状态 577
    K_ESTCAP          偏移，并进入状态 578
    K_ROUTED          偏移，并进入状态 579
    K_NONDEFAULTRULE  偏移，并进入状态 580
    K_VPIN            偏移，并进入状态 581
    K_SUBNET          偏移，并进入状态 582
    K_XTALK           偏移，并进入状态 583
    K_PROPERTY        偏移，并进入状态 584
    K_BEGINEXT        偏移，并进入状态 560
    K_SHIELDNET       偏移，并进入状态 585
    K_NOSHIELD        偏移，并进入状态 586
    K_FIXEDBUMP       偏移，并进入状态 587
    K_FREQUENCY       偏移，并进入状态 588

    net_type  转到状态 589


状态 454

  431 net_option: extension_stmt •

    $default  使用规则 431 以归约 (net_option)


状态 455

  402 net_options: net_options net_option •

    $default  使用规则 402 以归约 (net_options)


状态 456

  419 net_option: vpin_stmt •

    $default  使用规则 419 以归约 (net_option)


状态 457

  443 vpin_stmt: vpin_begin • vpin_layer_opt pt pt $@77 vpin_options

    K_LAYER  偏移，并进入状态 590

    $default  使用规则 446 以归约 (vpin_layer_opt)

    vpin_layer_opt  转到状态 591


状态 458

  524 snet_rule: net_and_connections snet_options ';' •

    $default  使用规则 524 以归约 (snet_rule)


状态 459

  246 extension_stmt: '+' • K_BEGINEXT
  531 snet_other_option: '+' • net_type
  533                  | '+' • net_type $@86 spaths
  536                  | '+' • K_SHIELD $@87 T_STRING $@88 shield_layer
  537                  | '+' • K_SHAPE shape_type
  538                  | '+' • K_MASK NUMBER
  541                  | '+' • K_POLYGON $@89 T_STRING $@90 firstPt nextPt nextPt otherPts
  543                  | '+' • K_RECT $@91 T_STRING pt pt
  546                  | '+' • K_VIA $@92 T_STRING orient_pt $@93 firstPt otherPts
  547                  | '+' • K_SOURCE source_type
  548                  | '+' • K_FIXEDBUMP
  549                  | '+' • K_FREQUENCY NUMBER
  551                  | '+' • K_ORIGINAL $@94 T_STRING
  552                  | '+' • K_PATTERN pattern_type
  553                  | '+' • K_WEIGHT NUMBER
  554                  | '+' • K_ESTCAP NUMBER
  555                  | '+' • K_USE use_type
  556                  | '+' • K_STYLE NUMBER
  558                  | '+' • K_PROPERTY $@95 snet_prop_list
  573 snet_width: '+' • K_WIDTH $@97 T_STRING NUMBER
  575 snet_voltage: '+' • K_VOLTAGE $@98 T_STRING
  578 snet_spacing: '+' • K_SPACING $@99 T_STRING NUMBER $@100 opt_snet_range

    K_RECT       偏移，并进入状态 592
    K_SOURCE     偏移，并进入状态 593
    K_WEIGHT     偏移，并进入状态 594
    K_FIXED      偏移，并进入状态 572
    K_COVER      偏移，并进入状态 573
    K_ORIGINAL   偏移，并进入状态 595
    K_USE        偏移，并进入状态 596
    K_STYLE      偏移，并进入状态 597
    K_PATTERN    偏移，并进入状态 598
    K_ESTCAP     偏移，并进入状态 599
    K_ROUTED     偏移，并进入状态 579
    K_SHAPE      偏移，并进入状态 600
    K_WIDTH      偏移，并进入状态 601
    K_VOLTAGE    偏移，并进入状态 602
    K_SPACING    偏移，并进入状态 603
    K_PROPERTY   偏移，并进入状态 604
    K_BEGINEXT   偏移，并进入状态 560
    K_MASK       偏移，并进入状态 605
    K_SHIELD     偏移，并进入状态 606
    K_FIXEDBUMP  偏移，并进入状态 607
    K_FREQUENCY  偏移，并进入状态 608
    K_POLYGON    偏移，并进入状态 609
    K_VIA        偏移，并进入状态 610

    net_type  转到状态 611


状态 460

  559 snet_other_option: extension_stmt •

    $default  使用规则 559 以归约 (snet_other_option)


状态 461

  526 snet_options: snet_options snet_option •

    $default  使用规则 526 以归约 (snet_options)


状态 462

  530 snet_option: snet_other_option •

    $default  使用规则 530 以归约 (snet_option)


状态 463

  527 snet_option: snet_width •

    $default  使用规则 527 以归约 (snet_option)


状态 464

  528 snet_option: snet_voltage •

    $default  使用规则 528 以归约 (snet_option)


状态 465

  529 snet_option: snet_spacing •

    $default  使用规则 529 以归约 (snet_option)


状态 466

  608 start_group: '-' $@104 T_STRING •

    $default  使用规则 608 以归约 (start_group)


状态 467

  611 group_member: T_STRING •

    $default  使用规则 611 以归约 (group_member)


状态 468

  610 group_members: group_members group_member •

    $default  使用规则 610 以归约 (group_members)


状态 469

  606 group_rule: start_group group_members group_options • ';'
  613 group_options: group_options • group_option

    ';'  偏移，并进入状态 612
    '+'  偏移，并进入状态 613

    extension_stmt  转到状态 614
    group_option    转到状态 615


状态 470

  643 operand: K_NET $@107 • T_STRING

    T_STRING  偏移，并进入状态 616


状态 471

  645 operand: K_PATH $@108 • T_STRING T_STRING T_STRING T_STRING

    T_STRING  偏移，并进入状态 617


状态 472

  646 operand: K_SUM '(' • operand_list ')'

    K_NET   偏移，并进入状态 358
    K_PATH  偏移，并进入状态 359
    K_SUM   偏移，并进入状态 360
    K_DIFF  偏移，并进入状态 361

    operand       转到状态 618
    operand_list  转到状态 619


状态 473

  647 operand: K_DIFF '(' • operand_list ')'

    K_NET   偏移，并进入状态 358
    K_PATH  偏移，并进入状态 359
    K_SUM   偏移，并进入状态 360
    K_DIFF  偏移，并进入状态 361

    operand       转到状态 618
    operand_list  转到状态 620


状态 474

  652 wiredlogic_rule: '-' K_WIREDLOGIC $@109 • T_STRING opt_plus K_MAXDIST NUMBER ';'

    T_STRING  偏移，并进入状态 621


状态 475

  641 operand_rule: '-' operand delay_specs • ';'
  656 delay_specs: delay_specs • delay_spec

    ';'  偏移，并进入状态 622
    '+'  偏移，并进入状态 623

    delay_spec  转到状态 624


状态 476

  669 start_scan: '-' $@110 T_STRING •

    $default  使用规则 669 以归约 (start_scan)


状态 477

  667 scan_rule: start_scan scan_members ';' •

    $default  使用规则 667 以归约 (scan_rule)


状态 478

  246 extension_stmt: '+' • K_BEGINEXT
  675 scan_member: '+' • K_START $@111 T_STRING opt_pin
  677            | '+' • K_FLOATING $@112 floating_inst_list
  679            | '+' • K_ORDERED $@113 ordered_inst_list
  681            | '+' • K_STOP $@114 T_STRING opt_pin
  683            | '+' • K_COMMONSCANPINS $@115 opt_common_pins
  685            | '+' • K_PARTITION $@116 T_STRING partition_maxbits

    K_START           偏移，并进入状态 625
    K_FLOATING        偏移，并进入状态 626
    K_ORDERED         偏移，并进入状态 627
    K_STOP            偏移，并进入状态 628
    K_BEGINEXT        偏移，并进入状态 560
    K_COMMONSCANPINS  偏移，并进入状态 629
    K_PARTITION       偏移，并进入状态 630


状态 479

  686 scan_member: extension_stmt •

    $default  使用规则 686 以归约 (scan_member)


状态 480

  671 scan_members: scan_members scan_member •

    $default  使用规则 671 以归约 (scan_members)


状态 481

  715 start_iotiming: '-' '(' $@119 • T_STRING T_STRING ')'

    T_STRING  偏移，并进入状态 631


状态 482

  713 iotiming_rule: start_iotiming iotiming_members ';' •

    $default  使用规则 713 以归约 (iotiming_rule)


状态 483

  246 extension_stmt: '+' • K_BEGINEXT
  718 iotiming_member: '+' • risefall K_VARIABLE NUMBER NUMBER
  719                | '+' • risefall K_SLEWRATE NUMBER NUMBER
  720                | '+' • K_CAPACITANCE NUMBER
  723                | '+' • K_DRIVECELL $@120 T_STRING $@121 iotiming_drivecell_opt

    K_RISE         偏移，并进入状态 632
    K_FALL         偏移，并进入状态 633
    K_CAPACITANCE  偏移，并进入状态 634
    K_DRIVECELL    偏移，并进入状态 635
    K_BEGINEXT     偏移，并进入状态 560

    risefall  转到状态 636


状态 484

  724 iotiming_member: extension_stmt •

    $default  使用规则 724 以归约 (iotiming_member)


状态 485

  717 iotiming_members: iotiming_members iotiming_member •

    $default  使用规则 717 以归约 (iotiming_members)


状态 486

  742 fp_stmt: '-' $@125 T_STRING • h_or_v $@126 constraint_type constrain_what_list ';'

    K_HORIZONTAL  偏移，并进入状态 637
    K_VERTICAL    偏移，并进入状态 638

    h_or_v  转到状态 639


状态 487

  767 timingdisables_rule: '-' K_FROMPIN $@131 • T_STRING T_STRING K_TOPIN $@132 T_STRING T_STRING ';'

    T_STRING  偏移，并进入状态 640


状态 488

  769 timingdisables_rule: '-' K_THRUPIN $@133 • T_STRING T_STRING ';'

    T_STRING  偏移，并进入状态 641


状态 489

  771 timingdisables_rule: '-' K_MACRO $@134 • T_STRING td_macro_option ';'

    T_STRING  偏移，并进入状态 642


状态 490

  772 timingdisables_rule: '-' K_REENTRANTPATHS ';' •

    $default  使用规则 772 以归约 (timingdisables_rule)


状态 491

  785 start_partition: '-' $@138 T_STRING • turnoff

    K_TURNOFF  偏移，并进入状态 643

    $default  使用规则 786 以归约 (turnoff)

    turnoff  转到状态 644


状态 492

  783 partition_rule: start_partition partition_members ';' •

    $default  使用规则 783 以归约 (partition_rule)


状态 493

  246 extension_stmt: '+' • K_BEGINEXT
  797 partition_member: '+' • K_FROMCLOCKPIN $@139 T_STRING T_STRING risefall minmaxpins
  799                 | '+' • K_FROMCOMPPIN $@140 T_STRING T_STRING risefallminmax2_list
  801                 | '+' • K_FROMIOPIN $@141 T_STRING risefallminmax1_list
  803                 | '+' • K_TOCLOCKPIN $@142 T_STRING T_STRING risefall minmaxpins
  805                 | '+' • K_TOCOMPPIN $@143 T_STRING T_STRING risefallminmax2_list
  807                 | '+' • K_TOIOPIN $@144 T_STRING risefallminmax1_list

    K_FROMCLOCKPIN  偏移，并进入状态 645
    K_FROMCOMPPIN   偏移，并进入状态 646
    K_FROMIOPIN     偏移，并进入状态 647
    K_TOCLOCKPIN    偏移，并进入状态 648
    K_TOCOMPPIN     偏移，并进入状态 649
    K_TOIOPIN       偏移，并进入状态 650
    K_BEGINEXT      偏移，并进入状态 560


状态 494

  808 partition_member: extension_stmt •

    $default  使用规则 808 以归约 (partition_member)


状态 495

  795 partition_members: partition_members partition_member •

    $default  使用规则 795 以归约 (partition_members)


状态 496

  855 pin_prop_terminal: '-' $@149 T_STRING • T_STRING $@150 pin_prop_options ';'

    T_STRING  偏移，并进入状态 651


状态 497

  873 blockage_rule: '-' K_LAYER $@152 • T_STRING $@153 layer_blockage_rules

    T_STRING  偏移，并进入状态 652


状态 498

  875 blockage_rule: '-' K_PLACEMENT $@154 • placement_comp_rules

    $default  使用规则 889 以归约 (placement_comp_rules)

    placement_comp_rules  转到状态 653


状态 499

  898 rectPoly_blockage: K_RECT pt • pt

    '('  偏移，并进入状态 188

    pt  转到状态 654


状态 500

  900 rectPoly_blockage: K_POLYGON $@157 • firstPt nextPt nextPt otherPts

    '('  偏移，并进入状态 188

    firstPt  转到状态 655
    pt       转到状态 190


状态 501

  870 blockage_def: blockage_rule rectPoly_blockage rectPoly_blockage_rules • ';'
  897 rectPoly_blockage_rules: rectPoly_blockage_rules • rectPoly_blockage

    K_RECT     偏移，并进入状态 386
    K_POLYGON  偏移，并进入状态 387
    ';'        偏移，并进入状态 656

    rectPoly_blockage  转到状态 657


状态 502

  909 slot_rule: '-' K_LAYER $@158 • T_STRING $@159 geom_slot

    T_STRING  偏移，并进入状态 658


状态 503

  912 geom_slot: K_RECT • pt pt

    '('  偏移，并进入状态 188

    pt  转到状态 659


状态 504

  914 geom_slot: K_POLYGON • $@160 firstPt nextPt nextPt otherPts

    $default  使用规则 913 以归约 ($@160)

    $@160  转到状态 660


状态 505

  906 slot_def: slot_rule geom_slot_rules ';' •

    $default  使用规则 906 以归约 (slot_def)


状态 506

  911 geom_slot_rules: geom_slot_rules geom_slot •

    $default  使用规则 911 以归约 (geom_slot_rules)


状态 507

  926 fill_rule: '-' K_LAYER $@163 • T_STRING $@164 fill_layer_mask_opc_opt geom_fill

    T_STRING  偏移，并进入状态 661


状态 508

  923 fill_def: '-' K_VIA $@161 • T_STRING $@162 fill_via_mask_opc_opt fill_via_pt ';'

    T_STRING  偏移，并进入状态 662


状态 509

  929 geom_fill: K_RECT • pt pt

    '('  偏移，并进入状态 188

    pt  转到状态 663


状态 510

  931 geom_fill: K_POLYGON • $@165 firstPt nextPt nextPt otherPts

    $default  使用规则 930 以归约 ($@165)

    $@165  转到状态 664


状态 511

  920 fill_def: fill_rule geom_fill_rules ';' •

    $default  使用规则 920 以归约 (fill_def)


状态 512

  928 geom_fill_rules: geom_fill_rules geom_fill •

    $default  使用规则 928 以归约 (geom_fill_rules)


状态 513

  952 nondefault_def: '-' $@166 T_STRING $@167 • nondefault_options ';'

    $default  使用规则 953 以归约 (nondefault_options)

    nondefault_options  转到状态 665


状态 514

  947 nondefault_end: K_END K_NONDEFAULTRULES •

    $default  使用规则 947 以归约 (nondefault_end)


状态 515

  984 styles_rule: '-' K_STYLE NUMBER • $@174 firstPt nextPt otherPts ';'

    $default  使用规则 983 以归约 ($@174)

    $@174  转到状态 666


状态 516

   99 orient: K_N •

    $default  使用规则 99 以归约 (orient)


状态 517

  101 orient: K_S •

    $default  使用规则 101 以归约 (orient)


状态 518

  102 orient: K_E •

    $default  使用规则 102 以归约 (orient)


状态 519

  100 orient: K_W •

    $default  使用规则 100 以归约 (orient)


状态 520

  103 orient: K_FN •

    $default  使用规则 103 以归约 (orient)


状态 521

  106 orient: K_FE •

    $default  使用规则 106 以归约 (orient)


状态 522

  105 orient: K_FS •

    $default  使用规则 105 以归约 (orient)


状态 523

  104 orient: K_FW •

    $default  使用规则 104 以归约 (orient)


状态 524

   96 canplace: K_CANPLACE $@18 T_STRING NUMBER NUMBER orient • K_DO NUMBER K_BY NUMBER K_STEP NUMBER NUMBER ';'

    K_DO  偏移，并进入状态 667


状态 525

   98 cannotoccupy: K_CANNOTOCCUPY $@19 T_STRING NUMBER NUMBER orient • K_DO NUMBER K_BY NUMBER K_STEP NUMBER NUMBER ';'

    K_DO  偏移，并进入状态 668


状态 526

  277 pt: '(' NUMBER NUMBER ')' •

    $default  使用规则 277 以归约 (pt)


状态 527

  279 pt: '(' NUMBER '*' ')' •

    $default  使用规则 279 以归约 (pt)


状态 528

  278 pt: '(' '*' NUMBER ')' •

    $default  使用规则 278 以归约 (pt)


状态 529

  280 pt: '(' '*' '*' ')' •

    $default  使用规则 280 以归约 (pt)


状态 530

  108 die_area: K_DIEAREA $@20 firstPt nextPt otherPts ';' •

    $default  使用规则 108 以归约 (die_area)


状态 531

  276 otherPts: otherPts nextPt •

    $default  使用规则 276 以归约 (otherPts)


状态 532

  244 gcellgrid: K_GCELLGRID track_type NUMBER K_DO NUMBER K_STEP • NUMBER ';'

    NUMBER  偏移，并进入状态 669


状态 533

  214 row_rule: K_ROW $@35 T_STRING T_STRING NUMBER NUMBER • orient $@36 row_do_option row_options ';'

    K_N   偏移，并进入状态 516
    K_S   偏移，并进入状态 517
    K_E   偏移，并进入状态 518
    K_W   偏移，并进入状态 519
    K_FN  偏移，并进入状态 520
    K_FE  偏移，并进入状态 521
    K_FS  偏移，并进入状态 522
    K_FW  偏移，并进入状态 523

    orient  转到状态 670


状态 534

   65 property_def: K_DESIGN $@7 T_STRING • property_type_and_val ';'

    K_STRING         偏移，并进入状态 671
    K_REAL           偏移，并进入状态 672
    K_INTEGER        偏移，并进入状态 673
    K_NAMEMAPSTRING  偏移，并进入状态 674

    property_type_and_val  转到状态 675


状态 535

   77 property_def: K_ROW $@13 T_STRING • property_type_and_val ';'

    K_STRING         偏移，并进入状态 671
    K_REAL           偏移，并进入状态 672
    K_INTEGER        偏移，并进入状态 673
    K_NAMEMAPSTRING  偏移，并进入状态 674

    property_type_and_val  转到状态 676


状态 536

   71 property_def: K_REGION $@10 T_STRING • property_type_and_val ';'

    K_STRING         偏移，并进入状态 671
    K_REAL           偏移，并进入状态 672
    K_INTEGER        偏移，并进入状态 673
    K_NAMEMAPSTRING  偏移，并进入状态 674

    property_type_and_val  转到状态 677


状态 537

   81 property_def: K_NONDEFAULTRULE $@15 T_STRING • property_type_and_val ';'

    K_STRING         偏移，并进入状态 671
    K_REAL           偏移，并进入状态 672
    K_INTEGER        偏移，并进入状态 673
    K_NAMEMAPSTRING  偏移，并进入状态 674

    property_type_and_val  转到状态 678


状态 538

   73 property_def: K_GROUP $@11 T_STRING • property_type_and_val ';'

    K_STRING         偏移，并进入状态 671
    K_REAL           偏移，并进入状态 672
    K_INTEGER        偏移，并进入状态 673
    K_NAMEMAPSTRING  偏移，并进入状态 674

    property_type_and_val  转到状态 679


状态 539

   67 property_def: K_NET $@8 T_STRING • property_type_and_val ';'

    K_STRING         偏移，并进入状态 671
    K_REAL           偏移，并进入状态 672
    K_INTEGER        偏移，并进入状态 673
    K_NAMEMAPSTRING  偏移，并进入状态 674

    property_type_and_val  转到状态 680


状态 540

   75 property_def: K_COMPONENT $@12 T_STRING • property_type_and_val ';'

    K_STRING         偏移，并进入状态 671
    K_REAL           偏移，并进入状态 672
    K_INTEGER        偏移，并进入状态 673
    K_NAMEMAPSTRING  偏移，并进入状态 674

    property_type_and_val  转到状态 681


状态 541

   69 property_def: K_SNET $@9 T_STRING • property_type_and_val ';'

    K_STRING         偏移，并进入状态 671
    K_REAL           偏移，并进入状态 672
    K_INTEGER        偏移，并进入状态 673
    K_NAMEMAPSTRING  偏移，并进入状态 674

    property_type_and_val  转到状态 682


状态 542

   79 property_def: K_COMPONENTPIN $@14 T_STRING • property_type_and_val ';'

    K_STRING         偏移，并进入状态 671
    K_REAL           偏移，并进入状态 672
    K_INTEGER        偏移，并进入状态 673
    K_NAMEMAPSTRING  偏移，并进入状态 674

    property_type_and_val  转到状态 683


状态 543

  113 pin_cap: K_MINPINS NUMBER K_WIRECAP NUMBER • ';'

    ';'  偏移，并进入状态 684


状态 544

  122 pin: '-' $@21 T_STRING '+' • K_NET $@22 T_STRING $@23 pin_options ';'

    K_NET  偏移，并进入状态 685


状态 545

  229 tracks_rule: track_start NUMBER $@38 K_DO NUMBER K_STEP • NUMBER track_opts ';'

    NUMBER  偏移，并进入状态 686


状态 546

  253 via_declaration: '-' $@40 T_STRING $@41 • layer_stmts ';'

    $default  使用规则 254 以归约 (layer_stmts)

    layer_stmts  转到状态 687


状态 547

  290 regions_stmt: '-' $@49 T_STRING $@50 • rect_list region_options ';'

    '('  偏移，并进入状态 188

    pt         转到状态 688
    rect_list  转到状态 689


状态 548

  316 comp_id_and_name: '-' $@52 T_STRING T_STRING •

    $default  使用规则 316 以归约 (comp_id_and_name)


状态 549

  338 comp_generate: '+' K_COMP_GEN • $@54 T_STRING opt_pattern

    $default  使用规则 337 以归约 ($@54)

    $@54  转到状态 690


状态 550

  341 comp_source: '+' K_SOURCE • source_type

    K_NETLIST  偏移，并进入状态 691
    K_DIST     偏移，并进入状态 692
    K_USER     偏移，并进入状态 693
    K_TIMING   偏移，并进入状态 694

    source_type  转到状态 695


状态 551

  376 weight: '+' K_WEIGHT • NUMBER

    NUMBER  偏移，并进入状态 696


状态 552

  336 comp_eeq: '+' K_EEQMASTER • $@53 T_STRING

    $default  使用规则 335 以归约 ($@53)

    $@53  转到状态 697


状态 553

  373 placement_status: '+' K_FIXED •

    $default  使用规则 373 以归约 (placement_status)


状态 554

  374 placement_status: '+' K_COVER •

    $default  使用规则 374 以归约 (placement_status)


状态 555

  369 comp_type: '+' K_UNPLACED •
  370          | '+' K_UNPLACED • pt orient

    '('  偏移，并进入状态 188

    $default  使用规则 369 以归约 (comp_type)

    pt  转到状态 698


状态 556

  375 placement_status: '+' K_PLACED •

    $default  使用规则 375 以归约 (placement_status)


状态 557

  365 comp_foreign: '+' K_FOREIGN • $@58 T_STRING opt_paren orient

    $default  使用规则 364 以归约 ($@58)

    $@58  转到状态 699


状态 558

  363 comp_region_start: '+' K_REGION •

    $default  使用规则 363 以归约 (comp_region_start)


状态 559

  357 comp_property: '+' K_PROPERTY • $@57 comp_prop_list

    $default  使用规则 356 以归约 ($@57)

    $@57  转到状态 700


状态 560

  246 extension_stmt: '+' K_BEGINEXT •

    $default  使用规则 246 以归约 (extension_stmt)


状态 561

  372 maskShift: '+' K_MASKSHIFT • $@59 T_STRING

    $default  使用规则 371 以归约 ($@59)

    $@59  转到状态 701


状态 562

  351 comp_halo: '+' K_HALO • $@55 halo_soft NUMBER NUMBER NUMBER NUMBER

    $default  使用规则 350 以归约 ($@55)

    $@55  转到状态 702


状态 563

  355 comp_routehalo: '+' K_ROUTEHALO • NUMBER $@56 T_STRING T_STRING

    NUMBER  偏移，并进入状态 703


状态 564

  347 comp_region: comp_region_start T_STRING •

    $default  使用规则 347 以归约 (comp_region)


状态 565

  348 comp_pnt_list: pt • pt

    '('  偏移，并进入状态 188

    pt  转到状态 704


状态 566

  346 comp_region: comp_region_start comp_pnt_list •
  349 comp_pnt_list: comp_pnt_list • pt pt

    '('  偏移，并进入状态 188

    $default  使用规则 346 以归约 (comp_region)

    pt  转到状态 705


状态 567

  368 comp_type: placement_status pt • orient

    K_N   偏移，并进入状态 516
    K_S   偏移，并进入状态 517
    K_E   偏移，并进入状态 518
    K_W   偏移，并进入状态 519
    K_FN  偏移，并进入状态 520
    K_FE  偏移，并进入状态 521
    K_FS  偏移，并进入状态 522
    K_FW  偏移，并进入状态 523

    orient  转到状态 706


状态 568

  387 net_name: T_STRING $@61 • net_connections

    $default  使用规则 390 以归约 (net_connections)

    net_connections  转到状态 707


状态 569

  389 net_name: K_MUSTJOIN '(' • T_STRING $@62 T_STRING ')'

    T_STRING  偏移，并进入状态 708


状态 570

  405 net_option: '+' K_SOURCE • netsource_type

    K_TEST     偏移，并进入状态 709
    K_NETLIST  偏移，并进入状态 710
    K_DIST     偏移，并进入状态 711
    K_USER     偏移，并进入状态 712
    K_TIMING   偏移，并进入状态 713

    netsource_type  转到状态 714


状态 571

  412 net_option: '+' K_WEIGHT • NUMBER

    NUMBER  偏移，并进入状态 715


状态 572

  454 net_type: K_FIXED •

    $default  使用规则 454 以归约 (net_type)


状态 573

  455 net_type: K_COVER •

    $default  使用规则 455 以归约 (net_type)


状态 574

  410 net_option: '+' K_ORIGINAL • $@68 T_STRING

    $default  使用规则 409 以归约 ($@68)

    $@68  转到状态 716


状态 575

  415 net_option: '+' K_USE • use_type

    K_SIGNAL  偏移，并进入状态 717
    K_POWER   偏移，并进入状态 718
    K_GROUND  偏移，并进入状态 719
    K_CLOCK   偏移，并进入状态 720
    K_TIEOFF  偏移，并进入状态 721
    K_ANALOG  偏移，并进入状态 722
    K_SCAN    偏移，并进入状态 723
    K_RESET   偏移，并进入状态 724

    use_type  转到状态 725


状态 576

  416 net_option: '+' K_STYLE • NUMBER

    NUMBER  偏移，并进入状态 726


状态 577

  411 net_option: '+' K_PATTERN • pattern_type

    K_WIREDLOGIC  偏移，并进入状态 727
    K_BALANCED    偏移，并进入状态 728
    K_STEINER     偏移，并进入状态 729
    K_TRUNK       偏移，并进入状态 730

    pattern_type  转到状态 731


状态 578

  414 net_option: '+' K_ESTCAP • NUMBER

    NUMBER  偏移，并进入状态 732


状态 579

  456 net_type: K_ROUTED •

    $default  使用规则 456 以归约 (net_type)


状态 580

  418 net_option: '+' K_NONDEFAULTRULE • $@69 T_STRING

    $default  使用规则 417 以归约 ($@69)

    $@69  转到状态 733


状态 581

  445 vpin_begin: '+' K_VPIN • $@78 T_STRING

    $default  使用规则 444 以归约 ($@78)

    $@78  转到状态 734


状态 582

  428 net_option: '+' K_SUBNET • $@73 T_STRING $@74 comp_names $@75 subnet_options

    $default  使用规则 425 以归约 ($@73)

    $@73  转到状态 735


状态 583

  413 net_option: '+' K_XTALK • NUMBER

    NUMBER  偏移，并进入状态 736


状态 584

  430 net_option: '+' K_PROPERTY • $@76 net_prop_list

    $default  使用规则 429 以归约 ($@76)

    $@76  转到状态 737


状态 585

  421 net_option: '+' K_SHIELDNET • $@70 T_STRING

    $default  使用规则 420 以归约 ($@70)

    $@70  转到状态 738


状态 586

  424 net_option: '+' K_NOSHIELD • $@71 $@72 paths

    $default  使用规则 422 以归约 ($@71)

    $@71  转到状态 739


状态 587

  406 net_option: '+' K_FIXEDBUMP •

    $default  使用规则 406 以归约 (net_option)


状态 588

  408 net_option: '+' K_FREQUENCY • $@67 NUMBER

    $default  使用规则 407 以归约 ($@67)

    $@67  转到状态 740


状态 589

  404 net_option: '+' net_type • $@66 paths

    $default  使用规则 403 以归约 ($@66)

    $@66  转到状态 741


状态 590

  448 vpin_layer_opt: K_LAYER • $@79 T_STRING

    $default  使用规则 447 以归约 ($@79)

    $@79  转到状态 742


状态 591

  443 vpin_stmt: vpin_begin vpin_layer_opt • pt pt $@77 vpin_options

    '('  偏移，并进入状态 188

    pt  转到状态 743


状态 592

  543 snet_other_option: '+' K_RECT • $@91 T_STRING pt pt

    $default  使用规则 542 以归约 ($@91)

    $@91  转到状态 744


状态 593

  547 snet_other_option: '+' K_SOURCE • source_type

    K_NETLIST  偏移，并进入状态 691
    K_DIST     偏移，并进入状态 692
    K_USER     偏移，并进入状态 693
    K_TIMING   偏移，并进入状态 694

    source_type  转到状态 745


状态 594

  553 snet_other_option: '+' K_WEIGHT • NUMBER

    NUMBER  偏移，并进入状态 746


状态 595

  551 snet_other_option: '+' K_ORIGINAL • $@94 T_STRING

    $default  使用规则 550 以归约 ($@94)

    $@94  转到状态 747


状态 596

  555 snet_other_option: '+' K_USE • use_type

    K_SIGNAL  偏移，并进入状态 717
    K_POWER   偏移，并进入状态 718
    K_GROUND  偏移，并进入状态 719
    K_CLOCK   偏移，并进入状态 720
    K_TIEOFF  偏移，并进入状态 721
    K_ANALOG  偏移，并进入状态 722
    K_SCAN    偏移，并进入状态 723
    K_RESET   偏移，并进入状态 724

    use_type  转到状态 748


状态 597

  556 snet_other_option: '+' K_STYLE • NUMBER

    NUMBER  偏移，并进入状态 749


状态 598

  552 snet_other_option: '+' K_PATTERN • pattern_type

    K_WIREDLOGIC  偏移，并进入状态 727
    K_BALANCED    偏移，并进入状态 728
    K_STEINER     偏移，并进入状态 729
    K_TRUNK       偏移，并进入状态 730

    pattern_type  转到状态 750


状态 599

  554 snet_other_option: '+' K_ESTCAP • NUMBER

    NUMBER  偏移，并进入状态 751


状态 600

  537 snet_other_option: '+' K_SHAPE • shape_type

    K_RING          偏移，并进入状态 752
    K_STRIPE        偏移，并进入状态 753
    K_FOLLOWPIN     偏移，并进入状态 754
    K_IOWIRE        偏移，并进入状态 755
    K_COREWIRE      偏移，并进入状态 756
    K_BLOCKWIRE     偏移，并进入状态 757
    K_FILLWIRE      偏移，并进入状态 758
    K_BLOCKAGEWIRE  偏移，并进入状态 759
    K_PADRING       偏移，并进入状态 760
    K_BLOCKRING     偏移，并进入状态 761
    K_DRCFILL       偏移，并进入状态 762
    K_FILLWIREOPC   偏移，并进入状态 763

    shape_type  转到状态 764


状态 601

  573 snet_width: '+' K_WIDTH • $@97 T_STRING NUMBER

    $default  使用规则 572 以归约 ($@97)

    $@97  转到状态 765


状态 602

  575 snet_voltage: '+' K_VOLTAGE • $@98 T_STRING

    $default  使用规则 574 以归约 ($@98)

    $@98  转到状态 766


状态 603

  578 snet_spacing: '+' K_SPACING • $@99 T_STRING NUMBER $@100 opt_snet_range

    $default  使用规则 576 以归约 ($@99)

    $@99  转到状态 767


状态 604

  558 snet_other_option: '+' K_PROPERTY • $@95 snet_prop_list

    $default  使用规则 557 以归约 ($@95)

    $@95  转到状态 768


状态 605

  538 snet_other_option: '+' K_MASK • NUMBER

    NUMBER  偏移，并进入状态 769


状态 606

  536 snet_other_option: '+' K_SHIELD • $@87 T_STRING $@88 shield_layer

    $default  使用规则 534 以归约 ($@87)

    $@87  转到状态 770


状态 607

  548 snet_other_option: '+' K_FIXEDBUMP •

    $default  使用规则 548 以归约 (snet_other_option)


状态 608

  549 snet_other_option: '+' K_FREQUENCY • NUMBER

    NUMBER  偏移，并进入状态 771


状态 609

  541 snet_other_option: '+' K_POLYGON • $@89 T_STRING $@90 firstPt nextPt nextPt otherPts

    $default  使用规则 539 以归约 ($@89)

    $@89  转到状态 772


状态 610

  546 snet_other_option: '+' K_VIA • $@92 T_STRING orient_pt $@93 firstPt otherPts

    $default  使用规则 544 以归约 ($@92)

    $@92  转到状态 773


状态 611

  531 snet_other_option: '+' net_type •
  533                  | '+' net_type • $@86 spaths

    T_STRING  使用规则 532 以归约 ($@86)
    $default  使用规则 531 以归约 (snet_other_option)

    $@86  转到状态 774


状态 612

  606 group_rule: start_group group_members group_options ';' •

    $default  使用规则 606 以归约 (group_rule)


状态 613

  246 extension_stmt: '+' • K_BEGINEXT
  614 group_option: '+' • K_SOFT group_soft_options
  616             | '+' • K_PROPERTY $@105 group_prop_list
  618             | '+' • K_REGION $@106 group_region

    K_REGION    偏移，并进入状态 775
    K_SOFT      偏移，并进入状态 776
    K_PROPERTY  偏移，并进入状态 777
    K_BEGINEXT  偏移，并进入状态 560


状态 614

  619 group_option: extension_stmt •

    $default  使用规则 619 以归约 (group_option)


状态 615

  613 group_options: group_options group_option •

    $default  使用规则 613 以归约 (group_options)


状态 616

  643 operand: K_NET $@107 T_STRING •

    $default  使用规则 643 以归约 (operand)


状态 617

  645 operand: K_PATH $@108 T_STRING • T_STRING T_STRING T_STRING

    T_STRING  偏移，并进入状态 778


状态 618

  648 operand_list: operand •

    $default  使用规则 648 以归约 (operand_list)


状态 619

  646 operand: K_SUM '(' operand_list • ')'
  649 operand_list: operand_list • operand
  650             | operand_list • ',' operand

    K_NET   偏移，并进入状态 358
    K_PATH  偏移，并进入状态 359
    K_SUM   偏移，并进入状态 360
    K_DIFF  偏移，并进入状态 361
    ')'     偏移，并进入状态 779
    ','     偏移，并进入状态 780

    operand  转到状态 781


状态 620

  647 operand: K_DIFF '(' operand_list • ')'
  649 operand_list: operand_list • operand
  650             | operand_list • ',' operand

    K_NET   偏移，并进入状态 358
    K_PATH  偏移，并进入状态 359
    K_SUM   偏移，并进入状态 360
    K_DIFF  偏移，并进入状态 361
    ')'     偏移，并进入状态 782
    ','     偏移，并进入状态 780

    operand  转到状态 781


状态 621

  652 wiredlogic_rule: '-' K_WIREDLOGIC $@109 T_STRING • opt_plus K_MAXDIST NUMBER ';'

    '+'  偏移，并进入状态 783

    $default  使用规则 653 以归约 (opt_plus)

    opt_plus  转到状态 784


状态 622

  641 operand_rule: '-' operand delay_specs ';' •

    $default  使用规则 641 以归约 (operand_rule)


状态 623

  657 delay_spec: '+' • K_RISEMIN NUMBER
  658           | '+' • K_RISEMAX NUMBER
  659           | '+' • K_FALLMIN NUMBER
  660           | '+' • K_FALLMAX NUMBER

    K_RISEMIN  偏移，并进入状态 785
    K_RISEMAX  偏移，并进入状态 786
    K_FALLMIN  偏移，并进入状态 787
    K_FALLMAX  偏移，并进入状态 788


状态 624

  656 delay_specs: delay_specs delay_spec •

    $default  使用规则 656 以归约 (delay_specs)


状态 625

  675 scan_member: '+' K_START • $@111 T_STRING opt_pin

    $default  使用规则 674 以归约 ($@111)

    $@111  转到状态 789


状态 626

  677 scan_member: '+' K_FLOATING • $@112 floating_inst_list

    $default  使用规则 676 以归约 ($@112)

    $@112  转到状态 790


状态 627

  679 scan_member: '+' K_ORDERED • $@113 ordered_inst_list

    $default  使用规则 678 以归约 ($@113)

    $@113  转到状态 791


状态 628

  681 scan_member: '+' K_STOP • $@114 T_STRING opt_pin

    $default  使用规则 680 以归约 ($@114)

    $@114  转到状态 792


状态 629

  683 scan_member: '+' K_COMMONSCANPINS • $@115 opt_common_pins

    $default  使用规则 682 以归约 ($@115)

    $@115  转到状态 793


状态 630

  685 scan_member: '+' K_PARTITION • $@116 T_STRING partition_maxbits

    $default  使用规则 684 以归约 ($@116)

    $@116  转到状态 794


状态 631

  715 start_iotiming: '-' '(' $@119 T_STRING • T_STRING ')'

    T_STRING  偏移，并进入状态 795


状态 632

  733 risefall: K_RISE •

    $default  使用规则 733 以归约 (risefall)


状态 633

  734 risefall: K_FALL •

    $default  使用规则 734 以归约 (risefall)


状态 634

  720 iotiming_member: '+' K_CAPACITANCE • NUMBER

    NUMBER  偏移，并进入状态 796


状态 635

  723 iotiming_member: '+' K_DRIVECELL • $@120 T_STRING $@121 iotiming_drivecell_opt

    $default  使用规则 721 以归约 ($@120)

    $@120  转到状态 797


状态 636

  718 iotiming_member: '+' risefall • K_VARIABLE NUMBER NUMBER
  719                | '+' risefall • K_SLEWRATE NUMBER NUMBER

    K_VARIABLE  偏移，并进入状态 798
    K_SLEWRATE  偏移，并进入状态 799


状态 637

  743 h_or_v: K_HORIZONTAL •

    $default  使用规则 743 以归约 (h_or_v)


状态 638

  744 h_or_v: K_VERTICAL •

    $default  使用规则 744 以归约 (h_or_v)


状态 639

  742 fp_stmt: '-' $@125 T_STRING h_or_v • $@126 constraint_type constrain_what_list ';'

    $default  使用规则 741 以归约 ($@126)

    $@126  转到状态 800


状态 640

  767 timingdisables_rule: '-' K_FROMPIN $@131 T_STRING • T_STRING K_TOPIN $@132 T_STRING T_STRING ';'

    T_STRING  偏移，并进入状态 801


状态 641

  769 timingdisables_rule: '-' K_THRUPIN $@133 T_STRING • T_STRING ';'

    T_STRING  偏移，并进入状态 802


状态 642

  771 timingdisables_rule: '-' K_MACRO $@134 T_STRING • td_macro_option ';'

    K_FROMPIN  偏移，并进入状态 803
    K_THRUPIN  偏移，并进入状态 804

    td_macro_option  转到状态 805


状态 643

  787 turnoff: K_TURNOFF • turnoff_setup turnoff_hold

    K_SETUPRISE  偏移，并进入状态 806
    K_SETUPFALL  偏移，并进入状态 807

    $default  使用规则 788 以归约 (turnoff_setup)

    turnoff_setup  转到状态 808


状态 644

  785 start_partition: '-' $@138 T_STRING turnoff •

    $default  使用规则 785 以归约 (start_partition)


状态 645

  797 partition_member: '+' K_FROMCLOCKPIN • $@139 T_STRING T_STRING risefall minmaxpins

    $default  使用规则 796 以归约 ($@139)

    $@139  转到状态 809


状态 646

  799 partition_member: '+' K_FROMCOMPPIN • $@140 T_STRING T_STRING risefallminmax2_list

    $default  使用规则 798 以归约 ($@140)

    $@140  转到状态 810


状态 647

  801 partition_member: '+' K_FROMIOPIN • $@141 T_STRING risefallminmax1_list

    $default  使用规则 800 以归约 ($@141)

    $@141  转到状态 811


状态 648

  803 partition_member: '+' K_TOCLOCKPIN • $@142 T_STRING T_STRING risefall minmaxpins

    $default  使用规则 802 以归约 ($@142)

    $@142  转到状态 812


状态 649

  805 partition_member: '+' K_TOCOMPPIN • $@143 T_STRING T_STRING risefallminmax2_list

    $default  使用规则 804 以归约 ($@143)

    $@143  转到状态 813


状态 650

  807 partition_member: '+' K_TOIOPIN • $@144 T_STRING risefallminmax1_list

    $default  使用规则 806 以归约 ($@144)

    $@144  转到状态 814


状态 651

  855 pin_prop_terminal: '-' $@149 T_STRING T_STRING • $@150 pin_prop_options ';'

    $default  使用规则 854 以归约 ($@150)

    $@150  转到状态 815


状态 652

  873 blockage_rule: '-' K_LAYER $@152 T_STRING • $@153 layer_blockage_rules

    $default  使用规则 872 以归约 ($@153)

    $@153  转到状态 816


状态 653

  875 blockage_rule: '-' K_PLACEMENT $@154 placement_comp_rules •
  890 placement_comp_rules: placement_comp_rules • placement_comp_rule

    '+'  偏移，并进入状态 817

    $default  使用规则 875 以归约 (blockage_rule)

    placement_comp_rule  转到状态 818


状态 654

  898 rectPoly_blockage: K_RECT pt pt •

    $default  使用规则 898 以归约 (rectPoly_blockage)


状态 655

  900 rectPoly_blockage: K_POLYGON $@157 firstPt • nextPt nextPt otherPts

    '('  偏移，并进入状态 188

    nextPt  转到状态 819
    pt      转到状态 321


状态 656

  870 blockage_def: blockage_rule rectPoly_blockage rectPoly_blockage_rules ';' •

    $default  使用规则 870 以归约 (blockage_def)


状态 657

  897 rectPoly_blockage_rules: rectPoly_blockage_rules rectPoly_blockage •

    $default  使用规则 897 以归约 (rectPoly_blockage_rules)


状态 658

  909 slot_rule: '-' K_LAYER $@158 T_STRING • $@159 geom_slot

    $default  使用规则 908 以归约 ($@159)

    $@159  转到状态 820


状态 659

  912 geom_slot: K_RECT pt • pt

    '('  偏移，并进入状态 188

    pt  转到状态 821


状态 660

  914 geom_slot: K_POLYGON $@160 • firstPt nextPt nextPt otherPts

    '('  偏移，并进入状态 188

    firstPt  转到状态 822
    pt       转到状态 190


状态 661

  926 fill_rule: '-' K_LAYER $@163 T_STRING • $@164 fill_layer_mask_opc_opt geom_fill

    $default  使用规则 925 以归约 ($@164)

    $@164  转到状态 823


状态 662

  923 fill_def: '-' K_VIA $@161 T_STRING • $@162 fill_via_mask_opc_opt fill_via_pt ';'

    $default  使用规则 922 以归约 ($@162)

    $@162  转到状态 824


状态 663

  929 geom_fill: K_RECT pt • pt

    '('  偏移，并进入状态 188

    pt  转到状态 825


状态 664

  931 geom_fill: K_POLYGON $@165 • firstPt nextPt nextPt otherPts

    '('  偏移，并进入状态 188

    firstPt  转到状态 826
    pt       转到状态 190


状态 665

  952 nondefault_def: '-' $@166 T_STRING $@167 nondefault_options • ';'
  954 nondefault_options: nondefault_options • nondefault_option

    ';'  偏移，并进入状态 827
    '+'  偏移，并进入状态 828

    nondefault_option    转到状态 829
    nondefault_prop_opt  转到状态 830


状态 666

  984 styles_rule: '-' K_STYLE NUMBER $@174 • firstPt nextPt otherPts ';'

    '('  偏移，并进入状态 188

    firstPt  转到状态 831
    pt       转到状态 190


状态 667

   96 canplace: K_CANPLACE $@18 T_STRING NUMBER NUMBER orient K_DO • NUMBER K_BY NUMBER K_STEP NUMBER NUMBER ';'

    NUMBER  偏移，并进入状态 832


状态 668

   98 cannotoccupy: K_CANNOTOCCUPY $@19 T_STRING NUMBER NUMBER orient K_DO • NUMBER K_BY NUMBER K_STEP NUMBER NUMBER ';'

    NUMBER  偏移，并进入状态 833


状态 669

  244 gcellgrid: K_GCELLGRID track_type NUMBER K_DO NUMBER K_STEP NUMBER • ';'

    ';'  偏移，并进入状态 834


状态 670

  214 row_rule: K_ROW $@35 T_STRING T_STRING NUMBER NUMBER orient • $@36 row_do_option row_options ';'

    $default  使用规则 213 以归约 ($@36)

    $@36  转到状态 835


状态 671

   87 property_type_and_val: K_STRING •
   88                      | K_STRING • QSTRING

    QSTRING  偏移，并进入状态 836

    $default  使用规则 87 以归约 (property_type_and_val)


状态 672

   86 property_type_and_val: K_REAL • $@17 opt_range opt_num_val

    $default  使用规则 85 以归约 ($@17)

    $@17  转到状态 837


状态 673

   84 property_type_and_val: K_INTEGER • $@16 opt_range opt_num_val

    $default  使用规则 83 以归约 ($@16)

    $@16  转到状态 838


状态 674

   89 property_type_and_val: K_NAMEMAPSTRING • T_STRING

    T_STRING  偏移，并进入状态 839


状态 675

   65 property_def: K_DESIGN $@7 T_STRING property_type_and_val • ';'

    ';'  偏移，并进入状态 840


状态 676

   77 property_def: K_ROW $@13 T_STRING property_type_and_val • ';'

    ';'  偏移，并进入状态 841


状态 677

   71 property_def: K_REGION $@10 T_STRING property_type_and_val • ';'

    ';'  偏移，并进入状态 842


状态 678

   81 property_def: K_NONDEFAULTRULE $@15 T_STRING property_type_and_val • ';'

    ';'  偏移，并进入状态 843


状态 679

   73 property_def: K_GROUP $@11 T_STRING property_type_and_val • ';'

    ';'  偏移，并进入状态 844


状态 680

   67 property_def: K_NET $@8 T_STRING property_type_and_val • ';'

    ';'  偏移，并进入状态 845


状态 681

   75 property_def: K_COMPONENT $@12 T_STRING property_type_and_val • ';'

    ';'  偏移，并进入状态 846


状态 682

   69 property_def: K_SNET $@9 T_STRING property_type_and_val • ';'

    ';'  偏移，并进入状态 847


状态 683

   79 property_def: K_COMPONENTPIN $@14 T_STRING property_type_and_val • ';'

    ';'  偏移，并进入状态 848


状态 684

  113 pin_cap: K_MINPINS NUMBER K_WIRECAP NUMBER ';' •

    $default  使用规则 113 以归约 (pin_cap)


状态 685

  122 pin: '-' $@21 T_STRING '+' K_NET • $@22 T_STRING $@23 pin_options ';'

    $default  使用规则 120 以归约 ($@22)

    $@22  转到状态 849


状态 686

  229 tracks_rule: track_start NUMBER $@38 K_DO NUMBER K_STEP NUMBER • track_opts ';'

    K_MASK  偏移，并进入状态 850

    $default  使用规则 234 以归约 (track_mask_statement)

    track_opts            转到状态 851
    track_mask_statement  转到状态 852


状态 687

  253 via_declaration: '-' $@40 T_STRING $@41 layer_stmts • ';'
  255 layer_stmts: layer_stmts • layer_stmt

    ';'  偏移，并进入状态 853
    '+'  偏移，并进入状态 854

    extension_stmt      转到状态 855
    layer_stmt          转到状态 856
    layer_viarule_opts  转到状态 857


状态 688

  291 rect_list: pt • pt

    '('  偏移，并进入状态 188

    pt  转到状态 858


状态 689

  290 regions_stmt: '-' $@49 T_STRING $@50 rect_list • region_options ';'
  292 rect_list: rect_list • pt pt

    '('  偏移，并进入状态 188

    $default  使用规则 293 以归约 (region_options)

    pt              转到状态 859
    region_options  转到状态 860


状态 690

  338 comp_generate: '+' K_COMP_GEN $@54 • T_STRING opt_pattern

    T_STRING  偏移，并进入状态 861


状态 691

  342 source_type: K_NETLIST •

    $default  使用规则 342 以归约 (source_type)


状态 692

  343 source_type: K_DIST •

    $default  使用规则 343 以归约 (source_type)


状态 693

  344 source_type: K_USER •

    $default  使用规则 344 以归约 (source_type)


状态 694

  345 source_type: K_TIMING •

    $default  使用规则 345 以归约 (source_type)


状态 695

  341 comp_source: '+' K_SOURCE source_type •

    $default  使用规则 341 以归约 (comp_source)


状态 696

  376 weight: '+' K_WEIGHT NUMBER •

    $default  使用规则 376 以归约 (weight)


状态 697

  336 comp_eeq: '+' K_EEQMASTER $@53 • T_STRING

    T_STRING  偏移，并进入状态 862


状态 698

  370 comp_type: '+' K_UNPLACED pt • orient

    K_N   偏移，并进入状态 516
    K_S   偏移，并进入状态 517
    K_E   偏移，并进入状态 518
    K_W   偏移，并进入状态 519
    K_FN  偏移，并进入状态 520
    K_FE  偏移，并进入状态 521
    K_FS  偏移，并进入状态 522
    K_FW  偏移，并进入状态 523

    orient  转到状态 863


状态 699

  365 comp_foreign: '+' K_FOREIGN $@58 • T_STRING opt_paren orient

    T_STRING  偏移，并进入状态 864


状态 700

  357 comp_property: '+' K_PROPERTY $@57 • comp_prop_list

    T_STRING  偏移，并进入状态 865

    comp_prop_list  转到状态 866
    comp_prop       转到状态 867


状态 701

  372 maskShift: '+' K_MASKSHIFT $@59 • T_STRING

    T_STRING  偏移，并进入状态 868


状态 702

  351 comp_halo: '+' K_HALO $@55 • halo_soft NUMBER NUMBER NUMBER NUMBER

    K_SOFT  偏移，并进入状态 869

    $default  使用规则 352 以归约 (halo_soft)

    halo_soft  转到状态 870


状态 703

  355 comp_routehalo: '+' K_ROUTEHALO NUMBER • $@56 T_STRING T_STRING

    $default  使用规则 354 以归约 ($@56)

    $@56  转到状态 871


状态 704

  348 comp_pnt_list: pt pt •

    $default  使用规则 348 以归约 (comp_pnt_list)


状态 705

  349 comp_pnt_list: comp_pnt_list pt • pt

    '('  偏移，并进入状态 188

    pt  转到状态 872


状态 706

  368 comp_type: placement_status pt orient •

    $default  使用规则 368 以归约 (comp_type)


状态 707

  387 net_name: T_STRING $@61 net_connections •
  391 net_connections: net_connections • net_connection

    '('  偏移，并进入状态 873

    $default  使用规则 387 以归约 (net_name)

    net_connection  转到状态 874


状态 708

  389 net_name: K_MUSTJOIN '(' T_STRING • $@62 T_STRING ')'

    $default  使用规则 388 以归约 ($@62)

    $@62  转到状态 875


状态 709

  441 netsource_type: K_TEST •

    $default  使用规则 441 以归约 (netsource_type)


状态 710

  437 netsource_type: K_NETLIST •

    $default  使用规则 437 以归约 (netsource_type)


状态 711

  438 netsource_type: K_DIST •

    $default  使用规则 438 以归约 (netsource_type)


状态 712

  439 netsource_type: K_USER •

    $default  使用规则 439 以归约 (netsource_type)


状态 713

  440 netsource_type: K_TIMING •

    $default  使用规则 440 以归约 (netsource_type)


状态 714

  405 net_option: '+' K_SOURCE netsource_type •

    $default  使用规则 405 以归约 (net_option)


状态 715

  412 net_option: '+' K_WEIGHT NUMBER •

    $default  使用规则 412 以归约 (net_option)


状态 716

  410 net_option: '+' K_ORIGINAL $@68 • T_STRING

    T_STRING  偏移，并进入状态 876


状态 717

  200 use_type: K_SIGNAL •

    $default  使用规则 200 以归约 (use_type)


状态 718

  201 use_type: K_POWER •

    $default  使用规则 201 以归约 (use_type)


状态 719

  202 use_type: K_GROUND •

    $default  使用规则 202 以归约 (use_type)


状态 720

  203 use_type: K_CLOCK •

    $default  使用规则 203 以归约 (use_type)


状态 721

  204 use_type: K_TIEOFF •

    $default  使用规则 204 以归约 (use_type)


状态 722

  205 use_type: K_ANALOG •

    $default  使用规则 205 以归约 (use_type)


状态 723

  206 use_type: K_SCAN •

    $default  使用规则 206 以归约 (use_type)


状态 724

  207 use_type: K_RESET •

    $default  使用规则 207 以归约 (use_type)


状态 725

  415 net_option: '+' K_USE use_type •

    $default  使用规则 415 以归约 (net_option)


状态 726

  416 net_option: '+' K_STYLE NUMBER •

    $default  使用规则 416 以归约 (net_option)


状态 727

  591 pattern_type: K_WIREDLOGIC •

    $default  使用规则 591 以归约 (pattern_type)


状态 728

  588 pattern_type: K_BALANCED •

    $default  使用规则 588 以归约 (pattern_type)


状态 729

  589 pattern_type: K_STEINER •

    $default  使用规则 589 以归约 (pattern_type)


状态 730

  590 pattern_type: K_TRUNK •

    $default  使用规则 590 以归约 (pattern_type)


状态 731

  411 net_option: '+' K_PATTERN pattern_type •

    $default  使用规则 411 以归约 (net_option)


状态 732

  414 net_option: '+' K_ESTCAP NUMBER •

    $default  使用规则 414 以归约 (net_option)


状态 733

  418 net_option: '+' K_NONDEFAULTRULE $@69 • T_STRING

    T_STRING  偏移，并进入状态 877


状态 734

  445 vpin_begin: '+' K_VPIN $@78 • T_STRING

    T_STRING  偏移，并进入状态 878


状态 735

  428 net_option: '+' K_SUBNET $@73 • T_STRING $@74 comp_names $@75 subnet_options

    T_STRING  偏移，并进入状态 879


状态 736

  413 net_option: '+' K_XTALK NUMBER •

    $default  使用规则 413 以归约 (net_option)


状态 737

  430 net_option: '+' K_PROPERTY $@76 • net_prop_list

    T_STRING  偏移，并进入状态 880

    net_prop_list  转到状态 881
    net_prop       转到状态 882


状态 738

  421 net_option: '+' K_SHIELDNET $@70 • T_STRING

    T_STRING  偏移，并进入状态 883


状态 739

  424 net_option: '+' K_NOSHIELD $@71 • $@72 paths

    $default  使用规则 423 以归约 ($@72)

    $@72  转到状态 884


状态 740

  408 net_option: '+' K_FREQUENCY $@67 • NUMBER

    NUMBER  偏移，并进入状态 885


状态 741

  404 net_option: '+' net_type $@66 • paths

    T_STRING  偏移，并进入状态 886

    paths  转到状态 887
    path   转到状态 888


状态 742

  448 vpin_layer_opt: K_LAYER $@79 • T_STRING

    T_STRING  偏移，并进入状态 889


状态 743

  443 vpin_stmt: vpin_begin vpin_layer_opt pt • pt $@77 vpin_options

    '('  偏移，并进入状态 188

    pt  转到状态 890


状态 744

  543 snet_other_option: '+' K_RECT $@91 • T_STRING pt pt

    T_STRING  偏移，并进入状态 891


状态 745

  547 snet_other_option: '+' K_SOURCE source_type •

    $default  使用规则 547 以归约 (snet_other_option)


状态 746

  553 snet_other_option: '+' K_WEIGHT NUMBER •

    $default  使用规则 553 以归约 (snet_other_option)


状态 747

  551 snet_other_option: '+' K_ORIGINAL $@94 • T_STRING

    T_STRING  偏移，并进入状态 892


状态 748

  555 snet_other_option: '+' K_USE use_type •

    $default  使用规则 555 以归约 (snet_other_option)


状态 749

  556 snet_other_option: '+' K_STYLE NUMBER •

    $default  使用规则 556 以归约 (snet_other_option)


状态 750

  552 snet_other_option: '+' K_PATTERN pattern_type •

    $default  使用规则 552 以归约 (snet_other_option)


状态 751

  554 snet_other_option: '+' K_ESTCAP NUMBER •

    $default  使用规则 554 以归约 (snet_other_option)


状态 752

  509 shape_type: K_RING •

    $default  使用规则 509 以归约 (shape_type)


状态 753

  510 shape_type: K_STRIPE •

    $default  使用规则 510 以归约 (shape_type)


状态 754

  511 shape_type: K_FOLLOWPIN •

    $default  使用规则 511 以归约 (shape_type)


状态 755

  512 shape_type: K_IOWIRE •

    $default  使用规则 512 以归约 (shape_type)


状态 756

  513 shape_type: K_COREWIRE •

    $default  使用规则 513 以归约 (shape_type)


状态 757

  514 shape_type: K_BLOCKWIRE •

    $default  使用规则 514 以归约 (shape_type)


状态 758

  515 shape_type: K_FILLWIRE •

    $default  使用规则 515 以归约 (shape_type)


状态 759

  518 shape_type: K_BLOCKAGEWIRE •

    $default  使用规则 518 以归约 (shape_type)


状态 760

  519 shape_type: K_PADRING •

    $default  使用规则 519 以归约 (shape_type)


状态 761

  520 shape_type: K_BLOCKRING •

    $default  使用规则 520 以归约 (shape_type)


状态 762

  517 shape_type: K_DRCFILL •

    $default  使用规则 517 以归约 (shape_type)


状态 763

  516 shape_type: K_FILLWIREOPC •

    $default  使用规则 516 以归约 (shape_type)


状态 764

  537 snet_other_option: '+' K_SHAPE shape_type •

    $default  使用规则 537 以归约 (snet_other_option)


状态 765

  573 snet_width: '+' K_WIDTH $@97 • T_STRING NUMBER

    T_STRING  偏移，并进入状态 893


状态 766

  575 snet_voltage: '+' K_VOLTAGE $@98 • T_STRING

    T_STRING  偏移，并进入状态 894


状态 767

  578 snet_spacing: '+' K_SPACING $@99 • T_STRING NUMBER $@100 opt_snet_range

    T_STRING  偏移，并进入状态 895


状态 768

  558 snet_other_option: '+' K_PROPERTY $@95 • snet_prop_list

    T_STRING  偏移，并进入状态 896

    snet_prop_list  转到状态 897
    snet_prop       转到状态 898


状态 769

  538 snet_other_option: '+' K_MASK NUMBER •

    $default  使用规则 538 以归约 (snet_other_option)


状态 770

  536 snet_other_option: '+' K_SHIELD $@87 • T_STRING $@88 shield_layer

    T_STRING  偏移，并进入状态 899


状态 771

  549 snet_other_option: '+' K_FREQUENCY NUMBER •

    $default  使用规则 549 以归约 (snet_other_option)


状态 772

  541 snet_other_option: '+' K_POLYGON $@89 • T_STRING $@90 firstPt nextPt nextPt otherPts

    T_STRING  偏移，并进入状态 900


状态 773

  546 snet_other_option: '+' K_VIA $@92 • T_STRING orient_pt $@93 firstPt otherPts

    T_STRING  偏移，并进入状态 901


状态 774

  533 snet_other_option: '+' net_type $@86 • spaths

    T_STRING  偏移，并进入状态 902

    spaths  转到状态 903
    spath   转到状态 904


状态 775

  618 group_option: '+' K_REGION • $@106 group_region

    $default  使用规则 617 以归约 ($@106)

    $@106  转到状态 905


状态 776

  614 group_option: '+' K_SOFT • group_soft_options

    $default  使用规则 627 以归约 (group_soft_options)

    group_soft_options  转到状态 906


状态 777

  616 group_option: '+' K_PROPERTY • $@105 group_prop_list

    $default  使用规则 615 以归约 ($@105)

    $@105  转到状态 907


状态 778

  645 operand: K_PATH $@108 T_STRING T_STRING • T_STRING T_STRING

    T_STRING  偏移，并进入状态 908


状态 779

  646 operand: K_SUM '(' operand_list ')' •

    $default  使用规则 646 以归约 (operand)


状态 780

  650 operand_list: operand_list ',' • operand

    K_NET   偏移，并进入状态 358
    K_PATH  偏移，并进入状态 359
    K_SUM   偏移，并进入状态 360
    K_DIFF  偏移，并进入状态 361

    operand  转到状态 909


状态 781

  649 operand_list: operand_list operand •

    $default  使用规则 649 以归约 (operand_list)


状态 782

  647 operand: K_DIFF '(' operand_list ')' •

    $default  使用规则 647 以归约 (operand)


状态 783

  654 opt_plus: '+' •

    $default  使用规则 654 以归约 (opt_plus)


状态 784

  652 wiredlogic_rule: '-' K_WIREDLOGIC $@109 T_STRING opt_plus • K_MAXDIST NUMBER ';'

    K_MAXDIST  偏移，并进入状态 910


状态 785

  657 delay_spec: '+' K_RISEMIN • NUMBER

    NUMBER  偏移，并进入状态 911


状态 786

  658 delay_spec: '+' K_RISEMAX • NUMBER

    NUMBER  偏移，并进入状态 912


状态 787

  659 delay_spec: '+' K_FALLMIN • NUMBER

    NUMBER  偏移，并进入状态 913


状态 788

  660 delay_spec: '+' K_FALLMAX • NUMBER

    NUMBER  偏移，并进入状态 914


状态 789

  675 scan_member: '+' K_START $@111 • T_STRING opt_pin

    T_STRING  偏移，并进入状态 915


状态 790

  677 scan_member: '+' K_FLOATING $@112 • floating_inst_list

    $default  使用规则 690 以归约 (floating_inst_list)

    floating_inst_list  转到状态 916


状态 791

  679 scan_member: '+' K_ORDERED $@113 • ordered_inst_list

    $default  使用规则 698 以归约 (ordered_inst_list)

    ordered_inst_list  转到状态 917


状态 792

  681 scan_member: '+' K_STOP $@114 • T_STRING opt_pin

    T_STRING  偏移，并进入状态 918


状态 793

  683 scan_member: '+' K_COMMONSCANPINS $@115 • opt_common_pins

    '('  偏移，并进入状态 919

    $default  使用规则 687 以归约 (opt_common_pins)

    opt_common_pins  转到状态 920


状态 794

  685 scan_member: '+' K_PARTITION $@116 • T_STRING partition_maxbits

    T_STRING  偏移，并进入状态 921


状态 795

  715 start_iotiming: '-' '(' $@119 T_STRING T_STRING • ')'

    ')'  偏移，并进入状态 922


状态 796

  720 iotiming_member: '+' K_CAPACITANCE NUMBER •

    $default  使用规则 720 以归约 (iotiming_member)


状态 797

  723 iotiming_member: '+' K_DRIVECELL $@120 • T_STRING $@121 iotiming_drivecell_opt

    T_STRING  偏移，并进入状态 923


状态 798

  718 iotiming_member: '+' risefall K_VARIABLE • NUMBER NUMBER

    NUMBER  偏移，并进入状态 924


状态 799

  719 iotiming_member: '+' risefall K_SLEWRATE • NUMBER NUMBER

    NUMBER  偏移，并进入状态 925


状态 800

  742 fp_stmt: '-' $@125 T_STRING h_or_v $@126 • constraint_type constrain_what_list ';'

    K_ALIGN  偏移，并进入状态 926
    K_MIN    偏移，并进入状态 927
    K_MAX    偏移，并进入状态 928
    K_EQUAL  偏移，并进入状态 929

    constraint_type  转到状态 930


状态 801

  767 timingdisables_rule: '-' K_FROMPIN $@131 T_STRING T_STRING • K_TOPIN $@132 T_STRING T_STRING ';'

    K_TOPIN  偏移，并进入状态 931


状态 802

  769 timingdisables_rule: '-' K_THRUPIN $@133 T_STRING T_STRING • ';'

    ';'  偏移，并进入状态 932


状态 803

  775 td_macro_option: K_FROMPIN • $@135 T_STRING K_TOPIN $@136 T_STRING

    $default  使用规则 773 以归约 ($@135)

    $@135  转到状态 933


状态 804

  777 td_macro_option: K_THRUPIN • $@137 T_STRING

    $default  使用规则 776 以归约 ($@137)

    $@137  转到状态 934


状态 805

  771 timingdisables_rule: '-' K_MACRO $@134 T_STRING td_macro_option • ';'

    ';'  偏移，并进入状态 935


状态 806

  789 turnoff_setup: K_SETUPRISE •

    $default  使用规则 789 以归约 (turnoff_setup)


状态 807

  790 turnoff_setup: K_SETUPFALL •

    $default  使用规则 790 以归约 (turnoff_setup)


状态 808

  787 turnoff: K_TURNOFF turnoff_setup • turnoff_hold

    K_HOLDRISE  偏移，并进入状态 936
    K_HOLDFALL  偏移，并进入状态 937

    $default  使用规则 791 以归约 (turnoff_hold)

    turnoff_hold  转到状态 938


状态 809

  797 partition_member: '+' K_FROMCLOCKPIN $@139 • T_STRING T_STRING risefall minmaxpins

    T_STRING  偏移，并进入状态 939


状态 810

  799 partition_member: '+' K_FROMCOMPPIN $@140 • T_STRING T_STRING risefallminmax2_list

    T_STRING  偏移，并进入状态 940


状态 811

  801 partition_member: '+' K_FROMIOPIN $@141 • T_STRING risefallminmax1_list

    T_STRING  偏移，并进入状态 941


状态 812

  803 partition_member: '+' K_TOCLOCKPIN $@142 • T_STRING T_STRING risefall minmaxpins

    T_STRING  偏移，并进入状态 942


状态 813

  805 partition_member: '+' K_TOCOMPPIN $@143 • T_STRING T_STRING risefallminmax2_list

    T_STRING  偏移，并进入状态 943


状态 814

  807 partition_member: '+' K_TOIOPIN $@144 • T_STRING risefallminmax1_list

    T_STRING  偏移，并进入状态 944


状态 815

  855 pin_prop_terminal: '-' $@149 T_STRING T_STRING $@150 • pin_prop_options ';'

    $default  使用规则 856 以归约 (pin_prop_options)

    pin_prop_options  转到状态 945


状态 816

  873 blockage_rule: '-' K_LAYER $@152 T_STRING $@153 • layer_blockage_rules

    $default  使用规则 876 以归约 (layer_blockage_rules)

    layer_blockage_rules  转到状态 946


状态 817

  892 placement_comp_rule: '+' • K_COMPONENT $@156 T_STRING
  893                    | '+' • K_PUSHDOWN
  894                    | '+' • K_SOFT
  895                    | '+' • K_PARTIAL NUMBER

    K_SOFT       偏移，并进入状态 947
    K_COMPONENT  偏移，并进入状态 948
    K_PUSHDOWN   偏移，并进入状态 949
    K_PARTIAL    偏移，并进入状态 950


状态 818

  890 placement_comp_rules: placement_comp_rules placement_comp_rule •

    $default  使用规则 890 以归约 (placement_comp_rules)


状态 819

  900 rectPoly_blockage: K_POLYGON $@157 firstPt nextPt • nextPt otherPts

    '('  偏移，并进入状态 188

    nextPt  转到状态 951
    pt      转到状态 321


状态 820

  909 slot_rule: '-' K_LAYER $@158 T_STRING $@159 • geom_slot

    K_RECT     偏移，并进入状态 503
    K_POLYGON  偏移，并进入状态 504

    geom_slot  转到状态 952


状态 821

  912 geom_slot: K_RECT pt pt •

    $default  使用规则 912 以归约 (geom_slot)


状态 822

  914 geom_slot: K_POLYGON $@160 firstPt • nextPt nextPt otherPts

    '('  偏移，并进入状态 188

    nextPt  转到状态 953
    pt      转到状态 321


状态 823

  926 fill_rule: '-' K_LAYER $@163 T_STRING $@164 • fill_layer_mask_opc_opt geom_fill

    $default  使用规则 932 以归约 (fill_layer_mask_opc_opt)

    fill_layer_mask_opc_opt  转到状态 954


状态 824

  923 fill_def: '-' K_VIA $@161 T_STRING $@162 • fill_via_mask_opc_opt fill_via_pt ';'

    $default  使用规则 938 以归约 (fill_via_mask_opc_opt)

    fill_via_mask_opc_opt  转到状态 955


状态 825

  929 geom_fill: K_RECT pt pt •

    $default  使用规则 929 以归约 (geom_fill)


状态 826

  931 geom_fill: K_POLYGON $@165 firstPt • nextPt nextPt otherPts

    '('  偏移，并进入状态 188

    nextPt  转到状态 956
    pt      转到状态 321


状态 827

  952 nondefault_def: '-' $@166 T_STRING $@167 nondefault_options ';' •

    $default  使用规则 952 以归约 (nondefault_def)


状态 828

  955 nondefault_option: '+' • K_HARDSPACING
  958                  | '+' • K_LAYER $@168 T_STRING K_WIDTH NUMBER $@169 nondefault_layer_options
  960                  | '+' • K_VIA $@170 T_STRING
  962                  | '+' • K_VIARULE $@171 T_STRING
  964                  | '+' • K_MINCUTS $@172 T_STRING NUMBER
  972 nondefault_prop_opt: '+' • K_PROPERTY $@173 nondefault_prop_list

    K_LAYER        偏移，并进入状态 957
    K_PROPERTY     偏移，并进入状态 958
    K_HARDSPACING  偏移，并进入状态 959
    K_MINCUTS      偏移，并进入状态 960
    K_VIA          偏移，并进入状态 961
    K_VIARULE      偏移，并进入状态 962


状态 829

  954 nondefault_options: nondefault_options nondefault_option •

    $default  使用规则 954 以归约 (nondefault_options)


状态 830

  965 nondefault_option: nondefault_prop_opt •

    $default  使用规则 965 以归约 (nondefault_option)


状态 831

  984 styles_rule: '-' K_STYLE NUMBER $@174 firstPt • nextPt otherPts ';'

    '('  偏移，并进入状态 188

    nextPt  转到状态 963
    pt      转到状态 321


状态 832

   96 canplace: K_CANPLACE $@18 T_STRING NUMBER NUMBER orient K_DO NUMBER • K_BY NUMBER K_STEP NUMBER NUMBER ';'

    K_BY  偏移，并进入状态 964


状态 833

   98 cannotoccupy: K_CANNOTOCCUPY $@19 T_STRING NUMBER NUMBER orient K_DO NUMBER • K_BY NUMBER K_STEP NUMBER NUMBER ';'

    K_BY  偏移，并进入状态 965


状态 834

  244 gcellgrid: K_GCELLGRID track_type NUMBER K_DO NUMBER K_STEP NUMBER ';' •

    $default  使用规则 244 以归约 (gcellgrid)


状态 835

  214 row_rule: K_ROW $@35 T_STRING T_STRING NUMBER NUMBER orient $@36 • row_do_option row_options ';'

    K_DO  偏移，并进入状态 966

    $default  使用规则 215 以归约 (row_do_option)

    row_do_option  转到状态 967


状态 836

   88 property_type_and_val: K_STRING QSTRING •

    $default  使用规则 88 以归约 (property_type_and_val)


状态 837

   86 property_type_and_val: K_REAL $@17 • opt_range opt_num_val

    K_RANGE  偏移，并进入状态 968

    $default  使用规则 586 以归约 (opt_range)

    opt_range  转到状态 969


状态 838

   84 property_type_and_val: K_INTEGER $@16 • opt_range opt_num_val

    K_RANGE  偏移，并进入状态 968

    $default  使用规则 586 以归约 (opt_range)

    opt_range  转到状态 970


状态 839

   89 property_type_and_val: K_NAMEMAPSTRING T_STRING •

    $default  使用规则 89 以归约 (property_type_and_val)


状态 840

   65 property_def: K_DESIGN $@7 T_STRING property_type_and_val ';' •

    $default  使用规则 65 以归约 (property_def)


状态 841

   77 property_def: K_ROW $@13 T_STRING property_type_and_val ';' •

    $default  使用规则 77 以归约 (property_def)


状态 842

   71 property_def: K_REGION $@10 T_STRING property_type_and_val ';' •

    $default  使用规则 71 以归约 (property_def)


状态 843

   81 property_def: K_NONDEFAULTRULE $@15 T_STRING property_type_and_val ';' •

    $default  使用规则 81 以归约 (property_def)


状态 844

   73 property_def: K_GROUP $@11 T_STRING property_type_and_val ';' •

    $default  使用规则 73 以归约 (property_def)


状态 845

   67 property_def: K_NET $@8 T_STRING property_type_and_val ';' •

    $default  使用规则 67 以归约 (property_def)


状态 846

   75 property_def: K_COMPONENT $@12 T_STRING property_type_and_val ';' •

    $default  使用规则 75 以归约 (property_def)


状态 847

   69 property_def: K_SNET $@9 T_STRING property_type_and_val ';' •

    $default  使用规则 69 以归约 (property_def)


状态 848

   79 property_def: K_COMPONENTPIN $@14 T_STRING property_type_and_val ';' •

    $default  使用规则 79 以归约 (property_def)


状态 849

  122 pin: '-' $@21 T_STRING '+' K_NET $@22 • T_STRING $@23 pin_options ';'

    T_STRING  偏移，并进入状态 971


状态 850

  235 track_mask_statement: K_MASK • NUMBER same_mask

    NUMBER  偏移，并进入状态 972


状态 851

  229 tracks_rule: track_start NUMBER $@38 K_DO NUMBER K_STEP NUMBER track_opts • ';'

    ';'  偏移，并进入状态 973


状态 852

  233 track_opts: track_mask_statement • track_layer_statement

    K_LAYER  偏移，并进入状态 974

    $default  使用规则 238 以归约 (track_layer_statement)

    track_layer_statement  转到状态 975


状态 853

  253 via_declaration: '-' $@40 T_STRING $@41 layer_stmts ';' •

    $default  使用规则 253 以归约 (via_declaration)


状态 854

  246 extension_stmt: '+' • K_BEGINEXT
  257 layer_stmt: '+' • K_RECT $@42 T_STRING mask pt pt
  260           | '+' • K_POLYGON $@43 T_STRING mask $@44 firstPt nextPt nextPt otherPts
  262           | '+' • K_PATTERNNAME $@45 T_STRING
  265           | '+' • K_VIARULE $@46 T_STRING '+' K_CUTSIZE NUMBER NUMBER '+' K_LAYERS $@47 T_STRING T_STRING T_STRING '+' K_CUTSPACING NUMBER NUMBER '+' K_ENCLOSURE NUMBER NUMBER NUMBER NUMBER
  268 layer_viarule_opts: '+' • K_ROWCOL NUMBER NUMBER
  269                   | '+' • K_ORIGIN NUMBER NUMBER
  270                   | '+' • K_OFFSET NUMBER NUMBER NUMBER NUMBER
  272                   | '+' • K_PATTERN $@48 T_STRING

    K_RECT         偏移，并进入状态 976
    K_PATTERN      偏移，并进入状态 977
    K_PATTERNNAME  偏移，并进入状态 978
    K_BEGINEXT     偏移，并进入状态 560
    K_OFFSET       偏移，并进入状态 979
    K_ORIGIN       偏移，并进入状态 980
    K_ROWCOL       偏移，并进入状态 981
    K_POLYGON      偏移，并进入状态 982
    K_VIARULE      偏移，并进入状态 983


状态 855

  267 layer_stmt: extension_stmt •

    $default  使用规则 267 以归约 (layer_stmt)


状态 856

  255 layer_stmts: layer_stmts layer_stmt •

    $default  使用规则 255 以归约 (layer_stmts)


状态 857

  266 layer_stmt: layer_viarule_opts •

    $default  使用规则 266 以归约 (layer_stmt)


状态 858

  291 rect_list: pt pt •

    $default  使用规则 291 以归约 (rect_list)


状态 859

  292 rect_list: rect_list pt • pt

    '('  偏移，并进入状态 188

    pt  转到状态 984


状态 860

  290 regions_stmt: '-' $@49 T_STRING $@50 rect_list region_options • ';'
  294 region_options: region_options • region_option

    ';'  偏移，并进入状态 985
    '+'  偏移，并进入状态 986

    region_option  转到状态 987


状态 861

  338 comp_generate: '+' K_COMP_GEN $@54 T_STRING • opt_pattern

    T_STRING  偏移，并进入状态 988

    $default  使用规则 339 以归约 (opt_pattern)

    opt_pattern  转到状态 989


状态 862

  336 comp_eeq: '+' K_EEQMASTER $@53 T_STRING •

    $default  使用规则 336 以归约 (comp_eeq)


状态 863

  370 comp_type: '+' K_UNPLACED pt orient •

    $default  使用规则 370 以归约 (comp_type)


状态 864

  365 comp_foreign: '+' K_FOREIGN $@58 T_STRING • opt_paren orient

    NUMBER  偏移，并进入状态 990
    '('     偏移，并进入状态 188

    pt         转到状态 991
    opt_paren  转到状态 992


状态 865

  360 comp_prop: T_STRING • NUMBER
  361          | T_STRING • QSTRING
  362          | T_STRING • T_STRING

    QSTRING   偏移，并进入状态 993
    T_STRING  偏移，并进入状态 994
    NUMBER    偏移，并进入状态 995


状态 866

  357 comp_property: '+' K_PROPERTY $@57 comp_prop_list •
  359 comp_prop_list: comp_prop_list • comp_prop

    T_STRING  偏移，并进入状态 865

    $default  使用规则 357 以归约 (comp_property)

    comp_prop  转到状态 996


状态 867

  358 comp_prop_list: comp_prop •

    $default  使用规则 358 以归约 (comp_prop_list)


状态 868

  372 maskShift: '+' K_MASKSHIFT $@59 T_STRING •

    $default  使用规则 372 以归约 (maskShift)


状态 869

  353 halo_soft: K_SOFT •

    $default  使用规则 353 以归约 (halo_soft)


状态 870

  351 comp_halo: '+' K_HALO $@55 halo_soft • NUMBER NUMBER NUMBER NUMBER

    NUMBER  偏移，并进入状态 997


状态 871

  355 comp_routehalo: '+' K_ROUTEHALO NUMBER $@56 • T_STRING T_STRING

    T_STRING  偏移，并进入状态 998


状态 872

  349 comp_pnt_list: comp_pnt_list pt pt •

    $default  使用规则 349 以归约 (comp_pnt_list)


状态 873

  393 net_connection: '(' • T_STRING $@63 T_STRING conn_opt ')'
  395               | '(' • '*' $@64 T_STRING conn_opt ')'
  397               | '(' • K_PIN $@65 T_STRING conn_opt ')'

    T_STRING  偏移，并进入状态 999
    K_PIN     偏移，并进入状态 1000
    '*'       偏移，并进入状态 1001


状态 874

  391 net_connections: net_connections net_connection •

    $default  使用规则 391 以归约 (net_connections)


状态 875

  389 net_name: K_MUSTJOIN '(' T_STRING $@62 • T_STRING ')'

    T_STRING  偏移，并进入状态 1002


状态 876

  410 net_option: '+' K_ORIGINAL $@68 T_STRING •

    $default  使用规则 410 以归约 (net_option)


状态 877

  418 net_option: '+' K_NONDEFAULTRULE $@69 T_STRING •

    $default  使用规则 418 以归约 (net_option)


状态 878

  445 vpin_begin: '+' K_VPIN $@78 T_STRING •

    $default  使用规则 445 以归约 (vpin_begin)


状态 879

  428 net_option: '+' K_SUBNET $@73 T_STRING • $@74 comp_names $@75 subnet_options

    $default  使用规则 426 以归约 ($@74)

    $@74  转到状态 1003


状态 880

  434 net_prop: T_STRING • NUMBER
  435         | T_STRING • QSTRING
  436         | T_STRING • T_STRING

    QSTRING   偏移，并进入状态 1004
    T_STRING  偏移，并进入状态 1005
    NUMBER    偏移，并进入状态 1006


状态 881

  430 net_option: '+' K_PROPERTY $@76 net_prop_list •
  433 net_prop_list: net_prop_list • net_prop

    T_STRING  偏移，并进入状态 880

    $default  使用规则 430 以归约 (net_option)

    net_prop  转到状态 1007


状态 882

  432 net_prop_list: net_prop •

    $default  使用规则 432 以归约 (net_prop_list)


状态 883

  421 net_option: '+' K_SHIELDNET $@70 T_STRING •

    $default  使用规则 421 以归约 (net_option)


状态 884

  424 net_option: '+' K_NOSHIELD $@71 $@72 • paths

    T_STRING  偏移，并进入状态 886

    paths  转到状态 1008
    path   转到状态 888


状态 885

  408 net_option: '+' K_FREQUENCY $@67 NUMBER •

    $default  使用规则 408 以归约 (net_option)


状态 886

  463 path: T_STRING • $@81 opt_taper_style_s path_pt $@82 path_item_list

    $default  使用规则 461 以归约 ($@81)

    $@81  转到状态 1009


状态 887

  404 net_option: '+' net_type $@66 paths •
  458 paths: paths • new_path

    K_NEW  偏移，并进入状态 1010

    $default  使用规则 404 以归约 (net_option)

    new_path  转到状态 1011


状态 888

  457 paths: path •

    $default  使用规则 457 以归约 (paths)


状态 889

  448 vpin_layer_opt: K_LAYER $@79 T_STRING •

    $default  使用规则 448 以归约 (vpin_layer_opt)


状态 890

  443 vpin_stmt: vpin_begin vpin_layer_opt pt pt • $@77 vpin_options

    $default  使用规则 442 以归约 ($@77)

    $@77  转到状态 1012


状态 891

  543 snet_other_option: '+' K_RECT $@91 T_STRING • pt pt

    '('  偏移，并进入状态 188

    pt  转到状态 1013


状态 892

  551 snet_other_option: '+' K_ORIGINAL $@94 T_STRING •

    $default  使用规则 551 以归约 (snet_other_option)


状态 893

  573 snet_width: '+' K_WIDTH $@97 T_STRING • NUMBER

    NUMBER  偏移，并进入状态 1014


状态 894

  575 snet_voltage: '+' K_VOLTAGE $@98 T_STRING •

    $default  使用规则 575 以归约 (snet_voltage)


状态 895

  578 snet_spacing: '+' K_SPACING $@99 T_STRING • NUMBER $@100 opt_snet_range

    NUMBER  偏移，并进入状态 1015


状态 896

  581 snet_prop: T_STRING • NUMBER
  582          | T_STRING • QSTRING
  583          | T_STRING • T_STRING

    QSTRING   偏移，并进入状态 1016
    T_STRING  偏移，并进入状态 1017
    NUMBER    偏移，并进入状态 1018


状态 897

  558 snet_other_option: '+' K_PROPERTY $@95 snet_prop_list •
  580 snet_prop_list: snet_prop_list • snet_prop

    T_STRING  偏移，并进入状态 896

    $default  使用规则 558 以归约 (snet_other_option)

    snet_prop  转到状态 1019


状态 898

  579 snet_prop_list: snet_prop •

    $default  使用规则 579 以归约 (snet_prop_list)


状态 899

  536 snet_other_option: '+' K_SHIELD $@87 T_STRING • $@88 shield_layer

    $default  使用规则 535 以归约 ($@88)

    $@88  转到状态 1020


状态 900

  541 snet_other_option: '+' K_POLYGON $@89 T_STRING • $@90 firstPt nextPt nextPt otherPts

    $default  使用规则 540 以归约 ($@90)

    $@90  转到状态 1021


状态 901

  546 snet_other_option: '+' K_VIA $@92 T_STRING • orient_pt $@93 firstPt otherPts

    K_N   偏移，并进入状态 1022
    K_S   偏移，并进入状态 1023
    K_E   偏移，并进入状态 1024
    K_W   偏移，并进入状态 1025
    K_FN  偏移，并进入状态 1026
    K_FE  偏移，并进入状态 1027
    K_FS  偏移，并进入状态 1028
    K_FW  偏移，并进入状态 1029

    $default  使用规则 560 以归约 (orient_pt)

    orient_pt  转到状态 1030


状态 902

  598 spath: T_STRING • $@102 width opt_spaths path_pt $@103 path_item_list

    $default  使用规则 596 以归约 ($@102)

    $@102  转到状态 1031


状态 903

  533 snet_other_option: '+' net_type $@86 spaths •
  593 spaths: spaths • snew_path

    K_NEW  偏移，并进入状态 1032

    $default  使用规则 533 以归约 (snet_other_option)

    snew_path  转到状态 1033


状态 904

  592 spaths: spath •

    $default  使用规则 592 以归约 (spaths)


状态 905

  618 group_option: '+' K_REGION $@106 • group_region

    T_STRING  偏移，并进入状态 1034
    '('       偏移，并进入状态 188

    pt            转到状态 1035
    group_region  转到状态 1036


状态 906

  614 group_option: '+' K_SOFT group_soft_options •
  628 group_soft_options: group_soft_options • group_soft_option

    K_MAXX              偏移，并进入状态 1037
    K_MAXY              偏移，并进入状态 1038
    K_MAXHALFPERIMETER  偏移，并进入状态 1039

    $default  使用规则 614 以归约 (group_option)

    group_soft_option  转到状态 1040


状态 907

  616 group_option: '+' K_PROPERTY $@105 • group_prop_list

    $default  使用规则 622 以归约 (group_prop_list)

    group_prop_list  转到状态 1041


状态 908

  645 operand: K_PATH $@108 T_STRING T_STRING T_STRING • T_STRING

    T_STRING  偏移，并进入状态 1042


状态 909

  650 operand_list: operand_list ',' operand •

    $default  使用规则 650 以归约 (operand_list)


状态 910

  652 wiredlogic_rule: '-' K_WIREDLOGIC $@109 T_STRING opt_plus K_MAXDIST • NUMBER ';'

    NUMBER  偏移，并进入状态 1043


状态 911

  657 delay_spec: '+' K_RISEMIN NUMBER •

    $default  使用规则 657 以归约 (delay_spec)


状态 912

  658 delay_spec: '+' K_RISEMAX NUMBER •

    $default  使用规则 658 以归约 (delay_spec)


状态 913

  659 delay_spec: '+' K_FALLMIN NUMBER •

    $default  使用规则 659 以归约 (delay_spec)


状态 914

  660 delay_spec: '+' K_FALLMAX NUMBER •

    $default  使用规则 660 以归约 (delay_spec)


状态 915

  675 scan_member: '+' K_START $@111 T_STRING • opt_pin

    T_STRING  偏移，并进入状态 1044

    $default  使用规则 672 以归约 (opt_pin)

    opt_pin  转到状态 1045


状态 916

  677 scan_member: '+' K_FLOATING $@112 floating_inst_list •
  691 floating_inst_list: floating_inst_list • one_floating_inst

    T_STRING  偏移，并进入状态 1046

    $default  使用规则 677 以归约 (scan_member)

    one_floating_inst  转到状态 1047


状态 917

  679 scan_member: '+' K_ORDERED $@113 ordered_inst_list •
  699 ordered_inst_list: ordered_inst_list • one_ordered_inst

    T_STRING  偏移，并进入状态 1048

    $default  使用规则 679 以归约 (scan_member)

    one_ordered_inst  转到状态 1049


状态 918

  681 scan_member: '+' K_STOP $@114 T_STRING • opt_pin

    T_STRING  偏移，并进入状态 1044

    $default  使用规则 672 以归约 (opt_pin)

    opt_pin  转到状态 1050


状态 919

  688 opt_common_pins: '(' • T_STRING T_STRING ')'
  689                | '(' • T_STRING T_STRING ')' '(' T_STRING T_STRING ')'

    T_STRING  偏移，并进入状态 1051


状态 920

  683 scan_member: '+' K_COMMONSCANPINS $@115 opt_common_pins •

    $default  使用规则 683 以归约 (scan_member)


状态 921

  685 scan_member: '+' K_PARTITION $@116 T_STRING • partition_maxbits

    K_MAXBITS  偏移，并进入状态 1052

    $default  使用规则 706 以归约 (partition_maxbits)

    partition_maxbits  转到状态 1053


状态 922

  715 start_iotiming: '-' '(' $@119 T_STRING T_STRING ')' •

    $default  使用规则 715 以归约 (start_iotiming)


状态 923

  723 iotiming_member: '+' K_DRIVECELL $@120 T_STRING • $@121 iotiming_drivecell_opt

    $default  使用规则 722 以归约 ($@121)

    $@121  转到状态 1054


状态 924

  718 iotiming_member: '+' risefall K_VARIABLE NUMBER • NUMBER

    NUMBER  偏移，并进入状态 1055


状态 925

  719 iotiming_member: '+' risefall K_SLEWRATE NUMBER • NUMBER

    NUMBER  偏移，并进入状态 1056


状态 926

  745 constraint_type: K_ALIGN •

    $default  使用规则 745 以归约 (constraint_type)


状态 927

  747 constraint_type: K_MIN • NUMBER

    NUMBER  偏移，并进入状态 1057


状态 928

  746 constraint_type: K_MAX • NUMBER

    NUMBER  偏移，并进入状态 1058


状态 929

  748 constraint_type: K_EQUAL • NUMBER

    NUMBER  偏移，并进入状态 1059


状态 930

  742 fp_stmt: '-' $@125 T_STRING h_or_v $@126 constraint_type • constrain_what_list ';'

    $default  使用规则 749 以归约 (constrain_what_list)

    constrain_what_list  转到状态 1060


状态 931

  767 timingdisables_rule: '-' K_FROMPIN $@131 T_STRING T_STRING K_TOPIN • $@132 T_STRING T_STRING ';'

    $default  使用规则 766 以归约 ($@132)

    $@132  转到状态 1061


状态 932

  769 timingdisables_rule: '-' K_THRUPIN $@133 T_STRING T_STRING ';' •

    $default  使用规则 769 以归约 (timingdisables_rule)


状态 933

  775 td_macro_option: K_FROMPIN $@135 • T_STRING K_TOPIN $@136 T_STRING

    T_STRING  偏移，并进入状态 1062


状态 934

  777 td_macro_option: K_THRUPIN $@137 • T_STRING

    T_STRING  偏移，并进入状态 1063


状态 935

  771 timingdisables_rule: '-' K_MACRO $@134 T_STRING td_macro_option ';' •

    $default  使用规则 771 以归约 (timingdisables_rule)


状态 936

  792 turnoff_hold: K_HOLDRISE •

    $default  使用规则 792 以归约 (turnoff_hold)


状态 937

  793 turnoff_hold: K_HOLDFALL •

    $default  使用规则 793 以归约 (turnoff_hold)


状态 938

  787 turnoff: K_TURNOFF turnoff_setup turnoff_hold •

    $default  使用规则 787 以归约 (turnoff)


状态 939

  797 partition_member: '+' K_FROMCLOCKPIN $@139 T_STRING • T_STRING risefall minmaxpins

    T_STRING  偏移，并进入状态 1064


状态 940

  799 partition_member: '+' K_FROMCOMPPIN $@140 T_STRING • T_STRING risefallminmax2_list

    T_STRING  偏移，并进入状态 1065


状态 941

  801 partition_member: '+' K_FROMIOPIN $@141 T_STRING • risefallminmax1_list

    $default  使用规则 817 以归约 (risefallminmax1_list)

    risefallminmax1_list  转到状态 1066


状态 942

  803 partition_member: '+' K_TOCLOCKPIN $@142 T_STRING • T_STRING risefall minmaxpins

    T_STRING  偏移，并进入状态 1067


状态 943

  805 partition_member: '+' K_TOCOMPPIN $@143 T_STRING • T_STRING risefallminmax2_list

    T_STRING  偏移，并进入状态 1068


状态 944

  807 partition_member: '+' K_TOIOPIN $@144 T_STRING • risefallminmax1_list

    $default  使用规则 817 以归约 (risefallminmax1_list)

    risefallminmax1_list  转到状态 1069


状态 945

  855 pin_prop_terminal: '-' $@149 T_STRING T_STRING $@150 pin_prop_options • ';'
  857 pin_prop_options: pin_prop_options • pin_prop

    ';'  偏移，并进入状态 1070
    '+'  偏移，并进入状态 1071

    pin_prop  转到状态 1072


状态 946

  873 blockage_rule: '-' K_LAYER $@152 T_STRING $@153 layer_blockage_rules •
  877 layer_blockage_rules: layer_blockage_rules • layer_blockage_rule

    '+'  偏移，并进入状态 1073

    $default  使用规则 873 以归约 (blockage_rule)

    layer_blockage_rule  转到状态 1074
    mask_blockage_rule   转到状态 1075
    comp_blockage_rule   转到状态 1076


状态 947

  894 placement_comp_rule: '+' K_SOFT •

    $default  使用规则 894 以归约 (placement_comp_rule)


状态 948

  892 placement_comp_rule: '+' K_COMPONENT • $@156 T_STRING

    $default  使用规则 891 以归约 ($@156)

    $@156  转到状态 1077


状态 949

  893 placement_comp_rule: '+' K_PUSHDOWN •

    $default  使用规则 893 以归约 (placement_comp_rule)


状态 950

  895 placement_comp_rule: '+' K_PARTIAL • NUMBER

    NUMBER  偏移，并进入状态 1078


状态 951

  900 rectPoly_blockage: K_POLYGON $@157 firstPt nextPt nextPt • otherPts

    $default  使用规则 275 以归约 (otherPts)

    otherPts  转到状态 1079


状态 952

  909 slot_rule: '-' K_LAYER $@158 T_STRING $@159 geom_slot •

    $default  使用规则 909 以归约 (slot_rule)


状态 953

  914 geom_slot: K_POLYGON $@160 firstPt nextPt • nextPt otherPts

    '('  偏移，并进入状态 188

    nextPt  转到状态 1080
    pt      转到状态 321


状态 954

  926 fill_rule: '-' K_LAYER $@163 T_STRING $@164 fill_layer_mask_opc_opt • geom_fill
  933 fill_layer_mask_opc_opt: fill_layer_mask_opc_opt • opt_mask_opc_l

    K_RECT     偏移，并进入状态 509
    K_POLYGON  偏移，并进入状态 510
    '+'        偏移，并进入状态 1081

    geom_fill       转到状态 1082
    opt_mask_opc_l  转到状态 1083
    fill_layer_opc  转到状态 1084
    fill_mask       转到状态 1085


状态 955

  923 fill_def: '-' K_VIA $@161 T_STRING $@162 fill_via_mask_opc_opt • fill_via_pt ';'
  939 fill_via_mask_opc_opt: fill_via_mask_opc_opt • opt_mask_opc

    '+'  偏移，并进入状态 1086
    '('  偏移，并进入状态 188

    firstPt       转到状态 1087
    pt            转到状态 190
    fill_via_pt   转到状态 1088
    opt_mask_opc  转到状态 1089
    fill_via_opc  转到状态 1090
    fill_viaMask  转到状态 1091


状态 956

  931 geom_fill: K_POLYGON $@165 firstPt nextPt • nextPt otherPts

    '('  偏移，并进入状态 188

    nextPt  转到状态 1092
    pt      转到状态 321


状态 957

  958 nondefault_option: '+' K_LAYER • $@168 T_STRING K_WIDTH NUMBER $@169 nondefault_layer_options

    $default  使用规则 956 以归约 ($@168)

    $@168  转到状态 1093


状态 958

  972 nondefault_prop_opt: '+' K_PROPERTY • $@173 nondefault_prop_list

    $default  使用规则 971 以归约 ($@173)

    $@173  转到状态 1094


状态 959

  955 nondefault_option: '+' K_HARDSPACING •

    $default  使用规则 955 以归约 (nondefault_option)


状态 960

  964 nondefault_option: '+' K_MINCUTS • $@172 T_STRING NUMBER

    $default  使用规则 963 以归约 ($@172)

    $@172  转到状态 1095


状态 961

  960 nondefault_option: '+' K_VIA • $@170 T_STRING

    $default  使用规则 959 以归约 ($@170)

    $@170  转到状态 1096


状态 962

  962 nondefault_option: '+' K_VIARULE • $@171 T_STRING

    $default  使用规则 961 以归约 ($@171)

    $@171  转到状态 1097


状态 963

  984 styles_rule: '-' K_STYLE NUMBER $@174 firstPt nextPt • otherPts ';'

    $default  使用规则 275 以归约 (otherPts)

    otherPts  转到状态 1098


状态 964

   96 canplace: K_CANPLACE $@18 T_STRING NUMBER NUMBER orient K_DO NUMBER K_BY • NUMBER K_STEP NUMBER NUMBER ';'

    NUMBER  偏移，并进入状态 1099


状态 965

   98 cannotoccupy: K_CANNOTOCCUPY $@19 T_STRING NUMBER NUMBER orient K_DO NUMBER K_BY • NUMBER K_STEP NUMBER NUMBER ';'

    NUMBER  偏移，并进入状态 1100


状态 966

  216 row_do_option: K_DO • NUMBER K_BY NUMBER row_step_option

    NUMBER  偏移，并进入状态 1101


状态 967

  214 row_rule: K_ROW $@35 T_STRING T_STRING NUMBER NUMBER orient $@36 row_do_option • row_options ';'

    $default  使用规则 219 以归约 (row_options)

    row_options  转到状态 1102


状态 968

  587 opt_range: K_RANGE • NUMBER NUMBER

    NUMBER  偏移，并进入状态 1103


状态 969

   86 property_type_and_val: K_REAL $@17 opt_range • opt_num_val

    NUMBER  偏移，并进入状态 1104

    $default  使用规则 90 以归约 (opt_num_val)

    opt_num_val  转到状态 1105


状态 970

   84 property_type_and_val: K_INTEGER $@16 opt_range • opt_num_val

    NUMBER  偏移，并进入状态 1104

    $default  使用规则 90 以归约 (opt_num_val)

    opt_num_val  转到状态 1106


状态 971

  122 pin: '-' $@21 T_STRING '+' K_NET $@22 T_STRING • $@23 pin_options ';'

    $default  使用规则 121 以归约 ($@23)

    $@23  转到状态 1107


状态 972

  235 track_mask_statement: K_MASK NUMBER • same_mask

    K_SAMEMASK  偏移，并进入状态 1108

    $default  使用规则 236 以归约 (same_mask)

    same_mask  转到状态 1109


状态 973

  229 tracks_rule: track_start NUMBER $@38 K_DO NUMBER K_STEP NUMBER track_opts ';' •

    $default  使用规则 229 以归约 (tracks_rule)


状态 974

  240 track_layer_statement: K_LAYER • $@39 track_layer track_layers

    $default  使用规则 239 以归约 ($@39)

    $@39  转到状态 1110


状态 975

  233 track_opts: track_mask_statement track_layer_statement •

    $default  使用规则 233 以归约 (track_opts)


状态 976

  257 layer_stmt: '+' K_RECT • $@42 T_STRING mask pt pt

    $default  使用规则 256 以归约 ($@42)

    $@42  转到状态 1111


状态 977

  272 layer_viarule_opts: '+' K_PATTERN • $@48 T_STRING

    $default  使用规则 271 以归约 ($@48)

    $@48  转到状态 1112


状态 978

  262 layer_stmt: '+' K_PATTERNNAME • $@45 T_STRING

    $default  使用规则 261 以归约 ($@45)

    $@45  转到状态 1113


状态 979

  270 layer_viarule_opts: '+' K_OFFSET • NUMBER NUMBER NUMBER NUMBER

    NUMBER  偏移，并进入状态 1114


状态 980

  269 layer_viarule_opts: '+' K_ORIGIN • NUMBER NUMBER

    NUMBER  偏移，并进入状态 1115


状态 981

  268 layer_viarule_opts: '+' K_ROWCOL • NUMBER NUMBER

    NUMBER  偏移，并进入状态 1116


状态 982

  260 layer_stmt: '+' K_POLYGON • $@43 T_STRING mask $@44 firstPt nextPt nextPt otherPts

    $default  使用规则 258 以归约 ($@43)

    $@43  转到状态 1117


状态 983

  265 layer_stmt: '+' K_VIARULE • $@46 T_STRING '+' K_CUTSIZE NUMBER NUMBER '+' K_LAYERS $@47 T_STRING T_STRING T_STRING '+' K_CUTSPACING NUMBER NUMBER '+' K_ENCLOSURE NUMBER NUMBER NUMBER NUMBER

    $default  使用规则 263 以归约 ($@46)

    $@46  转到状态 1118


状态 984

  292 rect_list: rect_list pt pt •

    $default  使用规则 292 以归约 (rect_list)


状态 985

  290 regions_stmt: '-' $@49 T_STRING $@50 rect_list region_options ';' •

    $default  使用规则 290 以归约 (regions_stmt)


状态 986

  296 region_option: '+' • K_PROPERTY $@51 region_prop_list
  297              | '+' • K_TYPE region_type

    K_PROPERTY  偏移，并进入状态 1119
    K_TYPE      偏移，并进入状态 1120


状态 987

  294 region_options: region_options region_option •

    $default  使用规则 294 以归约 (region_options)


状态 988

  340 opt_pattern: T_STRING •

    $default  使用规则 340 以归约 (opt_pattern)


状态 989

  338 comp_generate: '+' K_COMP_GEN $@54 T_STRING opt_pattern •

    $default  使用规则 338 以归约 (comp_generate)


状态 990

  367 opt_paren: NUMBER • NUMBER

    NUMBER  偏移，并进入状态 1121


状态 991

  366 opt_paren: pt •

    $default  使用规则 366 以归约 (opt_paren)


状态 992

  365 comp_foreign: '+' K_FOREIGN $@58 T_STRING opt_paren • orient

    K_N   偏移，并进入状态 516
    K_S   偏移，并进入状态 517
    K_E   偏移，并进入状态 518
    K_W   偏移，并进入状态 519
    K_FN  偏移，并进入状态 520
    K_FE  偏移，并进入状态 521
    K_FS  偏移，并进入状态 522
    K_FW  偏移，并进入状态 523

    orient  转到状态 1122


状态 993

  361 comp_prop: T_STRING QSTRING •

    $default  使用规则 361 以归约 (comp_prop)


状态 994

  362 comp_prop: T_STRING T_STRING •

    $default  使用规则 362 以归约 (comp_prop)


状态 995

  360 comp_prop: T_STRING NUMBER •

    $default  使用规则 360 以归约 (comp_prop)


状态 996

  359 comp_prop_list: comp_prop_list comp_prop •

    $default  使用规则 359 以归约 (comp_prop_list)


状态 997

  351 comp_halo: '+' K_HALO $@55 halo_soft NUMBER • NUMBER NUMBER NUMBER

    NUMBER  偏移，并进入状态 1123


状态 998

  355 comp_routehalo: '+' K_ROUTEHALO NUMBER $@56 T_STRING • T_STRING

    T_STRING  偏移，并进入状态 1124


状态 999

  393 net_connection: '(' T_STRING • $@63 T_STRING conn_opt ')'

    $default  使用规则 392 以归约 ($@63)

    $@63  转到状态 1125


状态 1000

  397 net_connection: '(' K_PIN • $@65 T_STRING conn_opt ')'

    $default  使用规则 396 以归约 ($@65)

    $@65  转到状态 1126


状态 1001

  395 net_connection: '(' '*' • $@64 T_STRING conn_opt ')'

    $default  使用规则 394 以归约 ($@64)

    $@64  转到状态 1127


状态 1002

  389 net_name: K_MUSTJOIN '(' T_STRING $@62 T_STRING • ')'

    ')'  偏移，并进入状态 1128


状态 1003

  428 net_option: '+' K_SUBNET $@73 T_STRING $@74 • comp_names $@75 subnet_options

    $default  使用规则 830 以归约 (comp_names)

    comp_names  转到状态 1129


状态 1004

  435 net_prop: T_STRING QSTRING •

    $default  使用规则 435 以归约 (net_prop)


状态 1005

  436 net_prop: T_STRING T_STRING •

    $default  使用规则 436 以归约 (net_prop)


状态 1006

  434 net_prop: T_STRING NUMBER •

    $default  使用规则 434 以归约 (net_prop)


状态 1007

  433 net_prop_list: net_prop_list net_prop •

    $default  使用规则 433 以归约 (net_prop_list)


状态 1008

  424 net_option: '+' K_NOSHIELD $@71 $@72 paths •
  458 paths: paths • new_path

    K_NEW  偏移，并进入状态 1010

    $default  使用规则 424 以归约 (net_option)

    new_path  转到状态 1011


状态 1009

  463 path: T_STRING $@81 • opt_taper_style_s path_pt $@82 path_item_list

    $default  使用规则 496 以归约 (opt_taper_style_s)

    opt_taper_style_s  转到状态 1130


状态 1010

  460 new_path: K_NEW • $@80 path

    $default  使用规则 459 以归约 ($@80)

    $@80  转到状态 1131


状态 1011

  458 paths: paths new_path •

    $default  使用规则 458 以归约 (paths)


状态 1012

  443 vpin_stmt: vpin_begin vpin_layer_opt pt pt $@77 • vpin_options

    K_FIXED   偏移，并进入状态 1132
    K_COVER   偏移，并进入状态 1133
    K_PLACED  偏移，并进入状态 1134

    $default  使用规则 449 以归约 (vpin_options)

    vpin_options  转到状态 1135
    vpin_status   转到状态 1136


状态 1013

  543 snet_other_option: '+' K_RECT $@91 T_STRING pt • pt

    '('  偏移，并进入状态 188

    pt  转到状态 1137


状态 1014

  573 snet_width: '+' K_WIDTH $@97 T_STRING NUMBER •

    $default  使用规则 573 以归约 (snet_width)


状态 1015

  578 snet_spacing: '+' K_SPACING $@99 T_STRING NUMBER • $@100 opt_snet_range

    $default  使用规则 577 以归约 ($@100)

    $@100  转到状态 1138


状态 1016

  582 snet_prop: T_STRING QSTRING •

    $default  使用规则 582 以归约 (snet_prop)


状态 1017

  583 snet_prop: T_STRING T_STRING •

    $default  使用规则 583 以归约 (snet_prop)


状态 1018

  581 snet_prop: T_STRING NUMBER •

    $default  使用规则 581 以归约 (snet_prop)


状态 1019

  580 snet_prop_list: snet_prop_list snet_prop •

    $default  使用规则 580 以归约 (snet_prop_list)


状态 1020

  536 snet_other_option: '+' K_SHIELD $@87 T_STRING $@88 • shield_layer

    T_STRING  使用规则 570 以归约 ($@96)
    $default  使用规则 569 以归约 (shield_layer)

    shield_layer  转到状态 1139
    $@96          转到状态 1140


状态 1021

  541 snet_other_option: '+' K_POLYGON $@89 T_STRING $@90 • firstPt nextPt nextPt otherPts

    '('  偏移，并进入状态 188

    firstPt  转到状态 1141
    pt       转到状态 190


状态 1022

  561 orient_pt: K_N •

    $default  使用规则 561 以归约 (orient_pt)


状态 1023

  563 orient_pt: K_S •

    $default  使用规则 563 以归约 (orient_pt)


状态 1024

  564 orient_pt: K_E •

    $default  使用规则 564 以归约 (orient_pt)


状态 1025

  562 orient_pt: K_W •

    $default  使用规则 562 以归约 (orient_pt)


状态 1026

  565 orient_pt: K_FN •

    $default  使用规则 565 以归约 (orient_pt)


状态 1027

  568 orient_pt: K_FE •

    $default  使用规则 568 以归约 (orient_pt)


状态 1028

  567 orient_pt: K_FS •

    $default  使用规则 567 以归约 (orient_pt)


状态 1029

  566 orient_pt: K_FW •

    $default  使用规则 566 以归约 (orient_pt)


状态 1030

  546 snet_other_option: '+' K_VIA $@92 T_STRING orient_pt • $@93 firstPt otherPts

    $default  使用规则 545 以归约 ($@93)

    $@93  转到状态 1142


状态 1031

  598 spath: T_STRING $@102 • width opt_spaths path_pt $@103 path_item_list

    NUMBER  偏移，并进入状态 1143

    width  转到状态 1144


状态 1032

  595 snew_path: K_NEW • $@101 spath

    $default  使用规则 594 以归约 ($@101)

    $@101  转到状态 1145


状态 1033

  593 spaths: spaths snew_path •

    $default  使用规则 593 以归约 (spaths)


状态 1034

  621 group_region: T_STRING •

    $default  使用规则 621 以归约 (group_region)


状态 1035

  620 group_region: pt • pt

    '('  偏移，并进入状态 188

    pt  转到状态 1146


状态 1036

  618 group_option: '+' K_REGION $@106 group_region •

    $default  使用规则 618 以归约 (group_option)


状态 1037

  629 group_soft_option: K_MAXX • NUMBER

    NUMBER  偏移，并进入状态 1147


状态 1038

  630 group_soft_option: K_MAXY • NUMBER

    NUMBER  偏移，并进入状态 1148


状态 1039

  631 group_soft_option: K_MAXHALFPERIMETER • NUMBER

    NUMBER  偏移，并进入状态 1149


状态 1040

  628 group_soft_options: group_soft_options group_soft_option •

    $default  使用规则 628 以归约 (group_soft_options)


状态 1041

  616 group_option: '+' K_PROPERTY $@105 group_prop_list •
  623 group_prop_list: group_prop_list • group_prop

    T_STRING  偏移，并进入状态 1150

    $default  使用规则 616 以归约 (group_option)

    group_prop  转到状态 1151


状态 1042

  645 operand: K_PATH $@108 T_STRING T_STRING T_STRING T_STRING •

    $default  使用规则 645 以归约 (operand)


状态 1043

  652 wiredlogic_rule: '-' K_WIREDLOGIC $@109 T_STRING opt_plus K_MAXDIST NUMBER • ';'

    ';'  偏移，并进入状态 1152


状态 1044

  673 opt_pin: T_STRING •

    $default  使用规则 673 以归约 (opt_pin)


状态 1045

  675 scan_member: '+' K_START $@111 T_STRING opt_pin •

    $default  使用规则 675 以归约 (scan_member)


状态 1046

  693 one_floating_inst: T_STRING • $@117 floating_pins

    $default  使用规则 692 以归约 ($@117)

    $@117  转到状态 1153


状态 1047

  691 floating_inst_list: floating_inst_list one_floating_inst •

    $default  使用规则 691 以归约 (floating_inst_list)


状态 1048

  701 one_ordered_inst: T_STRING • $@118 ordered_pins

    $default  使用规则 700 以归约 ($@118)

    $@118  转到状态 1154


状态 1049

  699 ordered_inst_list: ordered_inst_list one_ordered_inst •

    $default  使用规则 699 以归约 (ordered_inst_list)


状态 1050

  681 scan_member: '+' K_STOP $@114 T_STRING opt_pin •

    $default  使用规则 681 以归约 (scan_member)


状态 1051

  688 opt_common_pins: '(' T_STRING • T_STRING ')'
  689                | '(' T_STRING • T_STRING ')' '(' T_STRING T_STRING ')'

    T_STRING  偏移，并进入状态 1155


状态 1052

  707 partition_maxbits: K_MAXBITS • NUMBER

    NUMBER  偏移，并进入状态 1156


状态 1053

  685 scan_member: '+' K_PARTITION $@116 T_STRING partition_maxbits •

    $default  使用规则 685 以归约 (scan_member)


状态 1054

  723 iotiming_member: '+' K_DRIVECELL $@120 T_STRING $@121 • iotiming_drivecell_opt

    K_FROMPIN  偏移，并进入状态 1157

    $default  使用规则 728 以归约 (iotiming_frompin)

    iotiming_drivecell_opt  转到状态 1158
    iotiming_frompin        转到状态 1159


状态 1055

  718 iotiming_member: '+' risefall K_VARIABLE NUMBER NUMBER •

    $default  使用规则 718 以归约 (iotiming_member)


状态 1056

  719 iotiming_member: '+' risefall K_SLEWRATE NUMBER NUMBER •

    $default  使用规则 719 以归约 (iotiming_member)


状态 1057

  747 constraint_type: K_MIN NUMBER •

    $default  使用规则 747 以归约 (constraint_type)


状态 1058

  746 constraint_type: K_MAX NUMBER •

    $default  使用规则 746 以归约 (constraint_type)


状态 1059

  748 constraint_type: K_EQUAL NUMBER •

    $default  使用规则 748 以归约 (constraint_type)


状态 1060

  742 fp_stmt: '-' $@125 T_STRING h_or_v $@126 constraint_type constrain_what_list • ';'
  750 constrain_what_list: constrain_what_list • constrain_what

    ';'  偏移，并进入状态 1160
    '+'  偏移，并进入状态 1161

    constrain_what  转到状态 1162


状态 1061

  767 timingdisables_rule: '-' K_FROMPIN $@131 T_STRING T_STRING K_TOPIN $@132 • T_STRING T_STRING ';'

    T_STRING  偏移，并进入状态 1163


状态 1062

  775 td_macro_option: K_FROMPIN $@135 T_STRING • K_TOPIN $@136 T_STRING

    K_TOPIN  偏移，并进入状态 1164


状态 1063

  777 td_macro_option: K_THRUPIN $@137 T_STRING •

    $default  使用规则 777 以归约 (td_macro_option)


状态 1064

  797 partition_member: '+' K_FROMCLOCKPIN $@139 T_STRING T_STRING • risefall minmaxpins

    K_RISE  偏移，并进入状态 632
    K_FALL  偏移，并进入状态 633

    risefall  转到状态 1165


状态 1065

  799 partition_member: '+' K_FROMCOMPPIN $@140 T_STRING T_STRING • risefallminmax2_list

    K_RISEMIN  偏移，并进入状态 1166
    K_RISEMAX  偏移，并进入状态 1167
    K_FALLMIN  偏移，并进入状态 1168
    K_FALLMAX  偏移，并进入状态 1169

    risefallminmax2_list  转到状态 1170
    risefallminmax2       转到状态 1171


状态 1066

  801 partition_member: '+' K_FROMIOPIN $@141 T_STRING risefallminmax1_list •
  818 risefallminmax1_list: risefallminmax1_list • risefallminmax1

    K_RISEMIN  偏移，并进入状态 1172
    K_RISEMAX  偏移，并进入状态 1173
    K_FALLMIN  偏移，并进入状态 1174
    K_FALLMAX  偏移，并进入状态 1175

    $default  使用规则 801 以归约 (partition_member)

    risefallminmax1  转到状态 1176


状态 1067

  803 partition_member: '+' K_TOCLOCKPIN $@142 T_STRING T_STRING • risefall minmaxpins

    K_RISE  偏移，并进入状态 632
    K_FALL  偏移，并进入状态 633

    risefall  转到状态 1177


状态 1068

  805 partition_member: '+' K_TOCOMPPIN $@143 T_STRING T_STRING • risefallminmax2_list

    K_RISEMIN  偏移，并进入状态 1166
    K_RISEMAX  偏移，并进入状态 1167
    K_FALLMIN  偏移，并进入状态 1168
    K_FALLMAX  偏移，并进入状态 1169

    risefallminmax2_list  转到状态 1178
    risefallminmax2       转到状态 1171


状态 1069

  807 partition_member: '+' K_TOIOPIN $@144 T_STRING risefallminmax1_list •
  818 risefallminmax1_list: risefallminmax1_list • risefallminmax1

    K_RISEMIN  偏移，并进入状态 1172
    K_RISEMAX  偏移，并进入状态 1173
    K_FALLMIN  偏移，并进入状态 1174
    K_FALLMAX  偏移，并进入状态 1175

    $default  使用规则 807 以归约 (partition_member)

    risefallminmax1  转到状态 1176


状态 1070

  855 pin_prop_terminal: '-' $@149 T_STRING T_STRING $@150 pin_prop_options ';' •

    $default  使用规则 855 以归约 (pin_prop_terminal)


状态 1071

  859 pin_prop: '+' • K_PROPERTY $@151 pin_prop_name_value_list

    K_PROPERTY  偏移，并进入状态 1179


状态 1072

  857 pin_prop_options: pin_prop_options pin_prop •

    $default  使用规则 857 以归约 (pin_prop_options)


状态 1073

  878 layer_blockage_rule: '+' • K_SPACING NUMBER
  879                    | '+' • K_DESIGNRULEWIDTH NUMBER
  882 mask_blockage_rule: '+' • K_MASK NUMBER
  884 comp_blockage_rule: '+' • K_COMPONENT $@155 T_STRING
  885                   | '+' • K_SLOTS
  886                   | '+' • K_FILLS
  887                   | '+' • K_PUSHDOWN
  888                   | '+' • K_EXCEPTPGNET

    K_SPACING          偏移，并进入状态 1180
    K_COMPONENT        偏移，并进入状态 1181
    K_MASK             偏移，并进入状态 1182
    K_SLOTS            偏移，并进入状态 1183
    K_FILLS            偏移，并进入状态 1184
    K_PUSHDOWN         偏移，并进入状态 1185
    K_DESIGNRULEWIDTH  偏移，并进入状态 1186
    K_EXCEPTPGNET      偏移，并进入状态 1187


状态 1074

  877 layer_blockage_rules: layer_blockage_rules layer_blockage_rule •

    $default  使用规则 877 以归约 (layer_blockage_rules)


状态 1075

  880 layer_blockage_rule: mask_blockage_rule •

    $default  使用规则 880 以归约 (layer_blockage_rule)


状态 1076

  881 layer_blockage_rule: comp_blockage_rule •

    $default  使用规则 881 以归约 (layer_blockage_rule)


状态 1077

  892 placement_comp_rule: '+' K_COMPONENT $@156 • T_STRING

    T_STRING  偏移，并进入状态 1188


状态 1078

  895 placement_comp_rule: '+' K_PARTIAL NUMBER •

    $default  使用规则 895 以归约 (placement_comp_rule)


状态 1079

  276 otherPts: otherPts • nextPt
  900 rectPoly_blockage: K_POLYGON $@157 firstPt nextPt nextPt otherPts •

    '('  偏移，并进入状态 188

    $default  使用规则 900 以归约 (rectPoly_blockage)

    nextPt  转到状态 531
    pt      转到状态 321


状态 1080

  914 geom_slot: K_POLYGON $@160 firstPt nextPt nextPt • otherPts

    $default  使用规则 275 以归约 (otherPts)

    otherPts  转到状态 1189


状态 1081

  936 fill_layer_opc: '+' • K_OPC
  943 fill_mask: '+' • K_MASK NUMBER

    K_MASK  偏移，并进入状态 1190
    K_OPC   偏移，并进入状态 1191


状态 1082

  926 fill_rule: '-' K_LAYER $@163 T_STRING $@164 fill_layer_mask_opc_opt geom_fill •

    $default  使用规则 926 以归约 (fill_rule)


状态 1083

  933 fill_layer_mask_opc_opt: fill_layer_mask_opc_opt opt_mask_opc_l •

    $default  使用规则 933 以归约 (fill_layer_mask_opc_opt)


状态 1084

  934 opt_mask_opc_l: fill_layer_opc •

    $default  使用规则 934 以归约 (opt_mask_opc_l)


状态 1085

  935 opt_mask_opc_l: fill_mask •

    $default  使用规则 935 以归约 (opt_mask_opc_l)


状态 1086

  942 fill_via_opc: '+' • K_OPC
  944 fill_viaMask: '+' • K_MASK NUMBER

    K_MASK  偏移，并进入状态 1192
    K_OPC   偏移，并进入状态 1193


状态 1087

  937 fill_via_pt: firstPt • otherPts

    $default  使用规则 275 以归约 (otherPts)

    otherPts  转到状态 1194


状态 1088

  923 fill_def: '-' K_VIA $@161 T_STRING $@162 fill_via_mask_opc_opt fill_via_pt • ';'

    ';'  偏移，并进入状态 1195


状态 1089

  939 fill_via_mask_opc_opt: fill_via_mask_opc_opt opt_mask_opc •

    $default  使用规则 939 以归约 (fill_via_mask_opc_opt)


状态 1090

  940 opt_mask_opc: fill_via_opc •

    $default  使用规则 940 以归约 (opt_mask_opc)


状态 1091

  941 opt_mask_opc: fill_viaMask •

    $default  使用规则 941 以归约 (opt_mask_opc)


状态 1092

  931 geom_fill: K_POLYGON $@165 firstPt nextPt nextPt • otherPts

    $default  使用规则 275 以归约 (otherPts)

    otherPts  转到状态 1196


状态 1093

  958 nondefault_option: '+' K_LAYER $@168 • T_STRING K_WIDTH NUMBER $@169 nondefault_layer_options

    T_STRING  偏移，并进入状态 1197


状态 1094

  972 nondefault_prop_opt: '+' K_PROPERTY $@173 • nondefault_prop_list

    $default  使用规则 973 以归约 (nondefault_prop_list)

    nondefault_prop_list  转到状态 1198


状态 1095

  964 nondefault_option: '+' K_MINCUTS $@172 • T_STRING NUMBER

    T_STRING  偏移，并进入状态 1199


状态 1096

  960 nondefault_option: '+' K_VIA $@170 • T_STRING

    T_STRING  偏移，并进入状态 1200


状态 1097

  962 nondefault_option: '+' K_VIARULE $@171 • T_STRING

    T_STRING  偏移，并进入状态 1201


状态 1098

  276 otherPts: otherPts • nextPt
  984 styles_rule: '-' K_STYLE NUMBER $@174 firstPt nextPt otherPts • ';'

    ';'  偏移，并进入状态 1202
    '('  偏移，并进入状态 188

    nextPt  转到状态 531
    pt      转到状态 321


状态 1099

   96 canplace: K_CANPLACE $@18 T_STRING NUMBER NUMBER orient K_DO NUMBER K_BY NUMBER • K_STEP NUMBER NUMBER ';'

    K_STEP  偏移，并进入状态 1203


状态 1100

   98 cannotoccupy: K_CANNOTOCCUPY $@19 T_STRING NUMBER NUMBER orient K_DO NUMBER K_BY NUMBER • K_STEP NUMBER NUMBER ';'

    K_STEP  偏移，并进入状态 1204


状态 1101

  216 row_do_option: K_DO NUMBER • K_BY NUMBER row_step_option

    K_BY  偏移，并进入状态 1205


状态 1102

  214 row_rule: K_ROW $@35 T_STRING T_STRING NUMBER NUMBER orient $@36 row_do_option row_options • ';'
  220 row_options: row_options • row_option

    ';'  偏移，并进入状态 1206
    '+'  偏移，并进入状态 1207

    row_option  转到状态 1208


状态 1103

  587 opt_range: K_RANGE NUMBER • NUMBER

    NUMBER  偏移，并进入状态 1209


状态 1104

   91 opt_num_val: NUMBER •

    $default  使用规则 91 以归约 (opt_num_val)


状态 1105

   86 property_type_and_val: K_REAL $@17 opt_range opt_num_val •

    $default  使用规则 86 以归约 (property_type_and_val)


状态 1106

   84 property_type_and_val: K_INTEGER $@16 opt_range opt_num_val •

    $default  使用规则 84 以归约 (property_type_and_val)


状态 1107

  122 pin: '-' $@21 T_STRING '+' K_NET $@22 T_STRING $@23 • pin_options ';'

    $default  使用规则 123 以归约 (pin_options)

    pin_options  转到状态 1210


状态 1108

  237 same_mask: K_SAMEMASK •

    $default  使用规则 237 以归约 (same_mask)


状态 1109

  235 track_mask_statement: K_MASK NUMBER same_mask •

    $default  使用规则 235 以归约 (track_mask_statement)


状态 1110

  240 track_layer_statement: K_LAYER $@39 • track_layer track_layers

    T_STRING  偏移，并进入状态 1211

    track_layer  转到状态 1212


状态 1111

  257 layer_stmt: '+' K_RECT $@42 • T_STRING mask pt pt

    T_STRING  偏移，并进入状态 1213


状态 1112

  272 layer_viarule_opts: '+' K_PATTERN $@48 • T_STRING

    T_STRING  偏移，并进入状态 1214


状态 1113

  262 layer_stmt: '+' K_PATTERNNAME $@45 • T_STRING

    T_STRING  偏移，并进入状态 1215


状态 1114

  270 layer_viarule_opts: '+' K_OFFSET NUMBER • NUMBER NUMBER NUMBER

    NUMBER  偏移，并进入状态 1216


状态 1115

  269 layer_viarule_opts: '+' K_ORIGIN NUMBER • NUMBER

    NUMBER  偏移，并进入状态 1217


状态 1116

  268 layer_viarule_opts: '+' K_ROWCOL NUMBER • NUMBER

    NUMBER  偏移，并进入状态 1218


状态 1117

  260 layer_stmt: '+' K_POLYGON $@43 • T_STRING mask $@44 firstPt nextPt nextPt otherPts

    T_STRING  偏移，并进入状态 1219


状态 1118

  265 layer_stmt: '+' K_VIARULE $@46 • T_STRING '+' K_CUTSIZE NUMBER NUMBER '+' K_LAYERS $@47 T_STRING T_STRING T_STRING '+' K_CUTSPACING NUMBER NUMBER '+' K_ENCLOSURE NUMBER NUMBER NUMBER NUMBER

    T_STRING  偏移，并进入状态 1220


状态 1119

  296 region_option: '+' K_PROPERTY • $@51 region_prop_list

    $default  使用规则 295 以归约 ($@51)

    $@51  转到状态 1221


状态 1120

  297 region_option: '+' K_TYPE • region_type

    K_FENCE  偏移，并进入状态 1222
    K_GUIDE  偏移，并进入状态 1223

    region_type  转到状态 1224


状态 1121

  367 opt_paren: NUMBER NUMBER •

    $default  使用规则 367 以归约 (opt_paren)


状态 1122

  365 comp_foreign: '+' K_FOREIGN $@58 T_STRING opt_paren orient •

    $default  使用规则 365 以归约 (comp_foreign)


状态 1123

  351 comp_halo: '+' K_HALO $@55 halo_soft NUMBER NUMBER • NUMBER NUMBER

    NUMBER  偏移，并进入状态 1225


状态 1124

  355 comp_routehalo: '+' K_ROUTEHALO NUMBER $@56 T_STRING T_STRING •

    $default  使用规则 355 以归约 (comp_routehalo)


状态 1125

  393 net_connection: '(' T_STRING $@63 • T_STRING conn_opt ')'

    T_STRING  偏移，并进入状态 1226


状态 1126

  397 net_connection: '(' K_PIN $@65 • T_STRING conn_opt ')'

    T_STRING  偏移，并进入状态 1227


状态 1127

  395 net_connection: '(' '*' $@64 • T_STRING conn_opt ')'

    T_STRING  偏移，并进入状态 1228


状态 1128

  389 net_name: K_MUSTJOIN '(' T_STRING $@62 T_STRING ')' •

    $default  使用规则 389 以归约 (net_name)


状态 1129

  428 net_option: '+' K_SUBNET $@73 T_STRING $@74 comp_names • $@75 subnet_options
  831 comp_names: comp_names • comp_name

    '('  偏移，并进入状态 1229

    $default  使用规则 427 以归约 ($@75)

    $@75       转到状态 1230
    comp_name  转到状态 1231


状态 1130

  463 path: T_STRING $@81 opt_taper_style_s • path_pt $@82 path_item_list
  497 opt_taper_style_s: opt_taper_style_s • opt_taper_style

    K_STYLE      偏移，并进入状态 1232
    K_TAPER      偏移，并进入状态 1233
    K_TAPERRULE  偏移，并进入状态 1234
    '('          偏移，并进入状态 1235

    path_pt          转到状态 1236
    opt_taper_style  转到状态 1237
    opt_taper        转到状态 1238
    opt_style        转到状态 1239


状态 1131

  460 new_path: K_NEW $@80 • path

    T_STRING  偏移，并进入状态 886

    path  转到状态 1240


状态 1132

  452 vpin_status: K_FIXED •

    $default  使用规则 452 以归约 (vpin_status)


状态 1133

  453 vpin_status: K_COVER •

    $default  使用规则 453 以归约 (vpin_status)


状态 1134

  451 vpin_status: K_PLACED •

    $default  使用规则 451 以归约 (vpin_status)


状态 1135

  443 vpin_stmt: vpin_begin vpin_layer_opt pt pt $@77 vpin_options •

    $default  使用规则 443 以归约 (vpin_stmt)


状态 1136

  450 vpin_options: vpin_status • pt orient

    '('  偏移，并进入状态 188

    pt  转到状态 1241


状态 1137

  543 snet_other_option: '+' K_RECT $@91 T_STRING pt pt •

    $default  使用规则 543 以归约 (snet_other_option)


状态 1138

  578 snet_spacing: '+' K_SPACING $@99 T_STRING NUMBER $@100 • opt_snet_range

    K_RANGE  偏移，并进入状态 1242

    $default  使用规则 584 以归约 (opt_snet_range)

    opt_snet_range  转到状态 1243


状态 1139

  536 snet_other_option: '+' K_SHIELD $@87 T_STRING $@88 shield_layer •

    $default  使用规则 536 以归约 (snet_other_option)


状态 1140

  571 shield_layer: $@96 • spaths

    T_STRING  偏移，并进入状态 902

    spaths  转到状态 1244
    spath   转到状态 904


状态 1141

  541 snet_other_option: '+' K_POLYGON $@89 T_STRING $@90 firstPt • nextPt nextPt otherPts

    '('  偏移，并进入状态 188

    nextPt  转到状态 1245
    pt      转到状态 321


状态 1142

  546 snet_other_option: '+' K_VIA $@92 T_STRING orient_pt $@93 • firstPt otherPts

    '('  偏移，并进入状态 188

    firstPt  转到状态 1246
    pt       转到状态 190


状态 1143

  599 width: NUMBER •

    $default  使用规则 599 以归约 (width)


状态 1144

  598 spath: T_STRING $@102 width • opt_spaths path_pt $@103 path_item_list

    $default  使用规则 504 以归约 (opt_spaths)

    opt_spaths  转到状态 1247


状态 1145

  595 snew_path: K_NEW $@101 • spath

    T_STRING  偏移，并进入状态 902

    spath  转到状态 1248


状态 1146

  620 group_region: pt pt •

    $default  使用规则 620 以归约 (group_region)


状态 1147

  629 group_soft_option: K_MAXX NUMBER •

    $default  使用规则 629 以归约 (group_soft_option)


状态 1148

  630 group_soft_option: K_MAXY NUMBER •

    $default  使用规则 630 以归约 (group_soft_option)


状态 1149

  631 group_soft_option: K_MAXHALFPERIMETER NUMBER •

    $default  使用规则 631 以归约 (group_soft_option)


状态 1150

  624 group_prop: T_STRING • NUMBER
  625           | T_STRING • QSTRING
  626           | T_STRING • T_STRING

    QSTRING   偏移，并进入状态 1249
    T_STRING  偏移，并进入状态 1250
    NUMBER    偏移，并进入状态 1251


状态 1151

  623 group_prop_list: group_prop_list group_prop •

    $default  使用规则 623 以归约 (group_prop_list)


状态 1152

  652 wiredlogic_rule: '-' K_WIREDLOGIC $@109 T_STRING opt_plus K_MAXDIST NUMBER ';' •

    $default  使用规则 652 以归约 (wiredlogic_rule)


状态 1153

  693 one_floating_inst: T_STRING $@117 • floating_pins

    '('  偏移，并进入状态 1252

    $default  使用规则 694 以归约 (floating_pins)

    floating_pins  转到状态 1253


状态 1154

  701 one_ordered_inst: T_STRING $@118 • ordered_pins

    '('  偏移，并进入状态 1254

    $default  使用规则 702 以归约 (ordered_pins)

    ordered_pins  转到状态 1255


状态 1155

  688 opt_common_pins: '(' T_STRING T_STRING • ')'
  689                | '(' T_STRING T_STRING • ')' '(' T_STRING T_STRING ')'

    ')'  偏移，并进入状态 1256


状态 1156

  707 partition_maxbits: K_MAXBITS NUMBER •

    $default  使用规则 707 以归约 (partition_maxbits)


状态 1157

  730 iotiming_frompin: K_FROMPIN • $@124 T_STRING

    $default  使用规则 729 以归约 ($@124)

    $@124  转到状态 1257


状态 1158

  723 iotiming_member: '+' K_DRIVECELL $@120 T_STRING $@121 iotiming_drivecell_opt •

    $default  使用规则 723 以归约 (iotiming_member)


状态 1159

  727 iotiming_drivecell_opt: iotiming_frompin • K_TOPIN $@122 T_STRING $@123 iotiming_parallel

    K_TOPIN  偏移，并进入状态 1258


状态 1160

  742 fp_stmt: '-' $@125 T_STRING h_or_v $@126 constraint_type constrain_what_list ';' •

    $default  使用规则 742 以归约 (fp_stmt)


状态 1161

  752 constrain_what: '+' • K_BOTTOMLEFT $@127 row_or_comp_list
  754               | '+' • K_TOPRIGHT $@128 row_or_comp_list

    K_BOTTOMLEFT  偏移，并进入状态 1259
    K_TOPRIGHT    偏移，并进入状态 1260


状态 1162

  750 constrain_what_list: constrain_what_list constrain_what •

    $default  使用规则 750 以归约 (constrain_what_list)


状态 1163

  767 timingdisables_rule: '-' K_FROMPIN $@131 T_STRING T_STRING K_TOPIN $@132 T_STRING • T_STRING ';'

    T_STRING  偏移，并进入状态 1261


状态 1164

  775 td_macro_option: K_FROMPIN $@135 T_STRING K_TOPIN • $@136 T_STRING

    $default  使用规则 774 以归约 ($@136)

    $@136  转到状态 1262


状态 1165

  797 partition_member: '+' K_FROMCLOCKPIN $@139 T_STRING T_STRING risefall • minmaxpins

    $default  使用规则 811 以归约 (min_or_max_list)

    minmaxpins       转到状态 1263
    min_or_max_list  转到状态 1264


状态 1166

  825 risefallminmax2: K_RISEMIN • NUMBER NUMBER

    NUMBER  偏移，并进入状态 1265


状态 1167

  827 risefallminmax2: K_RISEMAX • NUMBER NUMBER

    NUMBER  偏移，并进入状态 1266


状态 1168

  826 risefallminmax2: K_FALLMIN • NUMBER NUMBER

    NUMBER  偏移，并进入状态 1267


状态 1169

  828 risefallminmax2: K_FALLMAX • NUMBER NUMBER

    NUMBER  偏移，并进入状态 1268


状态 1170

  799 partition_member: '+' K_FROMCOMPPIN $@140 T_STRING T_STRING risefallminmax2_list •
  824 risefallminmax2_list: risefallminmax2_list • risefallminmax2

    K_RISEMIN  偏移，并进入状态 1166
    K_RISEMAX  偏移，并进入状态 1167
    K_FALLMIN  偏移，并进入状态 1168
    K_FALLMAX  偏移，并进入状态 1169

    $default  使用规则 799 以归约 (partition_member)

    risefallminmax2  转到状态 1269


状态 1171

  823 risefallminmax2_list: risefallminmax2 •

    $default  使用规则 823 以归约 (risefallminmax2_list)


状态 1172

  819 risefallminmax1: K_RISEMIN • NUMBER

    NUMBER  偏移，并进入状态 1270


状态 1173

  821 risefallminmax1: K_RISEMAX • NUMBER

    NUMBER  偏移，并进入状态 1271


状态 1174

  820 risefallminmax1: K_FALLMIN • NUMBER

    NUMBER  偏移，并进入状态 1272


状态 1175

  822 risefallminmax1: K_FALLMAX • NUMBER

    NUMBER  偏移，并进入状态 1273


状态 1176

  818 risefallminmax1_list: risefallminmax1_list risefallminmax1 •

    $default  使用规则 818 以归约 (risefallminmax1_list)


状态 1177

  803 partition_member: '+' K_TOCLOCKPIN $@142 T_STRING T_STRING risefall • minmaxpins

    $default  使用规则 811 以归约 (min_or_max_list)

    minmaxpins       转到状态 1274
    min_or_max_list  转到状态 1264


状态 1178

  805 partition_member: '+' K_TOCOMPPIN $@143 T_STRING T_STRING risefallminmax2_list •
  824 risefallminmax2_list: risefallminmax2_list • risefallminmax2

    K_RISEMIN  偏移，并进入状态 1166
    K_RISEMAX  偏移，并进入状态 1167
    K_FALLMIN  偏移，并进入状态 1168
    K_FALLMAX  偏移，并进入状态 1169

    $default  使用规则 805 以归约 (partition_member)

    risefallminmax2  转到状态 1269


状态 1179

  859 pin_prop: '+' K_PROPERTY • $@151 pin_prop_name_value_list

    $default  使用规则 858 以归约 ($@151)

    $@151  转到状态 1275


状态 1180

  878 layer_blockage_rule: '+' K_SPACING • NUMBER

    NUMBER  偏移，并进入状态 1276


状态 1181

  884 comp_blockage_rule: '+' K_COMPONENT • $@155 T_STRING

    $default  使用规则 883 以归约 ($@155)

    $@155  转到状态 1277


状态 1182

  882 mask_blockage_rule: '+' K_MASK • NUMBER

    NUMBER  偏移，并进入状态 1278


状态 1183

  885 comp_blockage_rule: '+' K_SLOTS •

    $default  使用规则 885 以归约 (comp_blockage_rule)


状态 1184

  886 comp_blockage_rule: '+' K_FILLS •

    $default  使用规则 886 以归约 (comp_blockage_rule)


状态 1185

  887 comp_blockage_rule: '+' K_PUSHDOWN •

    $default  使用规则 887 以归约 (comp_blockage_rule)


状态 1186

  879 layer_blockage_rule: '+' K_DESIGNRULEWIDTH • NUMBER

    NUMBER  偏移，并进入状态 1279


状态 1187

  888 comp_blockage_rule: '+' K_EXCEPTPGNET •

    $default  使用规则 888 以归约 (comp_blockage_rule)


状态 1188

  892 placement_comp_rule: '+' K_COMPONENT $@156 T_STRING •

    $default  使用规则 892 以归约 (placement_comp_rule)


状态 1189

  276 otherPts: otherPts • nextPt
  914 geom_slot: K_POLYGON $@160 firstPt nextPt nextPt otherPts •

    '('  偏移，并进入状态 188

    $default  使用规则 914 以归约 (geom_slot)

    nextPt  转到状态 531
    pt      转到状态 321


状态 1190

  943 fill_mask: '+' K_MASK • NUMBER

    NUMBER  偏移，并进入状态 1280


状态 1191

  936 fill_layer_opc: '+' K_OPC •

    $default  使用规则 936 以归约 (fill_layer_opc)


状态 1192

  944 fill_viaMask: '+' K_MASK • NUMBER

    NUMBER  偏移，并进入状态 1281


状态 1193

  942 fill_via_opc: '+' K_OPC •

    $default  使用规则 942 以归约 (fill_via_opc)


状态 1194

  276 otherPts: otherPts • nextPt
  937 fill_via_pt: firstPt otherPts •

    '('  偏移，并进入状态 188

    $default  使用规则 937 以归约 (fill_via_pt)

    nextPt  转到状态 531
    pt      转到状态 321


状态 1195

  923 fill_def: '-' K_VIA $@161 T_STRING $@162 fill_via_mask_opc_opt fill_via_pt ';' •

    $default  使用规则 923 以归约 (fill_def)


状态 1196

  276 otherPts: otherPts • nextPt
  931 geom_fill: K_POLYGON $@165 firstPt nextPt nextPt otherPts •

    '('  偏移，并进入状态 188

    $default  使用规则 931 以归约 (geom_fill)

    nextPt  转到状态 531
    pt      转到状态 321


状态 1197

  958 nondefault_option: '+' K_LAYER $@168 T_STRING • K_WIDTH NUMBER $@169 nondefault_layer_options

    K_WIDTH  偏移，并进入状态 1282


状态 1198

  972 nondefault_prop_opt: '+' K_PROPERTY $@173 nondefault_prop_list •
  974 nondefault_prop_list: nondefault_prop_list • nondefault_prop

    T_STRING  偏移，并进入状态 1283

    $default  使用规则 972 以归约 (nondefault_prop_opt)

    nondefault_prop  转到状态 1284


状态 1199

  964 nondefault_option: '+' K_MINCUTS $@172 T_STRING • NUMBER

    NUMBER  偏移，并进入状态 1285


状态 1200

  960 nondefault_option: '+' K_VIA $@170 T_STRING •

    $default  使用规则 960 以归约 (nondefault_option)


状态 1201

  962 nondefault_option: '+' K_VIARULE $@171 T_STRING •

    $default  使用规则 962 以归约 (nondefault_option)


状态 1202

  984 styles_rule: '-' K_STYLE NUMBER $@174 firstPt nextPt otherPts ';' •

    $default  使用规则 984 以归约 (styles_rule)


状态 1203

   96 canplace: K_CANPLACE $@18 T_STRING NUMBER NUMBER orient K_DO NUMBER K_BY NUMBER K_STEP • NUMBER NUMBER ';'

    NUMBER  偏移，并进入状态 1286


状态 1204

   98 cannotoccupy: K_CANNOTOCCUPY $@19 T_STRING NUMBER NUMBER orient K_DO NUMBER K_BY NUMBER K_STEP • NUMBER NUMBER ';'

    NUMBER  偏移，并进入状态 1287


状态 1205

  216 row_do_option: K_DO NUMBER K_BY • NUMBER row_step_option

    NUMBER  偏移，并进入状态 1288


状态 1206

  214 row_rule: K_ROW $@35 T_STRING T_STRING NUMBER NUMBER orient $@36 row_do_option row_options ';' •

    $default  使用规则 214 以归约 (row_rule)


状态 1207

  222 row_option: '+' • K_PROPERTY $@37 row_prop_list

    K_PROPERTY  偏移，并进入状态 1289


状态 1208

  220 row_options: row_options row_option •

    $default  使用规则 220 以归约 (row_options)


状态 1209

  587 opt_range: K_RANGE NUMBER NUMBER •

    $default  使用规则 587 以归约 (opt_range)


状态 1210

  122 pin: '-' $@21 T_STRING '+' K_NET $@22 T_STRING $@23 pin_options • ';'
  124 pin_options: pin_options • pin_option

    ';'  偏移，并进入状态 1290
    '+'  偏移，并进入状态 1291

    pin_option        转到状态 1292
    extension_stmt    转到状态 1293
    placement_status  转到状态 1294


状态 1211

  243 track_layer: T_STRING •

    $default  使用规则 243 以归约 (track_layer)


状态 1212

  240 track_layer_statement: K_LAYER $@39 track_layer • track_layers

    T_STRING  偏移，并进入状态 1211

    $default  使用规则 241 以归约 (track_layers)

    track_layers  转到状态 1295
    track_layer   转到状态 1296


状态 1213

  257 layer_stmt: '+' K_RECT $@42 T_STRING • mask pt pt

    '+'  偏移，并进入状态 1297

    $default  使用规则 281 以归约 (mask)

    mask  转到状态 1298


状态 1214

  272 layer_viarule_opts: '+' K_PATTERN $@48 T_STRING •

    $default  使用规则 272 以归约 (layer_viarule_opts)


状态 1215

  262 layer_stmt: '+' K_PATTERNNAME $@45 T_STRING •

    $default  使用规则 262 以归约 (layer_stmt)


状态 1216

  270 layer_viarule_opts: '+' K_OFFSET NUMBER NUMBER • NUMBER NUMBER

    NUMBER  偏移，并进入状态 1299


状态 1217

  269 layer_viarule_opts: '+' K_ORIGIN NUMBER NUMBER •

    $default  使用规则 269 以归约 (layer_viarule_opts)


状态 1218

  268 layer_viarule_opts: '+' K_ROWCOL NUMBER NUMBER •

    $default  使用规则 268 以归约 (layer_viarule_opts)


状态 1219

  260 layer_stmt: '+' K_POLYGON $@43 T_STRING • mask $@44 firstPt nextPt nextPt otherPts

    '+'  偏移，并进入状态 1297

    $default  使用规则 281 以归约 (mask)

    mask  转到状态 1300


状态 1220

  265 layer_stmt: '+' K_VIARULE $@46 T_STRING • '+' K_CUTSIZE NUMBER NUMBER '+' K_LAYERS $@47 T_STRING T_STRING T_STRING '+' K_CUTSPACING NUMBER NUMBER '+' K_ENCLOSURE NUMBER NUMBER NUMBER NUMBER

    '+'  偏移，并进入状态 1301


状态 1221

  296 region_option: '+' K_PROPERTY $@51 • region_prop_list

    $default  使用规则 298 以归约 (region_prop_list)

    region_prop_list  转到状态 1302


状态 1222

  303 region_type: K_FENCE •

    $default  使用规则 303 以归约 (region_type)


状态 1223

  304 region_type: K_GUIDE •

    $default  使用规则 304 以归约 (region_type)


状态 1224

  297 region_option: '+' K_TYPE region_type •

    $default  使用规则 297 以归约 (region_option)


状态 1225

  351 comp_halo: '+' K_HALO $@55 halo_soft NUMBER NUMBER NUMBER • NUMBER

    NUMBER  偏移，并进入状态 1303


状态 1226

  393 net_connection: '(' T_STRING $@63 T_STRING • conn_opt ')'

    '+'  偏移，并进入状态 1304

    $default  使用规则 398 以归约 (conn_opt)

    extension_stmt  转到状态 1305
    conn_opt        转到状态 1306


状态 1227

  397 net_connection: '(' K_PIN $@65 T_STRING • conn_opt ')'

    '+'  偏移，并进入状态 1304

    $default  使用规则 398 以归约 (conn_opt)

    extension_stmt  转到状态 1305
    conn_opt        转到状态 1307


状态 1228

  395 net_connection: '(' '*' $@64 T_STRING • conn_opt ')'

    '+'  偏移，并进入状态 1304

    $default  使用规则 398 以归约 (conn_opt)

    extension_stmt  转到状态 1305
    conn_opt        转到状态 1308


状态 1229

  833 comp_name: '(' • $@146 T_STRING T_STRING subnet_opt_syn ')'

    $default  使用规则 832 以归约 ($@146)

    $@146  转到状态 1309


状态 1230

  428 net_option: '+' K_SUBNET $@73 T_STRING $@74 comp_names $@75 • subnet_options

    $default  使用规则 836 以归约 (subnet_options)

    subnet_options  转到状态 1310


状态 1231

  831 comp_names: comp_names comp_name •

    $default  使用规则 831 以归约 (comp_names)


状态 1232

  503 opt_style: K_STYLE • NUMBER

    NUMBER  偏移，并进入状态 1311


状态 1233

  500 opt_taper: K_TAPER •

    $default  使用规则 500 以归约 (opt_taper)


状态 1234

  502 opt_taper: K_TAPERRULE • $@85 T_STRING

    $default  使用规则 501 以归约 ($@85)

    $@85  转到状态 1312


状态 1235

  483 path_pt: '(' • NUMBER NUMBER ')'
  484        | '(' • '*' NUMBER ')'
  485        | '(' • NUMBER '*' ')'
  486        | '(' • '*' '*' ')'
  487        | '(' • NUMBER NUMBER NUMBER ')'
  488        | '(' • '*' NUMBER NUMBER ')'
  489        | '(' • NUMBER '*' NUMBER ')'
  490        | '(' • '*' '*' NUMBER ')'

    NUMBER  偏移，并进入状态 1313
    '*'     偏移，并进入状态 1314


状态 1236

  463 path: T_STRING $@81 opt_taper_style_s path_pt • $@82 path_item_list

    $default  使用规则 462 以归约 ($@82)

    $@82  转到状态 1315


状态 1237

  497 opt_taper_style_s: opt_taper_style_s opt_taper_style •

    $default  使用规则 497 以归约 (opt_taper_style_s)


状态 1238

  499 opt_taper_style: opt_taper •

    $default  使用规则 499 以归约 (opt_taper_style)


状态 1239

  498 opt_taper_style: opt_style •

    $default  使用规则 498 以归约 (opt_taper_style)


状态 1240

  460 new_path: K_NEW $@80 path •

    $default  使用规则 460 以归约 (new_path)


状态 1241

  450 vpin_options: vpin_status pt • orient

    K_N   偏移，并进入状态 516
    K_S   偏移，并进入状态 517
    K_E   偏移，并进入状态 518
    K_W   偏移，并进入状态 519
    K_FN  偏移，并进入状态 520
    K_FE  偏移，并进入状态 521
    K_FS  偏移，并进入状态 522
    K_FW  偏移，并进入状态 523

    orient  转到状态 1316


状态 1242

  585 opt_snet_range: K_RANGE • NUMBER NUMBER

    NUMBER  偏移，并进入状态 1317


状态 1243

  578 snet_spacing: '+' K_SPACING $@99 T_STRING NUMBER $@100 opt_snet_range •

    $default  使用规则 578 以归约 (snet_spacing)


状态 1244

  571 shield_layer: $@96 spaths •
  593 spaths: spaths • snew_path

    K_NEW  偏移，并进入状态 1032

    $default  使用规则 571 以归约 (shield_layer)

    snew_path  转到状态 1033


状态 1245

  541 snet_other_option: '+' K_POLYGON $@89 T_STRING $@90 firstPt nextPt • nextPt otherPts

    '('  偏移，并进入状态 188

    nextPt  转到状态 1318
    pt      转到状态 321


状态 1246

  546 snet_other_option: '+' K_VIA $@92 T_STRING orient_pt $@93 firstPt • otherPts

    $default  使用规则 275 以归约 (otherPts)

    otherPts  转到状态 1319


状态 1247

  505 opt_spaths: opt_spaths • opt_shape_style
  598 spath: T_STRING $@102 width opt_spaths • path_pt $@103 path_item_list

    '+'  偏移，并进入状态 1320
    '('  偏移，并进入状态 1235

    path_pt          转到状态 1321
    opt_shape_style  转到状态 1322


状态 1248

  595 snew_path: K_NEW $@101 spath •

    $default  使用规则 595 以归约 (snew_path)


状态 1249

  625 group_prop: T_STRING QSTRING •

    $default  使用规则 625 以归约 (group_prop)


状态 1250

  626 group_prop: T_STRING T_STRING •

    $default  使用规则 626 以归约 (group_prop)


状态 1251

  624 group_prop: T_STRING NUMBER •

    $default  使用规则 624 以归约 (group_prop)


状态 1252

  695 floating_pins: '(' • T_STRING T_STRING ')'
  696              | '(' • T_STRING T_STRING ')' '(' T_STRING T_STRING ')'
  697              | '(' • T_STRING T_STRING ')' '(' T_STRING T_STRING ')' '(' T_STRING T_STRING ')'

    T_STRING  偏移，并进入状态 1323


状态 1253

  693 one_floating_inst: T_STRING $@117 floating_pins •

    $default  使用规则 693 以归约 (one_floating_inst)


状态 1254

  703 ordered_pins: '(' • T_STRING T_STRING ')'
  704             | '(' • T_STRING T_STRING ')' '(' T_STRING T_STRING ')'
  705             | '(' • T_STRING T_STRING ')' '(' T_STRING T_STRING ')' '(' T_STRING T_STRING ')'

    T_STRING  偏移，并进入状态 1324


状态 1255

  701 one_ordered_inst: T_STRING $@118 ordered_pins •

    $default  使用规则 701 以归约 (one_ordered_inst)


状态 1256

  688 opt_common_pins: '(' T_STRING T_STRING ')' •
  689                | '(' T_STRING T_STRING ')' • '(' T_STRING T_STRING ')'

    '('  偏移，并进入状态 1325

    $default  使用规则 688 以归约 (opt_common_pins)


状态 1257

  730 iotiming_frompin: K_FROMPIN $@124 • T_STRING

    T_STRING  偏移，并进入状态 1326


状态 1258

  727 iotiming_drivecell_opt: iotiming_frompin K_TOPIN • $@122 T_STRING $@123 iotiming_parallel

    $default  使用规则 725 以归约 ($@122)

    $@122  转到状态 1327


状态 1259

  752 constrain_what: '+' K_BOTTOMLEFT • $@127 row_or_comp_list

    $default  使用规则 751 以归约 ($@127)

    $@127  转到状态 1328


状态 1260

  754 constrain_what: '+' K_TOPRIGHT • $@128 row_or_comp_list

    $default  使用规则 753 以归约 ($@128)

    $@128  转到状态 1329


状态 1261

  767 timingdisables_rule: '-' K_FROMPIN $@131 T_STRING T_STRING K_TOPIN $@132 T_STRING T_STRING • ';'

    ';'  偏移，并进入状态 1330


状态 1262

  775 td_macro_option: K_FROMPIN $@135 T_STRING K_TOPIN $@136 • T_STRING

    T_STRING  偏移，并进入状态 1331


状态 1263

  797 partition_member: '+' K_FROMCLOCKPIN $@139 T_STRING T_STRING risefall minmaxpins •

    $default  使用规则 797 以归约 (partition_member)


状态 1264

  810 minmaxpins: min_or_max_list • K_PINS $@145 pin_list
  812 min_or_max_list: min_or_max_list • min_or_max_member

    K_PINS  偏移，并进入状态 1332
    K_MIN   偏移，并进入状态 1333
    K_MAX   偏移，并进入状态 1334

    min_or_max_member  转到状态 1335


状态 1265

  825 risefallminmax2: K_RISEMIN NUMBER • NUMBER

    NUMBER  偏移，并进入状态 1336


状态 1266

  827 risefallminmax2: K_RISEMAX NUMBER • NUMBER

    NUMBER  偏移，并进入状态 1337


状态 1267

  826 risefallminmax2: K_FALLMIN NUMBER • NUMBER

    NUMBER  偏移，并进入状态 1338


状态 1268

  828 risefallminmax2: K_FALLMAX NUMBER • NUMBER

    NUMBER  偏移，并进入状态 1339


状态 1269

  824 risefallminmax2_list: risefallminmax2_list risefallminmax2 •

    $default  使用规则 824 以归约 (risefallminmax2_list)


状态 1270

  819 risefallminmax1: K_RISEMIN NUMBER •

    $default  使用规则 819 以归约 (risefallminmax1)


状态 1271

  821 risefallminmax1: K_RISEMAX NUMBER •

    $default  使用规则 821 以归约 (risefallminmax1)


状态 1272

  820 risefallminmax1: K_FALLMIN NUMBER •

    $default  使用规则 820 以归约 (risefallminmax1)


状态 1273

  822 risefallminmax1: K_FALLMAX NUMBER •

    $default  使用规则 822 以归约 (risefallminmax1)


状态 1274

  803 partition_member: '+' K_TOCLOCKPIN $@142 T_STRING T_STRING risefall minmaxpins •

    $default  使用规则 803 以归约 (partition_member)


状态 1275

  859 pin_prop: '+' K_PROPERTY $@151 • pin_prop_name_value_list

    $default  使用规则 860 以归约 (pin_prop_name_value_list)

    pin_prop_name_value_list  转到状态 1340


状态 1276

  878 layer_blockage_rule: '+' K_SPACING NUMBER •

    $default  使用规则 878 以归约 (layer_blockage_rule)


状态 1277

  884 comp_blockage_rule: '+' K_COMPONENT $@155 • T_STRING

    T_STRING  偏移，并进入状态 1341


状态 1278

  882 mask_blockage_rule: '+' K_MASK NUMBER •

    $default  使用规则 882 以归约 (mask_blockage_rule)


状态 1279

  879 layer_blockage_rule: '+' K_DESIGNRULEWIDTH NUMBER •

    $default  使用规则 879 以归约 (layer_blockage_rule)


状态 1280

  943 fill_mask: '+' K_MASK NUMBER •

    $default  使用规则 943 以归约 (fill_mask)


状态 1281

  944 fill_viaMask: '+' K_MASK NUMBER •

    $default  使用规则 944 以归约 (fill_viaMask)


状态 1282

  958 nondefault_option: '+' K_LAYER $@168 T_STRING K_WIDTH • NUMBER $@169 nondefault_layer_options

    NUMBER  偏移，并进入状态 1342


状态 1283

  975 nondefault_prop: T_STRING • NUMBER
  976                | T_STRING • QSTRING
  977                | T_STRING • T_STRING

    QSTRING   偏移，并进入状态 1343
    T_STRING  偏移，并进入状态 1344
    NUMBER    偏移，并进入状态 1345


状态 1284

  974 nondefault_prop_list: nondefault_prop_list nondefault_prop •

    $default  使用规则 974 以归约 (nondefault_prop_list)


状态 1285

  964 nondefault_option: '+' K_MINCUTS $@172 T_STRING NUMBER •

    $default  使用规则 964 以归约 (nondefault_option)


状态 1286

   96 canplace: K_CANPLACE $@18 T_STRING NUMBER NUMBER orient K_DO NUMBER K_BY NUMBER K_STEP NUMBER • NUMBER ';'

    NUMBER  偏移，并进入状态 1346


状态 1287

   98 cannotoccupy: K_CANNOTOCCUPY $@19 T_STRING NUMBER NUMBER orient K_DO NUMBER K_BY NUMBER K_STEP NUMBER • NUMBER ';'

    NUMBER  偏移，并进入状态 1347


状态 1288

  216 row_do_option: K_DO NUMBER K_BY NUMBER • row_step_option

    K_STEP  偏移，并进入状态 1348

    $default  使用规则 217 以归约 (row_step_option)

    row_step_option  转到状态 1349


状态 1289

  222 row_option: '+' K_PROPERTY • $@37 row_prop_list

    $default  使用规则 221 以归约 ($@37)

    $@37  转到状态 1350


状态 1290

  122 pin: '-' $@21 T_STRING '+' K_NET $@22 T_STRING $@23 pin_options ';' •

    $default  使用规则 122 以归约 (pin)


状态 1291

  125 pin_option: '+' • K_SPECIAL
  127           | '+' • K_DIRECTION T_STRING
  128           | '+' • K_NETEXPR QSTRING
  130           | '+' • K_SUPPLYSENSITIVITY $@24 T_STRING
  132           | '+' • K_GROUNDSENSITIVITY $@25 T_STRING
  133           | '+' • K_USE use_type
  134           | '+' • K_PORT
  137           | '+' • K_LAYER $@26 T_STRING $@27 pin_layer_mask_opt pin_layer_spacing_opt pt pt
  140           | '+' • K_POLYGON $@28 T_STRING $@29 pin_poly_mask_opt pin_poly_spacing_opt firstPt nextPt nextPt otherPts
  142           | '+' • K_VIA $@30 T_STRING pin_via_mask_opt '(' NUMBER NUMBER ')'
  144           | '+' • K_ANTENNAPINPARTIALMETALAREA NUMBER pin_layer_opt
  145           | '+' • K_ANTENNAPINPARTIALMETALSIDEAREA NUMBER pin_layer_opt
  146           | '+' • K_ANTENNAPINGATEAREA NUMBER pin_layer_opt
  147           | '+' • K_ANTENNAPINDIFFAREA NUMBER pin_layer_opt
  149           | '+' • K_ANTENNAPINMAXAREACAR NUMBER K_LAYER $@31 T_STRING
  151           | '+' • K_ANTENNAPINMAXSIDEAREACAR NUMBER K_LAYER $@32 T_STRING
  152           | '+' • K_ANTENNAPINPARTIALCUTAREA NUMBER pin_layer_opt
  154           | '+' • K_ANTENNAPINMAXCUTCAR NUMBER K_LAYER $@33 T_STRING
  155           | '+' • K_ANTENNAMODEL pin_oxide
  246 extension_stmt: '+' • K_BEGINEXT
  373 placement_status: '+' • K_FIXED
  374                 | '+' • K_COVER
  375                 | '+' • K_PLACED

    K_LAYER                           偏移，并进入状态 1351
    K_FIXED                           偏移，并进入状态 553
    K_COVER                           偏移，并进入状态 554
    K_PLACED                          偏移，并进入状态 556
    K_USE                             偏移，并进入状态 1352
    K_SPECIAL                         偏移，并进入状态 1353
    K_DIRECTION                       偏移，并进入状态 1354
    K_BEGINEXT                        偏移，并进入状态 560
    K_ANTENNAPINPARTIALMETALAREA      偏移，并进入状态 1355
    K_ANTENNAPINPARTIALMETALSIDEAREA  偏移，并进入状态 1356
    K_ANTENNAPINGATEAREA              偏移，并进入状态 1357
    K_ANTENNAPINDIFFAREA              偏移，并进入状态 1358
    K_ANTENNAPINMAXAREACAR            偏移，并进入状态 1359
    K_ANTENNAPINMAXSIDEAREACAR        偏移，并进入状态 1360
    K_ANTENNAPINPARTIALCUTAREA        偏移，并进入状态 1361
    K_ANTENNAPINMAXCUTCAR             偏移，并进入状态 1362
    K_ANTENNAMODEL                    偏移，并进入状态 1363
    K_GROUNDSENSITIVITY               偏移，并进入状态 1364
    K_NETEXPR                         偏移，并进入状态 1365
    K_POLYGON                         偏移，并进入状态 1366
    K_PORT                            偏移，并进入状态 1367
    K_SUPPLYSENSITIVITY               偏移，并进入状态 1368
    K_VIA                             偏移，并进入状态 1369


状态 1292

  124 pin_options: pin_options pin_option •

    $default  使用规则 124 以归约 (pin_options)


状态 1293

  126 pin_option: extension_stmt •

    $default  使用规则 126 以归约 (pin_option)


状态 1294

  143 pin_option: placement_status • pt orient

    '('  偏移，并进入状态 188

    pt  转到状态 1370


状态 1295

  240 track_layer_statement: K_LAYER $@39 track_layer track_layers •

    $default  使用规则 240 以归约 (track_layer_statement)


状态 1296

  242 track_layers: track_layer • track_layers

    T_STRING  偏移，并进入状态 1211

    $default  使用规则 241 以归约 (track_layers)

    track_layers  转到状态 1371
    track_layer   转到状态 1296


状态 1297

  282 mask: '+' • K_MASK NUMBER

    K_MASK  偏移，并进入状态 1372


状态 1298

  257 layer_stmt: '+' K_RECT $@42 T_STRING mask • pt pt

    '('  偏移，并进入状态 188

    pt  转到状态 1373


状态 1299

  270 layer_viarule_opts: '+' K_OFFSET NUMBER NUMBER NUMBER • NUMBER

    NUMBER  偏移，并进入状态 1374


状态 1300

  260 layer_stmt: '+' K_POLYGON $@43 T_STRING mask • $@44 firstPt nextPt nextPt otherPts

    $default  使用规则 259 以归约 ($@44)

    $@44  转到状态 1375


状态 1301

  265 layer_stmt: '+' K_VIARULE $@46 T_STRING '+' • K_CUTSIZE NUMBER NUMBER '+' K_LAYERS $@47 T_STRING T_STRING T_STRING '+' K_CUTSPACING NUMBER NUMBER '+' K_ENCLOSURE NUMBER NUMBER NUMBER NUMBER

    K_CUTSIZE  偏移，并进入状态 1376


状态 1302

  296 region_option: '+' K_PROPERTY $@51 region_prop_list •
  299 region_prop_list: region_prop_list • region_prop

    T_STRING  偏移，并进入状态 1377

    $default  使用规则 296 以归约 (region_option)

    region_prop  转到状态 1378


状态 1303

  351 comp_halo: '+' K_HALO $@55 halo_soft NUMBER NUMBER NUMBER NUMBER •

    $default  使用规则 351 以归约 (comp_halo)


状态 1304

  246 extension_stmt: '+' • K_BEGINEXT
  400 conn_opt: '+' • K_SYNTHESIZED

    K_SYNTHESIZED  偏移，并进入状态 1379
    K_BEGINEXT     偏移，并进入状态 560


状态 1305

  399 conn_opt: extension_stmt •

    $default  使用规则 399 以归约 (conn_opt)


状态 1306

  393 net_connection: '(' T_STRING $@63 T_STRING conn_opt • ')'

    ')'  偏移，并进入状态 1380


状态 1307

  397 net_connection: '(' K_PIN $@65 T_STRING conn_opt • ')'

    ')'  偏移，并进入状态 1381


状态 1308

  395 net_connection: '(' '*' $@64 T_STRING conn_opt • ')'

    ')'  偏移，并进入状态 1382


状态 1309

  833 comp_name: '(' $@146 • T_STRING T_STRING subnet_opt_syn ')'

    T_STRING  偏移，并进入状态 1383


状态 1310

  428 net_option: '+' K_SUBNET $@73 T_STRING $@74 comp_names $@75 subnet_options •
  837 subnet_options: subnet_options • subnet_option

    K_FIXED           偏移，并进入状态 1384
    K_COVER           偏移，并进入状态 1385
    K_ROUTED          偏移，并进入状态 1386
    K_NONDEFAULTRULE  偏移，并进入状态 1387
    K_NOSHIELD        偏移，并进入状态 1388

    $default  使用规则 428 以归约 (net_option)

    subnet_option  转到状态 1389
    subnet_type    转到状态 1390


状态 1311

  503 opt_style: K_STYLE NUMBER •

    $default  使用规则 503 以归约 (opt_style)


状态 1312

  502 opt_taper: K_TAPERRULE $@85 • T_STRING

    T_STRING  偏移，并进入状态 1391


状态 1313

  483 path_pt: '(' NUMBER • NUMBER ')'
  485        | '(' NUMBER • '*' ')'
  487        | '(' NUMBER • NUMBER NUMBER ')'
  489        | '(' NUMBER • '*' NUMBER ')'

    NUMBER  偏移，并进入状态 1392
    '*'     偏移，并进入状态 1393


状态 1314

  484 path_pt: '(' '*' • NUMBER ')'
  486        | '(' '*' • '*' ')'
  488        | '(' '*' • NUMBER NUMBER ')'
  490        | '(' '*' • '*' NUMBER ')'

    NUMBER  偏移，并进入状态 1394
    '*'     偏移，并进入状态 1395


状态 1315

  463 path: T_STRING $@81 opt_taper_style_s path_pt $@82 • path_item_list

    $default  使用规则 466 以归约 (path_item_list)

    path_item_list  转到状态 1396


状态 1316

  450 vpin_options: vpin_status pt orient •

    $default  使用规则 450 以归约 (vpin_options)


状态 1317

  585 opt_snet_range: K_RANGE NUMBER • NUMBER

    NUMBER  偏移，并进入状态 1397


状态 1318

  541 snet_other_option: '+' K_POLYGON $@89 T_STRING $@90 firstPt nextPt nextPt • otherPts

    $default  使用规则 275 以归约 (otherPts)

    otherPts  转到状态 1398


状态 1319

  276 otherPts: otherPts • nextPt
  546 snet_other_option: '+' K_VIA $@92 T_STRING orient_pt $@93 firstPt otherPts •

    '('  偏移，并进入状态 188

    $default  使用规则 546 以归约 (snet_other_option)

    nextPt  转到状态 531
    pt      转到状态 321


状态 1320

  506 opt_shape_style: '+' • K_SHAPE shape_type
  507                | '+' • K_STYLE NUMBER

    K_STYLE  偏移，并进入状态 1399
    K_SHAPE  偏移，并进入状态 1400


状态 1321

  598 spath: T_STRING $@102 width opt_spaths path_pt • $@103 path_item_list

    $default  使用规则 597 以归约 ($@103)

    $@103  转到状态 1401


状态 1322

  505 opt_spaths: opt_spaths opt_shape_style •

    $default  使用规则 505 以归约 (opt_spaths)


状态 1323

  695 floating_pins: '(' T_STRING • T_STRING ')'
  696              | '(' T_STRING • T_STRING ')' '(' T_STRING T_STRING ')'
  697              | '(' T_STRING • T_STRING ')' '(' T_STRING T_STRING ')' '(' T_STRING T_STRING ')'

    T_STRING  偏移，并进入状态 1402


状态 1324

  703 ordered_pins: '(' T_STRING • T_STRING ')'
  704             | '(' T_STRING • T_STRING ')' '(' T_STRING T_STRING ')'
  705             | '(' T_STRING • T_STRING ')' '(' T_STRING T_STRING ')' '(' T_STRING T_STRING ')'

    T_STRING  偏移，并进入状态 1403


状态 1325

  689 opt_common_pins: '(' T_STRING T_STRING ')' '(' • T_STRING T_STRING ')'

    T_STRING  偏移，并进入状态 1404


状态 1326

  730 iotiming_frompin: K_FROMPIN $@124 T_STRING •

    $default  使用规则 730 以归约 (iotiming_frompin)


状态 1327

  727 iotiming_drivecell_opt: iotiming_frompin K_TOPIN $@122 • T_STRING $@123 iotiming_parallel

    T_STRING  偏移，并进入状态 1405


状态 1328

  752 constrain_what: '+' K_BOTTOMLEFT $@127 • row_or_comp_list

    $default  使用规则 755 以归约 (row_or_comp_list)

    row_or_comp_list  转到状态 1406


状态 1329

  754 constrain_what: '+' K_TOPRIGHT $@128 • row_or_comp_list

    $default  使用规则 755 以归约 (row_or_comp_list)

    row_or_comp_list  转到状态 1407


状态 1330

  767 timingdisables_rule: '-' K_FROMPIN $@131 T_STRING T_STRING K_TOPIN $@132 T_STRING T_STRING ';' •

    $default  使用规则 767 以归约 (timingdisables_rule)


状态 1331

  775 td_macro_option: K_FROMPIN $@135 T_STRING K_TOPIN $@136 T_STRING •

    $default  使用规则 775 以归约 (td_macro_option)


状态 1332

  810 minmaxpins: min_or_max_list K_PINS • $@145 pin_list

    $default  使用规则 809 以归约 ($@145)

    $@145  转到状态 1408


状态 1333

  813 min_or_max_member: K_MIN • NUMBER NUMBER

    NUMBER  偏移，并进入状态 1409


状态 1334

  814 min_or_max_member: K_MAX • NUMBER NUMBER

    NUMBER  偏移，并进入状态 1410


状态 1335

  812 min_or_max_list: min_or_max_list min_or_max_member •

    $default  使用规则 812 以归约 (min_or_max_list)


状态 1336

  825 risefallminmax2: K_RISEMIN NUMBER NUMBER •

    $default  使用规则 825 以归约 (risefallminmax2)


状态 1337

  827 risefallminmax2: K_RISEMAX NUMBER NUMBER •

    $default  使用规则 827 以归约 (risefallminmax2)


状态 1338

  826 risefallminmax2: K_FALLMIN NUMBER NUMBER •

    $default  使用规则 826 以归约 (risefallminmax2)


状态 1339

  828 risefallminmax2: K_FALLMAX NUMBER NUMBER •

    $default  使用规则 828 以归约 (risefallminmax2)


状态 1340

  859 pin_prop: '+' K_PROPERTY $@151 pin_prop_name_value_list •
  861 pin_prop_name_value_list: pin_prop_name_value_list • pin_prop_name_value

    T_STRING  偏移，并进入状态 1411

    $default  使用规则 859 以归约 (pin_prop)

    pin_prop_name_value  转到状态 1412


状态 1341

  884 comp_blockage_rule: '+' K_COMPONENT $@155 T_STRING •

    $default  使用规则 884 以归约 (comp_blockage_rule)


状态 1342

  958 nondefault_option: '+' K_LAYER $@168 T_STRING K_WIDTH NUMBER • $@169 nondefault_layer_options

    $default  使用规则 957 以归约 ($@169)

    $@169  转到状态 1413


状态 1343

  976 nondefault_prop: T_STRING QSTRING •

    $default  使用规则 976 以归约 (nondefault_prop)


状态 1344

  977 nondefault_prop: T_STRING T_STRING •

    $default  使用规则 977 以归约 (nondefault_prop)


状态 1345

  975 nondefault_prop: T_STRING NUMBER •

    $default  使用规则 975 以归约 (nondefault_prop)


状态 1346

   96 canplace: K_CANPLACE $@18 T_STRING NUMBER NUMBER orient K_DO NUMBER K_BY NUMBER K_STEP NUMBER NUMBER • ';'

    ';'  偏移，并进入状态 1414


状态 1347

   98 cannotoccupy: K_CANNOTOCCUPY $@19 T_STRING NUMBER NUMBER orient K_DO NUMBER K_BY NUMBER K_STEP NUMBER NUMBER • ';'

    ';'  偏移，并进入状态 1415


状态 1348

  218 row_step_option: K_STEP • NUMBER NUMBER

    NUMBER  偏移，并进入状态 1416


状态 1349

  216 row_do_option: K_DO NUMBER K_BY NUMBER row_step_option •

    $default  使用规则 216 以归约 (row_do_option)


状态 1350

  222 row_option: '+' K_PROPERTY $@37 • row_prop_list

    $default  使用规则 223 以归约 (row_prop_list)

    row_prop_list  转到状态 1417


状态 1351

  137 pin_option: '+' K_LAYER • $@26 T_STRING $@27 pin_layer_mask_opt pin_layer_spacing_opt pt pt

    $default  使用规则 135 以归约 ($@26)

    $@26  转到状态 1418


状态 1352

  133 pin_option: '+' K_USE • use_type

    K_SIGNAL  偏移，并进入状态 717
    K_POWER   偏移，并进入状态 718
    K_GROUND  偏移，并进入状态 719
    K_CLOCK   偏移，并进入状态 720
    K_TIEOFF  偏移，并进入状态 721
    K_ANALOG  偏移，并进入状态 722
    K_SCAN    偏移，并进入状态 723
    K_RESET   偏移，并进入状态 724

    use_type  转到状态 1419


状态 1353

  125 pin_option: '+' K_SPECIAL •

    $default  使用规则 125 以归约 (pin_option)


状态 1354

  127 pin_option: '+' K_DIRECTION • T_STRING

    T_STRING  偏移，并进入状态 1420


状态 1355

  144 pin_option: '+' K_ANTENNAPINPARTIALMETALAREA • NUMBER pin_layer_opt

    NUMBER  偏移，并进入状态 1421


状态 1356

  145 pin_option: '+' K_ANTENNAPINPARTIALMETALSIDEAREA • NUMBER pin_layer_opt

    NUMBER  偏移，并进入状态 1422


状态 1357

  146 pin_option: '+' K_ANTENNAPINGATEAREA • NUMBER pin_layer_opt

    NUMBER  偏移，并进入状态 1423


状态 1358

  147 pin_option: '+' K_ANTENNAPINDIFFAREA • NUMBER pin_layer_opt

    NUMBER  偏移，并进入状态 1424


状态 1359

  149 pin_option: '+' K_ANTENNAPINMAXAREACAR • NUMBER K_LAYER $@31 T_STRING

    NUMBER  偏移，并进入状态 1425


状态 1360

  151 pin_option: '+' K_ANTENNAPINMAXSIDEAREACAR • NUMBER K_LAYER $@32 T_STRING

    NUMBER  偏移，并进入状态 1426


状态 1361

  152 pin_option: '+' K_ANTENNAPINPARTIALCUTAREA • NUMBER pin_layer_opt

    NUMBER  偏移，并进入状态 1427


状态 1362

  154 pin_option: '+' K_ANTENNAPINMAXCUTCAR • NUMBER K_LAYER $@33 T_STRING

    NUMBER  偏移，并进入状态 1428


状态 1363

  155 pin_option: '+' K_ANTENNAMODEL • pin_oxide

    K_OXIDE1   偏移，并进入状态 1429
    K_OXIDE2   偏移，并进入状态 1430
    K_OXIDE3   偏移，并进入状态 1431
    K_OXIDE4   偏移，并进入状态 1432
    K_OXIDE5   偏移，并进入状态 1433
    K_OXIDE6   偏移，并进入状态 1434
    K_OXIDE7   偏移，并进入状态 1435
    K_OXIDE8   偏移，并进入状态 1436
    K_OXIDE9   偏移，并进入状态 1437
    K_OXIDE10  偏移，并进入状态 1438
    K_OXIDE11  偏移，并进入状态 1439
    K_OXIDE12  偏移，并进入状态 1440
    K_OXIDE13  偏移，并进入状态 1441
    K_OXIDE14  偏移，并进入状态 1442
    K_OXIDE15  偏移，并进入状态 1443
    K_OXIDE16  偏移，并进入状态 1444
    K_OXIDE17  偏移，并进入状态 1445
    K_OXIDE18  偏移，并进入状态 1446
    K_OXIDE19  偏移，并进入状态 1447
    K_OXIDE20  偏移，并进入状态 1448
    K_OXIDE21  偏移，并进入状态 1449
    K_OXIDE22  偏移，并进入状态 1450
    K_OXIDE23  偏移，并进入状态 1451
    K_OXIDE24  偏移，并进入状态 1452
    K_OXIDE25  偏移，并进入状态 1453
    K_OXIDE26  偏移，并进入状态 1454
    K_OXIDE27  偏移，并进入状态 1455
    K_OXIDE28  偏移，并进入状态 1456
    K_OXIDE29  偏移，并进入状态 1457
    K_OXIDE30  偏移，并进入状态 1458
    K_OXIDE31  偏移，并进入状态 1459
    K_OXIDE32  偏移，并进入状态 1460

    pin_oxide  转到状态 1461


状态 1364

  132 pin_option: '+' K_GROUNDSENSITIVITY • $@25 T_STRING

    $default  使用规则 131 以归约 ($@25)

    $@25  转到状态 1462


状态 1365

  128 pin_option: '+' K_NETEXPR • QSTRING

    QSTRING  偏移，并进入状态 1463


状态 1366

  140 pin_option: '+' K_POLYGON • $@28 T_STRING $@29 pin_poly_mask_opt pin_poly_spacing_opt firstPt nextPt nextPt otherPts

    $default  使用规则 138 以归约 ($@28)

    $@28  转到状态 1464


状态 1367

  134 pin_option: '+' K_PORT •

    $default  使用规则 134 以归约 (pin_option)


状态 1368

  130 pin_option: '+' K_SUPPLYSENSITIVITY • $@24 T_STRING

    $default  使用规则 129 以归约 ($@24)

    $@24  转到状态 1465


状态 1369

  142 pin_option: '+' K_VIA • $@30 T_STRING pin_via_mask_opt '(' NUMBER NUMBER ')'

    $default  使用规则 141 以归约 ($@30)

    $@30  转到状态 1466


状态 1370

  143 pin_option: placement_status pt • orient

    K_N   偏移，并进入状态 516
    K_S   偏移，并进入状态 517
    K_E   偏移，并进入状态 518
    K_W   偏移，并进入状态 519
    K_FN  偏移，并进入状态 520
    K_FE  偏移，并进入状态 521
    K_FS  偏移，并进入状态 522
    K_FW  偏移，并进入状态 523

    orient  转到状态 1467


状态 1371

  242 track_layers: track_layer track_layers •

    $default  使用规则 242 以归约 (track_layers)


状态 1372

  282 mask: '+' K_MASK • NUMBER

    NUMBER  偏移，并进入状态 1468


状态 1373

  257 layer_stmt: '+' K_RECT $@42 T_STRING mask pt • pt

    '('  偏移，并进入状态 188

    pt  转到状态 1469


状态 1374

  270 layer_viarule_opts: '+' K_OFFSET NUMBER NUMBER NUMBER NUMBER •

    $default  使用规则 270 以归约 (layer_viarule_opts)


状态 1375

  260 layer_stmt: '+' K_POLYGON $@43 T_STRING mask $@44 • firstPt nextPt nextPt otherPts

    '('  偏移，并进入状态 188

    firstPt  转到状态 1470
    pt       转到状态 190


状态 1376

  265 layer_stmt: '+' K_VIARULE $@46 T_STRING '+' K_CUTSIZE • NUMBER NUMBER '+' K_LAYERS $@47 T_STRING T_STRING T_STRING '+' K_CUTSPACING NUMBER NUMBER '+' K_ENCLOSURE NUMBER NUMBER NUMBER NUMBER

    NUMBER  偏移，并进入状态 1471


状态 1377

  300 region_prop: T_STRING • NUMBER
  301            | T_STRING • QSTRING
  302            | T_STRING • T_STRING

    QSTRING   偏移，并进入状态 1472
    T_STRING  偏移，并进入状态 1473
    NUMBER    偏移，并进入状态 1474


状态 1378

  299 region_prop_list: region_prop_list region_prop •

    $default  使用规则 299 以归约 (region_prop_list)


状态 1379

  400 conn_opt: '+' K_SYNTHESIZED •

    $default  使用规则 400 以归约 (conn_opt)


状态 1380

  393 net_connection: '(' T_STRING $@63 T_STRING conn_opt ')' •

    $default  使用规则 393 以归约 (net_connection)


状态 1381

  397 net_connection: '(' K_PIN $@65 T_STRING conn_opt ')' •

    $default  使用规则 397 以归约 (net_connection)


状态 1382

  395 net_connection: '(' '*' $@64 T_STRING conn_opt ')' •

    $default  使用规则 395 以归约 (net_connection)


状态 1383

  833 comp_name: '(' $@146 T_STRING • T_STRING subnet_opt_syn ')'

    T_STRING  偏移，并进入状态 1475


状态 1384

  842 subnet_type: K_FIXED •

    $default  使用规则 842 以归约 (subnet_type)


状态 1385

  843 subnet_type: K_COVER •

    $default  使用规则 843 以归约 (subnet_type)


状态 1386

  844 subnet_type: K_ROUTED •

    $default  使用规则 844 以归约 (subnet_type)


状态 1387

  841 subnet_option: K_NONDEFAULTRULE • $@148 T_STRING

    $default  使用规则 840 以归约 ($@148)

    $@148  转到状态 1476


状态 1388

  845 subnet_type: K_NOSHIELD •

    $default  使用规则 845 以归约 (subnet_type)


状态 1389

  837 subnet_options: subnet_options subnet_option •

    $default  使用规则 837 以归约 (subnet_options)


状态 1390

  839 subnet_option: subnet_type • $@147 paths

    $default  使用规则 838 以归约 ($@147)

    $@147  转到状态 1477


状态 1391

  502 opt_taper: K_TAPERRULE $@85 T_STRING •

    $default  使用规则 502 以归约 (opt_taper)


状态 1392

  483 path_pt: '(' NUMBER NUMBER • ')'
  487        | '(' NUMBER NUMBER • NUMBER ')'

    NUMBER  偏移，并进入状态 1478
    ')'     偏移，并进入状态 1479


状态 1393

  485 path_pt: '(' NUMBER '*' • ')'
  489        | '(' NUMBER '*' • NUMBER ')'

    NUMBER  偏移，并进入状态 1480
    ')'     偏移，并进入状态 1481


状态 1394

  484 path_pt: '(' '*' NUMBER • ')'
  488        | '(' '*' NUMBER • NUMBER ')'

    NUMBER  偏移，并进入状态 1482
    ')'     偏移，并进入状态 1483


状态 1395

  486 path_pt: '(' '*' '*' • ')'
  490        | '(' '*' '*' • NUMBER ')'

    NUMBER  偏移，并进入状态 1484
    ')'     偏移，并进入状态 1485


状态 1396

  463 path: T_STRING $@81 opt_taper_style_s path_pt $@82 path_item_list •
  467 path_item_list: path_item_list • path_item

    T_STRING   偏移，并进入状态 1486
    K_RECT     偏移，并进入状态 1487
    K_MASK     偏移，并进入状态 1488
    K_VIRTUAL  偏移，并进入状态 1489
    '('        偏移，并进入状态 1235

    $default  使用规则 463 以归约 (path)

    virtual_statement  转到状态 1490
    rect_statement     转到状态 1491
    path_item          转到状态 1492
    path_pt            转到状态 1493


状态 1397

  585 opt_snet_range: K_RANGE NUMBER NUMBER •

    $default  使用规则 585 以归约 (opt_snet_range)


状态 1398

  276 otherPts: otherPts • nextPt
  541 snet_other_option: '+' K_POLYGON $@89 T_STRING $@90 firstPt nextPt nextPt otherPts •

    '('  偏移，并进入状态 188

    $default  使用规则 541 以归约 (snet_other_option)

    nextPt  转到状态 531
    pt      转到状态 321


状态 1399

  507 opt_shape_style: '+' K_STYLE • NUMBER

    NUMBER  偏移，并进入状态 1494


状态 1400

  506 opt_shape_style: '+' K_SHAPE • shape_type

    K_RING          偏移，并进入状态 752
    K_STRIPE        偏移，并进入状态 753
    K_FOLLOWPIN     偏移，并进入状态 754
    K_IOWIRE        偏移，并进入状态 755
    K_COREWIRE      偏移，并进入状态 756
    K_BLOCKWIRE     偏移，并进入状态 757
    K_FILLWIRE      偏移，并进入状态 758
    K_BLOCKAGEWIRE  偏移，并进入状态 759
    K_PADRING       偏移，并进入状态 760
    K_BLOCKRING     偏移，并进入状态 761
    K_DRCFILL       偏移，并进入状态 762
    K_FILLWIREOPC   偏移，并进入状态 763

    shape_type  转到状态 1495


状态 1401

  598 spath: T_STRING $@102 width opt_spaths path_pt $@103 • path_item_list

    $default  使用规则 466 以归约 (path_item_list)

    path_item_list  转到状态 1496


状态 1402

  695 floating_pins: '(' T_STRING T_STRING • ')'
  696              | '(' T_STRING T_STRING • ')' '(' T_STRING T_STRING ')'
  697              | '(' T_STRING T_STRING • ')' '(' T_STRING T_STRING ')' '(' T_STRING T_STRING ')'

    ')'  偏移，并进入状态 1497


状态 1403

  703 ordered_pins: '(' T_STRING T_STRING • ')'
  704             | '(' T_STRING T_STRING • ')' '(' T_STRING T_STRING ')'
  705             | '(' T_STRING T_STRING • ')' '(' T_STRING T_STRING ')' '(' T_STRING T_STRING ')'

    ')'  偏移，并进入状态 1498


状态 1404

  689 opt_common_pins: '(' T_STRING T_STRING ')' '(' T_STRING • T_STRING ')'

    T_STRING  偏移，并进入状态 1499


状态 1405

  727 iotiming_drivecell_opt: iotiming_frompin K_TOPIN $@122 T_STRING • $@123 iotiming_parallel

    $default  使用规则 726 以归约 ($@123)

    $@123  转到状态 1500


状态 1406

  752 constrain_what: '+' K_BOTTOMLEFT $@127 row_or_comp_list •
  756 row_or_comp_list: row_or_comp_list • row_or_comp

    '('  偏移，并进入状态 1501

    $default  使用规则 752 以归约 (constrain_what)

    row_or_comp  转到状态 1502


状态 1407

  754 constrain_what: '+' K_TOPRIGHT $@128 row_or_comp_list •
  756 row_or_comp_list: row_or_comp_list • row_or_comp

    '('  偏移，并进入状态 1501

    $default  使用规则 754 以归约 (constrain_what)

    row_or_comp  转到状态 1502


状态 1408

  810 minmaxpins: min_or_max_list K_PINS $@145 • pin_list

    $default  使用规则 815 以归约 (pin_list)

    pin_list  转到状态 1503


状态 1409

  813 min_or_max_member: K_MIN NUMBER • NUMBER

    NUMBER  偏移，并进入状态 1504


状态 1410

  814 min_or_max_member: K_MAX NUMBER • NUMBER

    NUMBER  偏移，并进入状态 1505


状态 1411

  862 pin_prop_name_value: T_STRING • NUMBER
  863                    | T_STRING • QSTRING
  864                    | T_STRING • T_STRING

    QSTRING   偏移，并进入状态 1506
    T_STRING  偏移，并进入状态 1507
    NUMBER    偏移，并进入状态 1508


状态 1412

  861 pin_prop_name_value_list: pin_prop_name_value_list pin_prop_name_value •

    $default  使用规则 861 以归约 (pin_prop_name_value_list)


状态 1413

  958 nondefault_option: '+' K_LAYER $@168 T_STRING K_WIDTH NUMBER $@169 • nondefault_layer_options

    $default  使用规则 966 以归约 (nondefault_layer_options)

    nondefault_layer_options  转到状态 1509


状态 1414

   96 canplace: K_CANPLACE $@18 T_STRING NUMBER NUMBER orient K_DO NUMBER K_BY NUMBER K_STEP NUMBER NUMBER ';' •

    $default  使用规则 96 以归约 (canplace)


状态 1415

   98 cannotoccupy: K_CANNOTOCCUPY $@19 T_STRING NUMBER NUMBER orient K_DO NUMBER K_BY NUMBER K_STEP NUMBER NUMBER ';' •

    $default  使用规则 98 以归约 (cannotoccupy)


状态 1416

  218 row_step_option: K_STEP NUMBER • NUMBER

    NUMBER  偏移，并进入状态 1510


状态 1417

  222 row_option: '+' K_PROPERTY $@37 row_prop_list •
  224 row_prop_list: row_prop_list • row_prop

    T_STRING  偏移，并进入状态 1511

    $default  使用规则 222 以归约 (row_option)

    row_prop  转到状态 1512


状态 1418

  137 pin_option: '+' K_LAYER $@26 • T_STRING $@27 pin_layer_mask_opt pin_layer_spacing_opt pt pt

    T_STRING  偏移，并进入状态 1513


状态 1419

  133 pin_option: '+' K_USE use_type •

    $default  使用规则 133 以归约 (pin_option)


状态 1420

  127 pin_option: '+' K_DIRECTION T_STRING •

    $default  使用规则 127 以归约 (pin_option)


状态 1421

  144 pin_option: '+' K_ANTENNAPINPARTIALMETALAREA NUMBER • pin_layer_opt

    K_LAYER  偏移，并进入状态 1514

    $default  使用规则 208 以归约 (pin_layer_opt)

    pin_layer_opt  转到状态 1515


状态 1422

  145 pin_option: '+' K_ANTENNAPINPARTIALMETALSIDEAREA NUMBER • pin_layer_opt

    K_LAYER  偏移，并进入状态 1514

    $default  使用规则 208 以归约 (pin_layer_opt)

    pin_layer_opt  转到状态 1516


状态 1423

  146 pin_option: '+' K_ANTENNAPINGATEAREA NUMBER • pin_layer_opt

    K_LAYER  偏移，并进入状态 1514

    $default  使用规则 208 以归约 (pin_layer_opt)

    pin_layer_opt  转到状态 1517


状态 1424

  147 pin_option: '+' K_ANTENNAPINDIFFAREA NUMBER • pin_layer_opt

    K_LAYER  偏移，并进入状态 1514

    $default  使用规则 208 以归约 (pin_layer_opt)

    pin_layer_opt  转到状态 1518


状态 1425

  149 pin_option: '+' K_ANTENNAPINMAXAREACAR NUMBER • K_LAYER $@31 T_STRING

    K_LAYER  偏移，并进入状态 1519


状态 1426

  151 pin_option: '+' K_ANTENNAPINMAXSIDEAREACAR NUMBER • K_LAYER $@32 T_STRING

    K_LAYER  偏移，并进入状态 1520


状态 1427

  152 pin_option: '+' K_ANTENNAPINPARTIALCUTAREA NUMBER • pin_layer_opt

    K_LAYER  偏移，并进入状态 1514

    $default  使用规则 208 以归约 (pin_layer_opt)

    pin_layer_opt  转到状态 1521


状态 1428

  154 pin_option: '+' K_ANTENNAPINMAXCUTCAR NUMBER • K_LAYER $@33 T_STRING

    K_LAYER  偏移，并进入状态 1522


状态 1429

  168 pin_oxide: K_OXIDE1 •

    $default  使用规则 168 以归约 (pin_oxide)


状态 1430

  169 pin_oxide: K_OXIDE2 •

    $default  使用规则 169 以归约 (pin_oxide)


状态 1431

  170 pin_oxide: K_OXIDE3 •

    $default  使用规则 170 以归约 (pin_oxide)


状态 1432

  171 pin_oxide: K_OXIDE4 •

    $default  使用规则 171 以归约 (pin_oxide)


状态 1433

  172 pin_oxide: K_OXIDE5 •

    $default  使用规则 172 以归约 (pin_oxide)


状态 1434

  173 pin_oxide: K_OXIDE6 •

    $default  使用规则 173 以归约 (pin_oxide)


状态 1435

  174 pin_oxide: K_OXIDE7 •

    $default  使用规则 174 以归约 (pin_oxide)


状态 1436

  175 pin_oxide: K_OXIDE8 •

    $default  使用规则 175 以归约 (pin_oxide)


状态 1437

  176 pin_oxide: K_OXIDE9 •

    $default  使用规则 176 以归约 (pin_oxide)


状态 1438

  177 pin_oxide: K_OXIDE10 •

    $default  使用规则 177 以归约 (pin_oxide)


状态 1439

  178 pin_oxide: K_OXIDE11 •

    $default  使用规则 178 以归约 (pin_oxide)


状态 1440

  179 pin_oxide: K_OXIDE12 •

    $default  使用规则 179 以归约 (pin_oxide)


状态 1441

  180 pin_oxide: K_OXIDE13 •

    $default  使用规则 180 以归约 (pin_oxide)


状态 1442

  181 pin_oxide: K_OXIDE14 •

    $default  使用规则 181 以归约 (pin_oxide)


状态 1443

  182 pin_oxide: K_OXIDE15 •

    $default  使用规则 182 以归约 (pin_oxide)


状态 1444

  183 pin_oxide: K_OXIDE16 •

    $default  使用规则 183 以归约 (pin_oxide)


状态 1445

  184 pin_oxide: K_OXIDE17 •

    $default  使用规则 184 以归约 (pin_oxide)


状态 1446

  185 pin_oxide: K_OXIDE18 •

    $default  使用规则 185 以归约 (pin_oxide)


状态 1447

  186 pin_oxide: K_OXIDE19 •

    $default  使用规则 186 以归约 (pin_oxide)


状态 1448

  187 pin_oxide: K_OXIDE20 •

    $default  使用规则 187 以归约 (pin_oxide)


状态 1449

  188 pin_oxide: K_OXIDE21 •

    $default  使用规则 188 以归约 (pin_oxide)


状态 1450

  189 pin_oxide: K_OXIDE22 •

    $default  使用规则 189 以归约 (pin_oxide)


状态 1451

  190 pin_oxide: K_OXIDE23 •

    $default  使用规则 190 以归约 (pin_oxide)


状态 1452

  191 pin_oxide: K_OXIDE24 •

    $default  使用规则 191 以归约 (pin_oxide)


状态 1453

  192 pin_oxide: K_OXIDE25 •

    $default  使用规则 192 以归约 (pin_oxide)


状态 1454

  193 pin_oxide: K_OXIDE26 •

    $default  使用规则 193 以归约 (pin_oxide)


状态 1455

  194 pin_oxide: K_OXIDE27 •

    $default  使用规则 194 以归约 (pin_oxide)


状态 1456

  195 pin_oxide: K_OXIDE28 •

    $default  使用规则 195 以归约 (pin_oxide)


状态 1457

  196 pin_oxide: K_OXIDE29 •

    $default  使用规则 196 以归约 (pin_oxide)


状态 1458

  197 pin_oxide: K_OXIDE30 •

    $default  使用规则 197 以归约 (pin_oxide)


状态 1459

  198 pin_oxide: K_OXIDE31 •

    $default  使用规则 198 以归约 (pin_oxide)


状态 1460

  199 pin_oxide: K_OXIDE32 •

    $default  使用规则 199 以归约 (pin_oxide)


状态 1461

  155 pin_option: '+' K_ANTENNAMODEL pin_oxide •

    $default  使用规则 155 以归约 (pin_option)


状态 1462

  132 pin_option: '+' K_GROUNDSENSITIVITY $@25 • T_STRING

    T_STRING  偏移，并进入状态 1523


状态 1463

  128 pin_option: '+' K_NETEXPR QSTRING •

    $default  使用规则 128 以归约 (pin_option)


状态 1464

  140 pin_option: '+' K_POLYGON $@28 • T_STRING $@29 pin_poly_mask_opt pin_poly_spacing_opt firstPt nextPt nextPt otherPts

    T_STRING  偏移，并进入状态 1524


状态 1465

  130 pin_option: '+' K_SUPPLYSENSITIVITY $@24 • T_STRING

    T_STRING  偏移，并进入状态 1525


状态 1466

  142 pin_option: '+' K_VIA $@30 • T_STRING pin_via_mask_opt '(' NUMBER NUMBER ')'

    T_STRING  偏移，并进入状态 1526


状态 1467

  143 pin_option: placement_status pt orient •

    $default  使用规则 143 以归约 (pin_option)


状态 1468

  282 mask: '+' K_MASK NUMBER •

    $default  使用规则 282 以归约 (mask)


状态 1469

  257 layer_stmt: '+' K_RECT $@42 T_STRING mask pt pt •

    $default  使用规则 257 以归约 (layer_stmt)


状态 1470

  260 layer_stmt: '+' K_POLYGON $@43 T_STRING mask $@44 firstPt • nextPt nextPt otherPts

    '('  偏移，并进入状态 188

    nextPt  转到状态 1527
    pt      转到状态 321


状态 1471

  265 layer_stmt: '+' K_VIARULE $@46 T_STRING '+' K_CUTSIZE NUMBER • NUMBER '+' K_LAYERS $@47 T_STRING T_STRING T_STRING '+' K_CUTSPACING NUMBER NUMBER '+' K_ENCLOSURE NUMBER NUMBER NUMBER NUMBER

    NUMBER  偏移，并进入状态 1528


状态 1472

  301 region_prop: T_STRING QSTRING •

    $default  使用规则 301 以归约 (region_prop)


状态 1473

  302 region_prop: T_STRING T_STRING •

    $default  使用规则 302 以归约 (region_prop)


状态 1474

  300 region_prop: T_STRING NUMBER •

    $default  使用规则 300 以归约 (region_prop)


状态 1475

  833 comp_name: '(' $@146 T_STRING T_STRING • subnet_opt_syn ')'

    '+'  偏移，并进入状态 1529

    $default  使用规则 834 以归约 (subnet_opt_syn)

    subnet_opt_syn  转到状态 1530


状态 1476

  841 subnet_option: K_NONDEFAULTRULE $@148 • T_STRING

    T_STRING  偏移，并进入状态 1531


状态 1477

  839 subnet_option: subnet_type $@147 • paths

    T_STRING  偏移，并进入状态 886

    paths  转到状态 1532
    path   转到状态 888


状态 1478

  487 path_pt: '(' NUMBER NUMBER NUMBER • ')'

    ')'  偏移，并进入状态 1533


状态 1479

  483 path_pt: '(' NUMBER NUMBER ')' •

    $default  使用规则 483 以归约 (path_pt)


状态 1480

  489 path_pt: '(' NUMBER '*' NUMBER • ')'

    ')'  偏移，并进入状态 1534


状态 1481

  485 path_pt: '(' NUMBER '*' ')' •

    $default  使用规则 485 以归约 (path_pt)


状态 1482

  488 path_pt: '(' '*' NUMBER NUMBER • ')'

    ')'  偏移，并进入状态 1535


状态 1483

  484 path_pt: '(' '*' NUMBER ')' •

    $default  使用规则 484 以归约 (path_pt)


状态 1484

  490 path_pt: '(' '*' '*' NUMBER • ')'

    ')'  偏移，并进入状态 1536


状态 1485

  486 path_pt: '(' '*' '*' ')' •

    $default  使用规则 486 以归约 (path_pt)


状态 1486

  468 path_item: T_STRING •
  470          | T_STRING • orient
  473          | T_STRING • K_DO NUMBER K_BY NUMBER K_STEP NUMBER NUMBER
  474          | T_STRING • orient K_DO NUMBER K_BY NUMBER K_STEP NUMBER NUMBER

    K_DO  偏移，并进入状态 1537
    K_N   偏移，并进入状态 516
    K_S   偏移，并进入状态 517
    K_E   偏移，并进入状态 518
    K_W   偏移，并进入状态 519
    K_FN  偏移，并进入状态 520
    K_FE  偏移，并进入状态 521
    K_FS  偏移，并进入状态 522
    K_FW  偏移，并进入状态 523

    $default  使用规则 468 以归约 (path_item)

    orient  转到状态 1538


状态 1487

  465 rect_statement: K_RECT • rect_pts

    '('  偏移，并进入状态 1539

    rect_pts  转到状态 1540


状态 1488

  469 path_item: K_MASK • NUMBER T_STRING
  471          | K_MASK • NUMBER T_STRING orient
  472          | K_MASK • NUMBER T_STRING K_DO NUMBER K_BY NUMBER K_STEP NUMBER NUMBER
  475          | K_MASK • NUMBER T_STRING orient K_DO NUMBER K_BY NUMBER K_STEP NUMBER NUMBER
  479          | K_MASK • NUMBER K_RECT $@83 '(' NUMBER NUMBER NUMBER NUMBER ')'
  481          | K_MASK • NUMBER $@84 path_pt

    NUMBER  偏移，并进入状态 1541


状态 1489

  464 virtual_statement: K_VIRTUAL • virtual_pt

    '('  偏移，并进入状态 1542

    virtual_pt  转到状态 1543


状态 1490

  476 path_item: virtual_statement •

    $default  使用规则 476 以归约 (path_item)


状态 1491

  477 path_item: rect_statement •

    $default  使用规则 477 以归约 (path_item)


状态 1492

  467 path_item_list: path_item_list path_item •

    $default  使用规则 467 以归约 (path_item_list)


状态 1493

  482 path_item: path_pt •

    $default  使用规则 482 以归约 (path_item)


状态 1494

  507 opt_shape_style: '+' K_STYLE NUMBER •

    $default  使用规则 507 以归约 (opt_shape_style)


状态 1495

  506 opt_shape_style: '+' K_SHAPE shape_type •

    $default  使用规则 506 以归约 (opt_shape_style)


状态 1496

  467 path_item_list: path_item_list • path_item
  598 spath: T_STRING $@102 width opt_spaths path_pt $@103 path_item_list •

    T_STRING   偏移，并进入状态 1486
    K_RECT     偏移，并进入状态 1487
    K_MASK     偏移，并进入状态 1488
    K_VIRTUAL  偏移，并进入状态 1489
    '('        偏移，并进入状态 1235

    $default  使用规则 598 以归约 (spath)

    virtual_statement  转到状态 1490
    rect_statement     转到状态 1491
    path_item          转到状态 1492
    path_pt            转到状态 1493


状态 1497

  695 floating_pins: '(' T_STRING T_STRING ')' •
  696              | '(' T_STRING T_STRING ')' • '(' T_STRING T_STRING ')'
  697              | '(' T_STRING T_STRING ')' • '(' T_STRING T_STRING ')' '(' T_STRING T_STRING ')'

    '('  偏移，并进入状态 1544

    $default  使用规则 695 以归约 (floating_pins)


状态 1498

  703 ordered_pins: '(' T_STRING T_STRING ')' •
  704             | '(' T_STRING T_STRING ')' • '(' T_STRING T_STRING ')'
  705             | '(' T_STRING T_STRING ')' • '(' T_STRING T_STRING ')' '(' T_STRING T_STRING ')'

    '('  偏移，并进入状态 1545

    $default  使用规则 703 以归约 (ordered_pins)


状态 1499

  689 opt_common_pins: '(' T_STRING T_STRING ')' '(' T_STRING T_STRING • ')'

    ')'  偏移，并进入状态 1546


状态 1500

  727 iotiming_drivecell_opt: iotiming_frompin K_TOPIN $@122 T_STRING $@123 • iotiming_parallel

    K_PARALLEL  偏移，并进入状态 1547

    $default  使用规则 731 以归约 (iotiming_parallel)

    iotiming_parallel  转到状态 1548


状态 1501

  758 row_or_comp: '(' • K_ROWS $@129 T_STRING ')'
  760            | '(' • K_COMPS $@130 T_STRING ')'

    K_COMPS  偏移，并进入状态 1549
    K_ROWS   偏移，并进入状态 1550


状态 1502

  756 row_or_comp_list: row_or_comp_list row_or_comp •

    $default  使用规则 756 以归约 (row_or_comp_list)


状态 1503

  810 minmaxpins: min_or_max_list K_PINS $@145 pin_list •
  816 pin_list: pin_list • T_STRING

    T_STRING  偏移，并进入状态 1551

    $default  使用规则 810 以归约 (minmaxpins)


状态 1504

  813 min_or_max_member: K_MIN NUMBER NUMBER •

    $default  使用规则 813 以归约 (min_or_max_member)


状态 1505

  814 min_or_max_member: K_MAX NUMBER NUMBER •

    $default  使用规则 814 以归约 (min_or_max_member)


状态 1506

  863 pin_prop_name_value: T_STRING QSTRING •

    $default  使用规则 863 以归约 (pin_prop_name_value)


状态 1507

  864 pin_prop_name_value: T_STRING T_STRING •

    $default  使用规则 864 以归约 (pin_prop_name_value)


状态 1508

  862 pin_prop_name_value: T_STRING NUMBER •

    $default  使用规则 862 以归约 (pin_prop_name_value)


状态 1509

  958 nondefault_option: '+' K_LAYER $@168 T_STRING K_WIDTH NUMBER $@169 nondefault_layer_options •
  967 nondefault_layer_options: nondefault_layer_options • nondefault_layer_option

    K_SPACING    偏移，并进入状态 1552
    K_DIAGWIDTH  偏移，并进入状态 1553
    K_WIREEXT    偏移，并进入状态 1554

    $default  使用规则 958 以归约 (nondefault_option)

    nondefault_layer_option  转到状态 1555


状态 1510

  218 row_step_option: K_STEP NUMBER NUMBER •

    $default  使用规则 218 以归约 (row_step_option)


状态 1511

  225 row_prop: T_STRING • NUMBER
  226         | T_STRING • QSTRING
  227         | T_STRING • T_STRING

    QSTRING   偏移，并进入状态 1556
    T_STRING  偏移，并进入状态 1557
    NUMBER    偏移，并进入状态 1558


状态 1512

  224 row_prop_list: row_prop_list row_prop •

    $default  使用规则 224 以归约 (row_prop_list)


状态 1513

  137 pin_option: '+' K_LAYER $@26 T_STRING • $@27 pin_layer_mask_opt pin_layer_spacing_opt pt pt

    $default  使用规则 136 以归约 ($@27)

    $@27  转到状态 1559


状态 1514

  210 pin_layer_opt: K_LAYER • $@34 T_STRING

    $default  使用规则 209 以归约 ($@34)

    $@34  转到状态 1560


状态 1515

  144 pin_option: '+' K_ANTENNAPINPARTIALMETALAREA NUMBER pin_layer_opt •

    $default  使用规则 144 以归约 (pin_option)


状态 1516

  145 pin_option: '+' K_ANTENNAPINPARTIALMETALSIDEAREA NUMBER pin_layer_opt •

    $default  使用规则 145 以归约 (pin_option)


状态 1517

  146 pin_option: '+' K_ANTENNAPINGATEAREA NUMBER pin_layer_opt •

    $default  使用规则 146 以归约 (pin_option)


状态 1518

  147 pin_option: '+' K_ANTENNAPINDIFFAREA NUMBER pin_layer_opt •

    $default  使用规则 147 以归约 (pin_option)


状态 1519

  149 pin_option: '+' K_ANTENNAPINMAXAREACAR NUMBER K_LAYER • $@31 T_STRING

    $default  使用规则 148 以归约 ($@31)

    $@31  转到状态 1561


状态 1520

  151 pin_option: '+' K_ANTENNAPINMAXSIDEAREACAR NUMBER K_LAYER • $@32 T_STRING

    $default  使用规则 150 以归约 ($@32)

    $@32  转到状态 1562


状态 1521

  152 pin_option: '+' K_ANTENNAPINPARTIALCUTAREA NUMBER pin_layer_opt •

    $default  使用规则 152 以归约 (pin_option)


状态 1522

  154 pin_option: '+' K_ANTENNAPINMAXCUTCAR NUMBER K_LAYER • $@33 T_STRING

    $default  使用规则 153 以归约 ($@33)

    $@33  转到状态 1563


状态 1523

  132 pin_option: '+' K_GROUNDSENSITIVITY $@25 T_STRING •

    $default  使用规则 132 以归约 (pin_option)


状态 1524

  140 pin_option: '+' K_POLYGON $@28 T_STRING • $@29 pin_poly_mask_opt pin_poly_spacing_opt firstPt nextPt nextPt otherPts

    $default  使用规则 139 以归约 ($@29)

    $@29  转到状态 1564


状态 1525

  130 pin_option: '+' K_SUPPLYSENSITIVITY $@24 T_STRING •

    $default  使用规则 130 以归约 (pin_option)


状态 1526

  142 pin_option: '+' K_VIA $@30 T_STRING • pin_via_mask_opt '(' NUMBER NUMBER ')'

    K_MASK  偏移，并进入状态 1565

    $default  使用规则 158 以归约 (pin_via_mask_opt)

    pin_via_mask_opt  转到状态 1566


状态 1527

  260 layer_stmt: '+' K_POLYGON $@43 T_STRING mask $@44 firstPt nextPt • nextPt otherPts

    '('  偏移，并进入状态 188

    nextPt  转到状态 1567
    pt      转到状态 321


状态 1528

  265 layer_stmt: '+' K_VIARULE $@46 T_STRING '+' K_CUTSIZE NUMBER NUMBER • '+' K_LAYERS $@47 T_STRING T_STRING T_STRING '+' K_CUTSPACING NUMBER NUMBER '+' K_ENCLOSURE NUMBER NUMBER NUMBER NUMBER

    '+'  偏移，并进入状态 1568


状态 1529

  835 subnet_opt_syn: '+' • K_SYNTHESIZED

    K_SYNTHESIZED  偏移，并进入状态 1569


状态 1530

  833 comp_name: '(' $@146 T_STRING T_STRING subnet_opt_syn • ')'

    ')'  偏移，并进入状态 1570


状态 1531

  841 subnet_option: K_NONDEFAULTRULE $@148 T_STRING •

    $default  使用规则 841 以归约 (subnet_option)


状态 1532

  458 paths: paths • new_path
  839 subnet_option: subnet_type $@147 paths •

    K_NEW  偏移，并进入状态 1010

    $default  使用规则 839 以归约 (subnet_option)

    new_path  转到状态 1011


状态 1533

  487 path_pt: '(' NUMBER NUMBER NUMBER ')' •

    $default  使用规则 487 以归约 (path_pt)


状态 1534

  489 path_pt: '(' NUMBER '*' NUMBER ')' •

    $default  使用规则 489 以归约 (path_pt)


状态 1535

  488 path_pt: '(' '*' NUMBER NUMBER ')' •

    $default  使用规则 488 以归约 (path_pt)


状态 1536

  490 path_pt: '(' '*' '*' NUMBER ')' •

    $default  使用规则 490 以归约 (path_pt)


状态 1537

  473 path_item: T_STRING K_DO • NUMBER K_BY NUMBER K_STEP NUMBER NUMBER

    NUMBER  偏移，并进入状态 1571


状态 1538

  470 path_item: T_STRING orient •
  474          | T_STRING orient • K_DO NUMBER K_BY NUMBER K_STEP NUMBER NUMBER

    K_DO  偏移，并进入状态 1572

    $default  使用规则 470 以归约 (path_item)


状态 1539

  495 rect_pts: '(' • NUMBER NUMBER NUMBER NUMBER ')'

    NUMBER  偏移，并进入状态 1573


状态 1540

  465 rect_statement: K_RECT rect_pts •

    $default  使用规则 465 以归约 (rect_statement)


状态 1541

  469 path_item: K_MASK NUMBER • T_STRING
  471          | K_MASK NUMBER • T_STRING orient
  472          | K_MASK NUMBER • T_STRING K_DO NUMBER K_BY NUMBER K_STEP NUMBER NUMBER
  475          | K_MASK NUMBER • T_STRING orient K_DO NUMBER K_BY NUMBER K_STEP NUMBER NUMBER
  479          | K_MASK NUMBER • K_RECT $@83 '(' NUMBER NUMBER NUMBER NUMBER ')'
  481          | K_MASK NUMBER • $@84 path_pt

    T_STRING  偏移，并进入状态 1574
    K_RECT    偏移，并进入状态 1575

    $default  使用规则 480 以归约 ($@84)

    $@84  转到状态 1576


状态 1542

  491 virtual_pt: '(' • NUMBER NUMBER ')'
  492           | '(' • '*' NUMBER ')'
  493           | '(' • NUMBER '*' ')'
  494           | '(' • '*' '*' ')'

    NUMBER  偏移，并进入状态 1577
    '*'     偏移，并进入状态 1578


状态 1543

  464 virtual_statement: K_VIRTUAL virtual_pt •

    $default  使用规则 464 以归约 (virtual_statement)


状态 1544

  696 floating_pins: '(' T_STRING T_STRING ')' '(' • T_STRING T_STRING ')'
  697              | '(' T_STRING T_STRING ')' '(' • T_STRING T_STRING ')' '(' T_STRING T_STRING ')'

    T_STRING  偏移，并进入状态 1579


状态 1545

  704 ordered_pins: '(' T_STRING T_STRING ')' '(' • T_STRING T_STRING ')'
  705             | '(' T_STRING T_STRING ')' '(' • T_STRING T_STRING ')' '(' T_STRING T_STRING ')'

    T_STRING  偏移，并进入状态 1580


状态 1546

  689 opt_common_pins: '(' T_STRING T_STRING ')' '(' T_STRING T_STRING ')' •

    $default  使用规则 689 以归约 (opt_common_pins)


状态 1547

  732 iotiming_parallel: K_PARALLEL • NUMBER

    NUMBER  偏移，并进入状态 1581


状态 1548

  727 iotiming_drivecell_opt: iotiming_frompin K_TOPIN $@122 T_STRING $@123 iotiming_parallel •

    $default  使用规则 727 以归约 (iotiming_drivecell_opt)


状态 1549

  760 row_or_comp: '(' K_COMPS • $@130 T_STRING ')'

    $default  使用规则 759 以归约 ($@130)

    $@130  转到状态 1582


状态 1550

  758 row_or_comp: '(' K_ROWS • $@129 T_STRING ')'

    $default  使用规则 757 以归约 ($@129)

    $@129  转到状态 1583


状态 1551

  816 pin_list: pin_list T_STRING •

    $default  使用规则 816 以归约 (pin_list)


状态 1552

  969 nondefault_layer_option: K_SPACING • NUMBER

    NUMBER  偏移，并进入状态 1584


状态 1553

  968 nondefault_layer_option: K_DIAGWIDTH • NUMBER

    NUMBER  偏移，并进入状态 1585


状态 1554

  970 nondefault_layer_option: K_WIREEXT • NUMBER

    NUMBER  偏移，并进入状态 1586


状态 1555

  967 nondefault_layer_options: nondefault_layer_options nondefault_layer_option •

    $default  使用规则 967 以归约 (nondefault_layer_options)


状态 1556

  226 row_prop: T_STRING QSTRING •

    $default  使用规则 226 以归约 (row_prop)


状态 1557

  227 row_prop: T_STRING T_STRING •

    $default  使用规则 227 以归约 (row_prop)


状态 1558

  225 row_prop: T_STRING NUMBER •

    $default  使用规则 225 以归约 (row_prop)


状态 1559

  137 pin_option: '+' K_LAYER $@26 T_STRING $@27 • pin_layer_mask_opt pin_layer_spacing_opt pt pt

    K_MASK  偏移，并进入状态 1587

    $default  使用规则 156 以归约 (pin_layer_mask_opt)

    pin_layer_mask_opt  转到状态 1588


状态 1560

  210 pin_layer_opt: K_LAYER $@34 • T_STRING

    T_STRING  偏移，并进入状态 1589


状态 1561

  149 pin_option: '+' K_ANTENNAPINMAXAREACAR NUMBER K_LAYER $@31 • T_STRING

    T_STRING  偏移，并进入状态 1590


状态 1562

  151 pin_option: '+' K_ANTENNAPINMAXSIDEAREACAR NUMBER K_LAYER $@32 • T_STRING

    T_STRING  偏移，并进入状态 1591


状态 1563

  154 pin_option: '+' K_ANTENNAPINMAXCUTCAR NUMBER K_LAYER $@33 • T_STRING

    T_STRING  偏移，并进入状态 1592


状态 1564

  140 pin_option: '+' K_POLYGON $@28 T_STRING $@29 • pin_poly_mask_opt pin_poly_spacing_opt firstPt nextPt nextPt otherPts

    K_MASK  偏移，并进入状态 1593

    $default  使用规则 160 以归约 (pin_poly_mask_opt)

    pin_poly_mask_opt  转到状态 1594


状态 1565

  159 pin_via_mask_opt: K_MASK • NUMBER

    NUMBER  偏移，并进入状态 1595


状态 1566

  142 pin_option: '+' K_VIA $@30 T_STRING pin_via_mask_opt • '(' NUMBER NUMBER ')'

    '('  偏移，并进入状态 1596


状态 1567

  260 layer_stmt: '+' K_POLYGON $@43 T_STRING mask $@44 firstPt nextPt nextPt • otherPts

    $default  使用规则 275 以归约 (otherPts)

    otherPts  转到状态 1597


状态 1568

  265 layer_stmt: '+' K_VIARULE $@46 T_STRING '+' K_CUTSIZE NUMBER NUMBER '+' • K_LAYERS $@47 T_STRING T_STRING T_STRING '+' K_CUTSPACING NUMBER NUMBER '+' K_ENCLOSURE NUMBER NUMBER NUMBER NUMBER

    K_LAYERS  偏移，并进入状态 1598


状态 1569

  835 subnet_opt_syn: '+' K_SYNTHESIZED •

    $default  使用规则 835 以归约 (subnet_opt_syn)


状态 1570

  833 comp_name: '(' $@146 T_STRING T_STRING subnet_opt_syn ')' •

    $default  使用规则 833 以归约 (comp_name)


状态 1571

  473 path_item: T_STRING K_DO NUMBER • K_BY NUMBER K_STEP NUMBER NUMBER

    K_BY  偏移，并进入状态 1599


状态 1572

  474 path_item: T_STRING orient K_DO • NUMBER K_BY NUMBER K_STEP NUMBER NUMBER

    NUMBER  偏移，并进入状态 1600


状态 1573

  495 rect_pts: '(' NUMBER • NUMBER NUMBER NUMBER ')'

    NUMBER  偏移，并进入状态 1601


状态 1574

  469 path_item: K_MASK NUMBER T_STRING •
  471          | K_MASK NUMBER T_STRING • orient
  472          | K_MASK NUMBER T_STRING • K_DO NUMBER K_BY NUMBER K_STEP NUMBER NUMBER
  475          | K_MASK NUMBER T_STRING • orient K_DO NUMBER K_BY NUMBER K_STEP NUMBER NUMBER

    K_DO  偏移，并进入状态 1602
    K_N   偏移，并进入状态 516
    K_S   偏移，并进入状态 517
    K_E   偏移，并进入状态 518
    K_W   偏移，并进入状态 519
    K_FN  偏移，并进入状态 520
    K_FE  偏移，并进入状态 521
    K_FS  偏移，并进入状态 522
    K_FW  偏移，并进入状态 523

    $default  使用规则 469 以归约 (path_item)

    orient  转到状态 1603


状态 1575

  479 path_item: K_MASK NUMBER K_RECT • $@83 '(' NUMBER NUMBER NUMBER NUMBER ')'

    $default  使用规则 478 以归约 ($@83)

    $@83  转到状态 1604


状态 1576

  481 path_item: K_MASK NUMBER $@84 • path_pt

    '('  偏移，并进入状态 1235

    path_pt  转到状态 1605


状态 1577

  491 virtual_pt: '(' NUMBER • NUMBER ')'
  493           | '(' NUMBER • '*' ')'

    NUMBER  偏移，并进入状态 1606
    '*'     偏移，并进入状态 1607


状态 1578

  492 virtual_pt: '(' '*' • NUMBER ')'
  494           | '(' '*' • '*' ')'

    NUMBER  偏移，并进入状态 1608
    '*'     偏移，并进入状态 1609


状态 1579

  696 floating_pins: '(' T_STRING T_STRING ')' '(' T_STRING • T_STRING ')'
  697              | '(' T_STRING T_STRING ')' '(' T_STRING • T_STRING ')' '(' T_STRING T_STRING ')'

    T_STRING  偏移，并进入状态 1610


状态 1580

  704 ordered_pins: '(' T_STRING T_STRING ')' '(' T_STRING • T_STRING ')'
  705             | '(' T_STRING T_STRING ')' '(' T_STRING • T_STRING ')' '(' T_STRING T_STRING ')'

    T_STRING  偏移，并进入状态 1611


状态 1581

  732 iotiming_parallel: K_PARALLEL NUMBER •

    $default  使用规则 732 以归约 (iotiming_parallel)


状态 1582

  760 row_or_comp: '(' K_COMPS $@130 • T_STRING ')'

    T_STRING  偏移，并进入状态 1612


状态 1583

  758 row_or_comp: '(' K_ROWS $@129 • T_STRING ')'

    T_STRING  偏移，并进入状态 1613


状态 1584

  969 nondefault_layer_option: K_SPACING NUMBER •

    $default  使用规则 969 以归约 (nondefault_layer_option)


状态 1585

  968 nondefault_layer_option: K_DIAGWIDTH NUMBER •

    $default  使用规则 968 以归约 (nondefault_layer_option)


状态 1586

  970 nondefault_layer_option: K_WIREEXT NUMBER •

    $default  使用规则 970 以归约 (nondefault_layer_option)


状态 1587

  157 pin_layer_mask_opt: K_MASK • NUMBER

    NUMBER  偏移，并进入状态 1614


状态 1588

  137 pin_option: '+' K_LAYER $@26 T_STRING $@27 pin_layer_mask_opt • pin_layer_spacing_opt pt pt

    K_SPACING          偏移，并进入状态 1615
    K_DESIGNRULEWIDTH  偏移，并进入状态 1616

    $default  使用规则 162 以归约 (pin_layer_spacing_opt)

    pin_layer_spacing_opt  转到状态 1617


状态 1589

  210 pin_layer_opt: K_LAYER $@34 T_STRING •

    $default  使用规则 210 以归约 (pin_layer_opt)


状态 1590

  149 pin_option: '+' K_ANTENNAPINMAXAREACAR NUMBER K_LAYER $@31 T_STRING •

    $default  使用规则 149 以归约 (pin_option)


状态 1591

  151 pin_option: '+' K_ANTENNAPINMAXSIDEAREACAR NUMBER K_LAYER $@32 T_STRING •

    $default  使用规则 151 以归约 (pin_option)


状态 1592

  154 pin_option: '+' K_ANTENNAPINMAXCUTCAR NUMBER K_LAYER $@33 T_STRING •

    $default  使用规则 154 以归约 (pin_option)


状态 1593

  161 pin_poly_mask_opt: K_MASK • NUMBER

    NUMBER  偏移，并进入状态 1618


状态 1594

  140 pin_option: '+' K_POLYGON $@28 T_STRING $@29 pin_poly_mask_opt • pin_poly_spacing_opt firstPt nextPt nextPt otherPts

    K_SPACING          偏移，并进入状态 1619
    K_DESIGNRULEWIDTH  偏移，并进入状态 1620

    $default  使用规则 165 以归约 (pin_poly_spacing_opt)

    pin_poly_spacing_opt  转到状态 1621


状态 1595

  159 pin_via_mask_opt: K_MASK NUMBER •

    $default  使用规则 159 以归约 (pin_via_mask_opt)


状态 1596

  142 pin_option: '+' K_VIA $@30 T_STRING pin_via_mask_opt '(' • NUMBER NUMBER ')'

    NUMBER  偏移，并进入状态 1622


状态 1597

  260 layer_stmt: '+' K_POLYGON $@43 T_STRING mask $@44 firstPt nextPt nextPt otherPts •
  276 otherPts: otherPts • nextPt

    '('  偏移，并进入状态 188

    $default  使用规则 260 以归约 (layer_stmt)

    nextPt  转到状态 531
    pt      转到状态 321


状态 1598

  265 layer_stmt: '+' K_VIARULE $@46 T_STRING '+' K_CUTSIZE NUMBER NUMBER '+' K_LAYERS • $@47 T_STRING T_STRING T_STRING '+' K_CUTSPACING NUMBER NUMBER '+' K_ENCLOSURE NUMBER NUMBER NUMBER NUMBER

    $default  使用规则 264 以归约 ($@47)

    $@47  转到状态 1623


状态 1599

  473 path_item: T_STRING K_DO NUMBER K_BY • NUMBER K_STEP NUMBER NUMBER

    NUMBER  偏移，并进入状态 1624


状态 1600

  474 path_item: T_STRING orient K_DO NUMBER • K_BY NUMBER K_STEP NUMBER NUMBER

    K_BY  偏移，并进入状态 1625


状态 1601

  495 rect_pts: '(' NUMBER NUMBER • NUMBER NUMBER ')'

    NUMBER  偏移，并进入状态 1626


状态 1602

  472 path_item: K_MASK NUMBER T_STRING K_DO • NUMBER K_BY NUMBER K_STEP NUMBER NUMBER

    NUMBER  偏移，并进入状态 1627


状态 1603

  471 path_item: K_MASK NUMBER T_STRING orient •
  475          | K_MASK NUMBER T_STRING orient • K_DO NUMBER K_BY NUMBER K_STEP NUMBER NUMBER

    K_DO  偏移，并进入状态 1628

    $default  使用规则 471 以归约 (path_item)


状态 1604

  479 path_item: K_MASK NUMBER K_RECT $@83 • '(' NUMBER NUMBER NUMBER NUMBER ')'

    '('  偏移，并进入状态 1629


状态 1605

  481 path_item: K_MASK NUMBER $@84 path_pt •

    $default  使用规则 481 以归约 (path_item)


状态 1606

  491 virtual_pt: '(' NUMBER NUMBER • ')'

    ')'  偏移，并进入状态 1630


状态 1607

  493 virtual_pt: '(' NUMBER '*' • ')'

    ')'  偏移，并进入状态 1631


状态 1608

  492 virtual_pt: '(' '*' NUMBER • ')'

    ')'  偏移，并进入状态 1632


状态 1609

  494 virtual_pt: '(' '*' '*' • ')'

    ')'  偏移，并进入状态 1633


状态 1610

  696 floating_pins: '(' T_STRING T_STRING ')' '(' T_STRING T_STRING • ')'
  697              | '(' T_STRING T_STRING ')' '(' T_STRING T_STRING • ')' '(' T_STRING T_STRING ')'

    ')'  偏移，并进入状态 1634


状态 1611

  704 ordered_pins: '(' T_STRING T_STRING ')' '(' T_STRING T_STRING • ')'
  705             | '(' T_STRING T_STRING ')' '(' T_STRING T_STRING • ')' '(' T_STRING T_STRING ')'

    ')'  偏移，并进入状态 1635


状态 1612

  760 row_or_comp: '(' K_COMPS $@130 T_STRING • ')'

    ')'  偏移，并进入状态 1636


状态 1613

  758 row_or_comp: '(' K_ROWS $@129 T_STRING • ')'

    ')'  偏移，并进入状态 1637


状态 1614

  157 pin_layer_mask_opt: K_MASK NUMBER •

    $default  使用规则 157 以归约 (pin_layer_mask_opt)


状态 1615

  163 pin_layer_spacing_opt: K_SPACING • NUMBER

    NUMBER  偏移，并进入状态 1638


状态 1616

  164 pin_layer_spacing_opt: K_DESIGNRULEWIDTH • NUMBER

    NUMBER  偏移，并进入状态 1639


状态 1617

  137 pin_option: '+' K_LAYER $@26 T_STRING $@27 pin_layer_mask_opt pin_layer_spacing_opt • pt pt

    '('  偏移，并进入状态 188

    pt  转到状态 1640


状态 1618

  161 pin_poly_mask_opt: K_MASK NUMBER •

    $default  使用规则 161 以归约 (pin_poly_mask_opt)


状态 1619

  166 pin_poly_spacing_opt: K_SPACING • NUMBER

    NUMBER  偏移，并进入状态 1641


状态 1620

  167 pin_poly_spacing_opt: K_DESIGNRULEWIDTH • NUMBER

    NUMBER  偏移，并进入状态 1642


状态 1621

  140 pin_option: '+' K_POLYGON $@28 T_STRING $@29 pin_poly_mask_opt pin_poly_spacing_opt • firstPt nextPt nextPt otherPts

    '('  偏移，并进入状态 188

    firstPt  转到状态 1643
    pt       转到状态 190


状态 1622

  142 pin_option: '+' K_VIA $@30 T_STRING pin_via_mask_opt '(' NUMBER • NUMBER ')'

    NUMBER  偏移，并进入状态 1644


状态 1623

  265 layer_stmt: '+' K_VIARULE $@46 T_STRING '+' K_CUTSIZE NUMBER NUMBER '+' K_LAYERS $@47 • T_STRING T_STRING T_STRING '+' K_CUTSPACING NUMBER NUMBER '+' K_ENCLOSURE NUMBER NUMBER NUMBER NUMBER

    T_STRING  偏移，并进入状态 1645


状态 1624

  473 path_item: T_STRING K_DO NUMBER K_BY NUMBER • K_STEP NUMBER NUMBER

    K_STEP  偏移，并进入状态 1646


状态 1625

  474 path_item: T_STRING orient K_DO NUMBER K_BY • NUMBER K_STEP NUMBER NUMBER

    NUMBER  偏移，并进入状态 1647


状态 1626

  495 rect_pts: '(' NUMBER NUMBER NUMBER • NUMBER ')'

    NUMBER  偏移，并进入状态 1648


状态 1627

  472 path_item: K_MASK NUMBER T_STRING K_DO NUMBER • K_BY NUMBER K_STEP NUMBER NUMBER

    K_BY  偏移，并进入状态 1649


状态 1628

  475 path_item: K_MASK NUMBER T_STRING orient K_DO • NUMBER K_BY NUMBER K_STEP NUMBER NUMBER

    NUMBER  偏移，并进入状态 1650


状态 1629

  479 path_item: K_MASK NUMBER K_RECT $@83 '(' • NUMBER NUMBER NUMBER NUMBER ')'

    NUMBER  偏移，并进入状态 1651


状态 1630

  491 virtual_pt: '(' NUMBER NUMBER ')' •

    $default  使用规则 491 以归约 (virtual_pt)


状态 1631

  493 virtual_pt: '(' NUMBER '*' ')' •

    $default  使用规则 493 以归约 (virtual_pt)


状态 1632

  492 virtual_pt: '(' '*' NUMBER ')' •

    $default  使用规则 492 以归约 (virtual_pt)


状态 1633

  494 virtual_pt: '(' '*' '*' ')' •

    $default  使用规则 494 以归约 (virtual_pt)


状态 1634

  696 floating_pins: '(' T_STRING T_STRING ')' '(' T_STRING T_STRING ')' •
  697              | '(' T_STRING T_STRING ')' '(' T_STRING T_STRING ')' • '(' T_STRING T_STRING ')'

    '('  偏移，并进入状态 1652

    $default  使用规则 696 以归约 (floating_pins)


状态 1635

  704 ordered_pins: '(' T_STRING T_STRING ')' '(' T_STRING T_STRING ')' •
  705             | '(' T_STRING T_STRING ')' '(' T_STRING T_STRING ')' • '(' T_STRING T_STRING ')'

    '('  偏移，并进入状态 1653

    $default  使用规则 704 以归约 (ordered_pins)


状态 1636

  760 row_or_comp: '(' K_COMPS $@130 T_STRING ')' •

    $default  使用规则 760 以归约 (row_or_comp)


状态 1637

  758 row_or_comp: '(' K_ROWS $@129 T_STRING ')' •

    $default  使用规则 758 以归约 (row_or_comp)


状态 1638

  163 pin_layer_spacing_opt: K_SPACING NUMBER •

    $default  使用规则 163 以归约 (pin_layer_spacing_opt)


状态 1639

  164 pin_layer_spacing_opt: K_DESIGNRULEWIDTH NUMBER •

    $default  使用规则 164 以归约 (pin_layer_spacing_opt)


状态 1640

  137 pin_option: '+' K_LAYER $@26 T_STRING $@27 pin_layer_mask_opt pin_layer_spacing_opt pt • pt

    '('  偏移，并进入状态 188

    pt  转到状态 1654


状态 1641

  166 pin_poly_spacing_opt: K_SPACING NUMBER •

    $default  使用规则 166 以归约 (pin_poly_spacing_opt)


状态 1642

  167 pin_poly_spacing_opt: K_DESIGNRULEWIDTH NUMBER •

    $default  使用规则 167 以归约 (pin_poly_spacing_opt)


状态 1643

  140 pin_option: '+' K_POLYGON $@28 T_STRING $@29 pin_poly_mask_opt pin_poly_spacing_opt firstPt • nextPt nextPt otherPts

    '('  偏移，并进入状态 188

    nextPt  转到状态 1655
    pt      转到状态 321


状态 1644

  142 pin_option: '+' K_VIA $@30 T_STRING pin_via_mask_opt '(' NUMBER NUMBER • ')'

    ')'  偏移，并进入状态 1656


状态 1645

  265 layer_stmt: '+' K_VIARULE $@46 T_STRING '+' K_CUTSIZE NUMBER NUMBER '+' K_LAYERS $@47 T_STRING • T_STRING T_STRING '+' K_CUTSPACING NUMBER NUMBER '+' K_ENCLOSURE NUMBER NUMBER NUMBER NUMBER

    T_STRING  偏移，并进入状态 1657


状态 1646

  473 path_item: T_STRING K_DO NUMBER K_BY NUMBER K_STEP • NUMBER NUMBER

    NUMBER  偏移，并进入状态 1658


状态 1647

  474 path_item: T_STRING orient K_DO NUMBER K_BY NUMBER • K_STEP NUMBER NUMBER

    K_STEP  偏移，并进入状态 1659


状态 1648

  495 rect_pts: '(' NUMBER NUMBER NUMBER NUMBER • ')'

    ')'  偏移，并进入状态 1660


状态 1649

  472 path_item: K_MASK NUMBER T_STRING K_DO NUMBER K_BY • NUMBER K_STEP NUMBER NUMBER

    NUMBER  偏移，并进入状态 1661


状态 1650

  475 path_item: K_MASK NUMBER T_STRING orient K_DO NUMBER • K_BY NUMBER K_STEP NUMBER NUMBER

    K_BY  偏移，并进入状态 1662


状态 1651

  479 path_item: K_MASK NUMBER K_RECT $@83 '(' NUMBER • NUMBER NUMBER NUMBER ')'

    NUMBER  偏移，并进入状态 1663


状态 1652

  697 floating_pins: '(' T_STRING T_STRING ')' '(' T_STRING T_STRING ')' '(' • T_STRING T_STRING ')'

    T_STRING  偏移，并进入状态 1664


状态 1653

  705 ordered_pins: '(' T_STRING T_STRING ')' '(' T_STRING T_STRING ')' '(' • T_STRING T_STRING ')'

    T_STRING  偏移，并进入状态 1665


状态 1654

  137 pin_option: '+' K_LAYER $@26 T_STRING $@27 pin_layer_mask_opt pin_layer_spacing_opt pt pt •

    $default  使用规则 137 以归约 (pin_option)


状态 1655

  140 pin_option: '+' K_POLYGON $@28 T_STRING $@29 pin_poly_mask_opt pin_poly_spacing_opt firstPt nextPt • nextPt otherPts

    '('  偏移，并进入状态 188

    nextPt  转到状态 1666
    pt      转到状态 321


状态 1656

  142 pin_option: '+' K_VIA $@30 T_STRING pin_via_mask_opt '(' NUMBER NUMBER ')' •

    $default  使用规则 142 以归约 (pin_option)


状态 1657

  265 layer_stmt: '+' K_VIARULE $@46 T_STRING '+' K_CUTSIZE NUMBER NUMBER '+' K_LAYERS $@47 T_STRING T_STRING • T_STRING '+' K_CUTSPACING NUMBER NUMBER '+' K_ENCLOSURE NUMBER NUMBER NUMBER NUMBER

    T_STRING  偏移，并进入状态 1667


状态 1658

  473 path_item: T_STRING K_DO NUMBER K_BY NUMBER K_STEP NUMBER • NUMBER

    NUMBER  偏移，并进入状态 1668


状态 1659

  474 path_item: T_STRING orient K_DO NUMBER K_BY NUMBER K_STEP • NUMBER NUMBER

    NUMBER  偏移，并进入状态 1669


状态 1660

  495 rect_pts: '(' NUMBER NUMBER NUMBER NUMBER ')' •

    $default  使用规则 495 以归约 (rect_pts)


状态 1661

  472 path_item: K_MASK NUMBER T_STRING K_DO NUMBER K_BY NUMBER • K_STEP NUMBER NUMBER

    K_STEP  偏移，并进入状态 1670


状态 1662

  475 path_item: K_MASK NUMBER T_STRING orient K_DO NUMBER K_BY • NUMBER K_STEP NUMBER NUMBER

    NUMBER  偏移，并进入状态 1671


状态 1663

  479 path_item: K_MASK NUMBER K_RECT $@83 '(' NUMBER NUMBER • NUMBER NUMBER ')'

    NUMBER  偏移，并进入状态 1672


状态 1664

  697 floating_pins: '(' T_STRING T_STRING ')' '(' T_STRING T_STRING ')' '(' T_STRING • T_STRING ')'

    T_STRING  偏移，并进入状态 1673


状态 1665

  705 ordered_pins: '(' T_STRING T_STRING ')' '(' T_STRING T_STRING ')' '(' T_STRING • T_STRING ')'

    T_STRING  偏移，并进入状态 1674


状态 1666

  140 pin_option: '+' K_POLYGON $@28 T_STRING $@29 pin_poly_mask_opt pin_poly_spacing_opt firstPt nextPt nextPt • otherPts

    $default  使用规则 275 以归约 (otherPts)

    otherPts  转到状态 1675


状态 1667

  265 layer_stmt: '+' K_VIARULE $@46 T_STRING '+' K_CUTSIZE NUMBER NUMBER '+' K_LAYERS $@47 T_STRING T_STRING T_STRING • '+' K_CUTSPACING NUMBER NUMBER '+' K_ENCLOSURE NUMBER NUMBER NUMBER NUMBER

    '+'  偏移，并进入状态 1676


状态 1668

  473 path_item: T_STRING K_DO NUMBER K_BY NUMBER K_STEP NUMBER NUMBER •

    $default  使用规则 473 以归约 (path_item)


状态 1669

  474 path_item: T_STRING orient K_DO NUMBER K_BY NUMBER K_STEP NUMBER • NUMBER

    NUMBER  偏移，并进入状态 1677


状态 1670

  472 path_item: K_MASK NUMBER T_STRING K_DO NUMBER K_BY NUMBER K_STEP • NUMBER NUMBER

    NUMBER  偏移，并进入状态 1678


状态 1671

  475 path_item: K_MASK NUMBER T_STRING orient K_DO NUMBER K_BY NUMBER • K_STEP NUMBER NUMBER

    K_STEP  偏移，并进入状态 1679


状态 1672

  479 path_item: K_MASK NUMBER K_RECT $@83 '(' NUMBER NUMBER NUMBER • NUMBER ')'

    NUMBER  偏移，并进入状态 1680


状态 1673

  697 floating_pins: '(' T_STRING T_STRING ')' '(' T_STRING T_STRING ')' '(' T_STRING T_STRING • ')'

    ')'  偏移，并进入状态 1681


状态 1674

  705 ordered_pins: '(' T_STRING T_STRING ')' '(' T_STRING T_STRING ')' '(' T_STRING T_STRING • ')'

    ')'  偏移，并进入状态 1682


状态 1675

  140 pin_option: '+' K_POLYGON $@28 T_STRING $@29 pin_poly_mask_opt pin_poly_spacing_opt firstPt nextPt nextPt otherPts •
  276 otherPts: otherPts • nextPt

    '('  偏移，并进入状态 188

    $default  使用规则 140 以归约 (pin_option)

    nextPt  转到状态 531
    pt      转到状态 321


状态 1676

  265 layer_stmt: '+' K_VIARULE $@46 T_STRING '+' K_CUTSIZE NUMBER NUMBER '+' K_LAYERS $@47 T_STRING T_STRING T_STRING '+' • K_CUTSPACING NUMBER NUMBER '+' K_ENCLOSURE NUMBER NUMBER NUMBER NUMBER

    K_CUTSPACING  偏移，并进入状态 1683


状态 1677

  474 path_item: T_STRING orient K_DO NUMBER K_BY NUMBER K_STEP NUMBER NUMBER •

    $default  使用规则 474 以归约 (path_item)


状态 1678

  472 path_item: K_MASK NUMBER T_STRING K_DO NUMBER K_BY NUMBER K_STEP NUMBER • NUMBER

    NUMBER  偏移，并进入状态 1684


状态 1679

  475 path_item: K_MASK NUMBER T_STRING orient K_DO NUMBER K_BY NUMBER K_STEP • NUMBER NUMBER

    NUMBER  偏移，并进入状态 1685


状态 1680

  479 path_item: K_MASK NUMBER K_RECT $@83 '(' NUMBER NUMBER NUMBER NUMBER • ')'

    ')'  偏移，并进入状态 1686


状态 1681

  697 floating_pins: '(' T_STRING T_STRING ')' '(' T_STRING T_STRING ')' '(' T_STRING T_STRING ')' •

    $default  使用规则 697 以归约 (floating_pins)


状态 1682

  705 ordered_pins: '(' T_STRING T_STRING ')' '(' T_STRING T_STRING ')' '(' T_STRING T_STRING ')' •

    $default  使用规则 705 以归约 (ordered_pins)


状态 1683

  265 layer_stmt: '+' K_VIARULE $@46 T_STRING '+' K_CUTSIZE NUMBER NUMBER '+' K_LAYERS $@47 T_STRING T_STRING T_STRING '+' K_CUTSPACING • NUMBER NUMBER '+' K_ENCLOSURE NUMBER NUMBER NUMBER NUMBER

    NUMBER  偏移，并进入状态 1687


状态 1684

  472 path_item: K_MASK NUMBER T_STRING K_DO NUMBER K_BY NUMBER K_STEP NUMBER NUMBER •

    $default  使用规则 472 以归约 (path_item)


状态 1685

  475 path_item: K_MASK NUMBER T_STRING orient K_DO NUMBER K_BY NUMBER K_STEP NUMBER • NUMBER

    NUMBER  偏移，并进入状态 1688


状态 1686

  479 path_item: K_MASK NUMBER K_RECT $@83 '(' NUMBER NUMBER NUMBER NUMBER ')' •

    $default  使用规则 479 以归约 (path_item)


状态 1687

  265 layer_stmt: '+' K_VIARULE $@46 T_STRING '+' K_CUTSIZE NUMBER NUMBER '+' K_LAYERS $@47 T_STRING T_STRING T_STRING '+' K_CUTSPACING NUMBER • NUMBER '+' K_ENCLOSURE NUMBER NUMBER NUMBER NUMBER

    NUMBER  偏移，并进入状态 1689


状态 1688

  475 path_item: K_MASK NUMBER T_STRING orient K_DO NUMBER K_BY NUMBER K_STEP NUMBER NUMBER •

    $default  使用规则 475 以归约 (path_item)


状态 1689

  265 layer_stmt: '+' K_VIARULE $@46 T_STRING '+' K_CUTSIZE NUMBER NUMBER '+' K_LAYERS $@47 T_STRING T_STRING T_STRING '+' K_CUTSPACING NUMBER NUMBER • '+' K_ENCLOSURE NUMBER NUMBER NUMBER NUMBER

    '+'  偏移，并进入状态 1690


状态 1690

  265 layer_stmt: '+' K_VIARULE $@46 T_STRING '+' K_CUTSIZE NUMBER NUMBER '+' K_LAYERS $@47 T_STRING T_STRING T_STRING '+' K_CUTSPACING NUMBER NUMBER '+' • K_ENCLOSURE NUMBER NUMBER NUMBER NUMBER

    K_ENCLOSURE  偏移，并进入状态 1691


状态 1691

  265 layer_stmt: '+' K_VIARULE $@46 T_STRING '+' K_CUTSIZE NUMBER NUMBER '+' K_LAYERS $@47 T_STRING T_STRING T_STRING '+' K_CUTSPACING NUMBER NUMBER '+' K_ENCLOSURE • NUMBER NUMBER NUMBER NUMBER

    NUMBER  偏移，并进入状态 1692


状态 1692

  265 layer_stmt: '+' K_VIARULE $@46 T_STRING '+' K_CUTSIZE NUMBER NUMBER '+' K_LAYERS $@47 T_STRING T_STRING T_STRING '+' K_CUTSPACING NUMBER NUMBER '+' K_ENCLOSURE NUMBER • NUMBER NUMBER NUMBER

    NUMBER  偏移，并进入状态 1693


状态 1693

  265 layer_stmt: '+' K_VIARULE $@46 T_STRING '+' K_CUTSIZE NUMBER NUMBER '+' K_LAYERS $@47 T_STRING T_STRING T_STRING '+' K_CUTSPACING NUMBER NUMBER '+' K_ENCLOSURE NUMBER NUMBER • NUMBER NUMBER

    NUMBER  偏移，并进入状态 1694


状态 1694

  265 layer_stmt: '+' K_VIARULE $@46 T_STRING '+' K_CUTSIZE NUMBER NUMBER '+' K_LAYERS $@47 T_STRING T_STRING T_STRING '+' K_CUTSPACING NUMBER NUMBER '+' K_ENCLOSURE NUMBER NUMBER NUMBER • NUMBER

    NUMBER  偏移，并进入状态 1695


状态 1695

  265 layer_stmt: '+' K_VIARULE $@46 T_STRING '+' K_CUTSIZE NUMBER NUMBER '+' K_LAYERS $@47 T_STRING T_STRING T_STRING '+' K_CUTSPACING NUMBER NUMBER '+' K_ENCLOSURE NUMBER NUMBER NUMBER NUMBER •

    $default  使用规则 265 以归约 (layer_stmt)
