终端机在文法中未使用

    K_HISTORY
    K_ABUT
    K_COLUMNMAJOR
    K_FIXED
    K_MATCH
    K_NETS
    K_NEW
    K_ORIENTATION
    K_OVERLAPS
    K_PLACED
    K_ROWMAJOR
    K_SPECIALNETS
    K_ENDMACRO
    K_ENDMACROPIN
    K_ENDVIARULE
    K_ENDVIA
    K_ENDLAYER
    K_ENDSITE
    K_ENDEXT
    K_OPENFILE
    K_CLOSEFILE
    K_WARNING
    K_ERROR
    K_FATALERROR
    K_ROWMINSPACING
    K_ROWABUTSPACING
    K_FLIP
    K_ORIENT


语法

    0 $accept: lef_file $end

    1 lef_file: rules extension_opt end_library

    2 $@1: ε

    3 version: K_VERSION $@1 T_STRING ';'

    4 int_number: NUMBER

    5 dividerchar: K_DIVIDERCHAR QSTRING ';'

    6 busbitchars: K_BUSBITCHARS QSTRING ';'

    7 rules: ε
    8      | rules rule
    9      | error

   10 end_library: ε
   11            | K_END K_LIBRARY

   12 rule: version
   13     | busbitchars
   14     | case_sensitivity
   15     | units_section
   16     | layer_rule
   17     | via
   18     | viarule
   19     | viarule_generate
   20     | dividerchar
   21     | wireextension
   22     | msg_statement
   23     | spacing_rule
   24     | dielectric
   25     | minfeature
   26     | irdrop
   27     | site
   28     | macro
   29     | array
   30     | def_statement
   31     | nondefault_rule
   32     | prop_def_section
   33     | universalnoisemargin
   34     | edgeratethreshold1
   35     | edgeratescalefactor
   36     | edgeratethreshold2
   37     | noisetable
   38     | correctiontable
   39     | input_antenna
   40     | output_antenna
   41     | inout_antenna
   42     | antenna_input
   43     | antenna_inout
   44     | antenna_output
   45     | manufacturing
   46     | fixedmask
   47     | useminspacing
   48     | clearancemeasure
   49     | maxstack_via
   50     | create_file_statement

   51 case_sensitivity: K_NAMESCASESENSITIVE K_ON ';'
   52                 | K_NAMESCASESENSITIVE K_OFF ';'

   53 wireextension: K_NOWIREEXTENSIONATPIN K_ON ';'
   54              | K_NOWIREEXTENSIONATPIN K_OFF ';'

   55 fixedmask: K_FIXEDMASK ';'

   56 manufacturing: K_MANUFACTURINGGRID int_number ';'

   57 useminspacing: K_USEMINSPACING spacing_type spacing_value ';'

   58 clearancemeasure: K_CLEARANCEMEASURE clearance_type ';'

   59 clearance_type: K_MAXXY
   60               | K_EUCLIDEAN

   61 spacing_type: K_OBS
   62             | K_PIN

   63 spacing_value: K_ON
   64              | K_OFF

   65 units_section: start_units units_rules K_END K_UNITS

   66 start_units: K_UNITS

   67 units_rules: ε
   68            | units_rules units_rule

   69 units_rule: K_TIME K_NANOSECONDS int_number ';'
   70           | K_CAPACITANCE K_PICOFARADS int_number ';'
   71           | K_RESISTANCE K_OHMS int_number ';'
   72           | K_POWER K_MILLIWATTS int_number ';'
   73           | K_CURRENT K_MILLIAMPS int_number ';'
   74           | K_VOLTAGE K_VOLTS int_number ';'
   75           | K_DATABASE K_MICRONS int_number ';'
   76           | K_FREQUENCY K_MEGAHERTZ NUMBER ';'

   77 layer_rule: start_layer layer_options end_layer

   78 $@2: ε

   79 start_layer: K_LAYER $@2 T_STRING

   80 $@3: ε

   81 end_layer: K_END $@3 T_STRING

   82 layer_options: ε
   83              | layer_options layer_option

   84 $@4: ε

   85 $@5: ε

   86 layer_option: K_ARRAYSPACING $@4 layer_arraySpacing_long layer_arraySpacing_width K_CUTSPACING int_number $@5 layer_arraySpacing_arraycuts ';'
   87             | K_TYPE layer_type ';'
   88             | K_MASK int_number ';'
   89             | K_PITCH int_number ';'
   90             | K_PITCH int_number int_number ';'
   91             | K_DIAGPITCH int_number ';'
   92             | K_DIAGPITCH int_number int_number ';'
   93             | K_OFFSET int_number ';'
   94             | K_OFFSET int_number int_number ';'
   95             | K_DIAGWIDTH int_number ';'
   96             | K_DIAGSPACING int_number ';'
   97             | K_WIDTH int_number ';'
   98             | K_AREA NUMBER ';'

   99 $@6: ε

  100 layer_option: K_SPACING int_number $@6 layer_spacing_opts layer_spacing_cut_routing ';'

  101 $@7: ε

  102 layer_option: K_SPACINGTABLE K_ORTHOGONAL K_WITHIN int_number K_SPACING int_number $@7 layer_spacingtable_opts ';'
  103             | K_DIRECTION layer_direction ';'
  104             | K_RESISTANCE K_RPERSQ int_number ';'
  105             | K_RESISTANCE K_RPERSQ K_PWL '(' res_points ')' ';'
  106             | K_CAPACITANCE K_CPERSQDIST int_number ';'
  107             | K_CAPACITANCE K_CPERSQDIST K_PWL '(' cap_points ')' ';'
  108             | K_HEIGHT int_number ';'
  109             | K_WIREEXTENSION int_number ';'
  110             | K_THICKNESS int_number ';'
  111             | K_SHRINKAGE int_number ';'
  112             | K_CAPMULTIPLIER int_number ';'
  113             | K_EDGECAPACITANCE int_number ';'
  114             | K_ANTENNALENGTHFACTOR int_number ';'
  115             | K_CURRENTDEN int_number ';'
  116             | K_CURRENTDEN K_PWL '(' current_density_pwl_list ')' ';'
  117             | K_CURRENTDEN '(' int_number int_number ')' ';'

  118 $@8: ε

  119 layer_option: K_PROPERTY $@8 layer_prop_list ';'

  120 $@9: ε

  121 layer_option: K_ACCURRENTDENSITY layer_table_type $@9 layer_frequency
  122             | K_ACCURRENTDENSITY layer_table_type int_number ';'
  123             | K_DCCURRENTDENSITY K_AVERAGE int_number ';'

  124 $@10: ε

  125 $@11: ε

  126 layer_option: K_DCCURRENTDENSITY K_AVERAGE K_CUTAREA NUMBER $@10 number_list ';' $@11 dc_layer_table

  127 $@12: ε

  128 $@13: ε

  129 layer_option: K_DCCURRENTDENSITY K_AVERAGE K_WIDTH int_number $@12 int_number_list ';' $@13 dc_layer_table
  130             | K_ANTENNAAREARATIO int_number ';'

  131 $@14: ε

  132 layer_option: K_ANTENNADIFFAREARATIO $@14 layer_antenna_pwl ';'
  133             | K_ANTENNACUMAREARATIO int_number ';'

  134 $@15: ε

  135 layer_option: K_ANTENNACUMDIFFAREARATIO $@15 layer_antenna_pwl ';'

  136 $@16: ε

  137 layer_option: K_ANTENNAAREAFACTOR int_number $@16 layer_antenna_duo ';'
  138             | K_ANTENNASIDEAREARATIO int_number ';'

  139 $@17: ε

  140 layer_option: K_ANTENNADIFFSIDEAREARATIO $@17 layer_antenna_pwl ';'
  141             | K_ANTENNACUMSIDEAREARATIO int_number ';'

  142 $@18: ε

  143 layer_option: K_ANTENNACUMDIFFSIDEAREARATIO $@18 layer_antenna_pwl ';'

  144 $@19: ε

  145 layer_option: K_ANTENNASIDEAREAFACTOR int_number $@19 layer_antenna_duo ';'

  146 $@20: ε

  147 layer_option: K_ANTENNAMODEL $@20 layer_oxide ';'
  148             | K_ANTENNACUMROUTINGPLUSCUT ';'
  149             | K_ANTENNAGATEPLUSDIFF int_number ';'
  150             | K_ANTENNAAREAMINUSDIFF int_number ';'

  151 $@21: ε

  152 $@22: ε

  153 layer_option: K_ANTENNAAREADIFFREDUCEPWL '(' pt pt $@21 layer_diffusion_ratios ')' ';' $@22
  154             | K_SLOTWIREWIDTH int_number ';'
  155             | K_SLOTWIRELENGTH int_number ';'
  156             | K_SLOTWIDTH int_number ';'
  157             | K_SLOTLENGTH int_number ';'
  158             | K_MAXADJACENTSLOTSPACING int_number ';'
  159             | K_MAXCOAXIALSLOTSPACING int_number ';'
  160             | K_MAXEDGESLOTSPACING int_number ';'
  161             | K_SPLITWIREWIDTH int_number ';'
  162             | K_MINIMUMDENSITY int_number ';'
  163             | K_MAXIMUMDENSITY int_number ';'
  164             | K_DENSITYCHECKWINDOW int_number int_number ';'
  165             | K_DENSITYCHECKSTEP int_number ';'
  166             | K_FILLACTIVESPACING int_number ';'
  167             | K_MAXWIDTH int_number ';'
  168             | K_MINWIDTH int_number ';'

  169 $@23: ε

  170 layer_option: K_MINENCLOSEDAREA NUMBER $@23 layer_minen_width ';'

  171 $@24: ε

  172 layer_option: K_MINIMUMCUT int_number K_WIDTH int_number $@24 layer_minimumcut_within layer_minimumcut_from layer_minimumcut_length ';'

  173 $@25: ε

  174 layer_option: K_MINSTEP int_number $@25 layer_minstep_options ';'
  175             | K_PROTRUSIONWIDTH int_number K_LENGTH int_number K_WIDTH int_number ';'

  176 $@26: ε

  177 layer_option: K_SPACINGTABLE $@26 sp_options ';'

  178 $@27: ε

  179 layer_option: K_ENCLOSURE layer_enclosure_type_opt int_number int_number $@27 layer_enclosure_width_opt ';'

  180 $@28: ε

  181 layer_option: K_PREFERENCLOSURE layer_enclosure_type_opt int_number int_number $@28 layer_preferenclosure_width_opt ';'
  182             | K_RESISTANCE int_number ';'
  183             | K_DIAGMINEDGELENGTH int_number ';'

  184 $@29: ε

  185 layer_option: K_MINSIZE $@29 firstPt otherPts ';'

  186 layer_arraySpacing_long: ε
  187                        | K_LONGARRAY

  188 layer_arraySpacing_width: ε
  189                         | K_WIDTH int_number

  190 layer_arraySpacing_arraycuts: ε
  191                             | layer_arraySpacing_arraycut layer_arraySpacing_arraycuts

  192 layer_arraySpacing_arraycut: K_ARRAYCUTS int_number K_SPACING int_number

  193 $@30: ε

  194 $@31: ε

  195 $@32: ε

  196 $@33: ε

  197 sp_options: K_PARALLELRUNLENGTH int_number $@30 int_number_list $@31 K_WIDTH int_number $@32 int_number_list $@33 layer_sp_parallel_widths

  198 $@34: ε

  199 $@35: ε

  200 sp_options: K_TWOWIDTHS K_WIDTH int_number layer_sp_TwoWidthsPRL int_number $@34 int_number_list $@35 layer_sp_TwoWidths

  201 $@36: ε

  202 sp_options: K_INFLUENCE K_WIDTH int_number K_WITHIN int_number K_SPACING int_number $@36 layer_sp_influence_widths

  203 layer_spacingtable_opts: ε
  204                        | layer_spacingtable_opt layer_spacingtable_opts

  205 layer_spacingtable_opt: K_WITHIN int_number K_SPACING int_number

  206 layer_enclosure_type_opt: ε
  207                         | K_ABOVE
  208                         | K_BELOW

  209 layer_enclosure_width_opt: ε

  210 $@37: ε

  211 layer_enclosure_width_opt: K_WIDTH int_number $@37 layer_enclosure_width_except_opt
  212                          | K_LENGTH int_number

  213 layer_enclosure_width_except_opt: ε
  214                                 | K_EXCEPTEXTRACUT int_number

  215 layer_preferenclosure_width_opt: ε
  216                                | K_WIDTH int_number

  217 layer_minimumcut_within: ε
  218                        | K_WITHIN int_number

  219 layer_minimumcut_from: ε
  220                      | K_FROMABOVE
  221                      | K_FROMBELOW

  222 layer_minimumcut_length: ε
  223                        | K_LENGTH int_number K_WITHIN int_number

  224 layer_minstep_options: ε
  225                      | layer_minstep_options layer_minstep_option

  226 layer_minstep_option: layer_minstep_type
  227                     | K_LENGTHSUM int_number
  228                     | K_MAXEDGES int_number

  229 layer_minstep_type: K_INSIDECORNER
  230                   | K_OUTSIDECORNER
  231                   | K_STEP

  232 layer_antenna_pwl: int_number

  233 $@38: ε

  234 layer_antenna_pwl: K_PWL '(' pt pt $@38 layer_diffusion_ratios ')'

  235 layer_diffusion_ratios: ε
  236                       | layer_diffusion_ratios layer_diffusion_ratio

  237 layer_diffusion_ratio: pt

  238 layer_antenna_duo: ε
  239                  | K_DIFFUSEONLY

  240 layer_table_type: K_PEAK
  241                 | K_AVERAGE
  242                 | K_RMS

  243 $@39: ε

  244 $@40: ε

  245 $@41: ε

  246 layer_frequency: K_FREQUENCY NUMBER $@39 number_list ';' $@40 ac_layer_table_opt K_TABLEENTRIES NUMBER $@41 number_list ';'

  247 ac_layer_table_opt: ε

  248 $@42: ε

  249 ac_layer_table_opt: K_CUTAREA NUMBER $@42 number_list ';'

  250 $@43: ε

  251 ac_layer_table_opt: K_WIDTH int_number $@43 int_number_list ';'

  252 $@44: ε

  253 dc_layer_table: K_TABLEENTRIES int_number $@44 int_number_list ';'

  254 int_number_list: ε
  255                | int_number_list int_number

  256 number_list: ε
  257            | number_list NUMBER

  258 layer_prop_list: layer_prop
  259                | layer_prop_list layer_prop

  260 layer_prop: T_STRING T_STRING
  261           | T_STRING QSTRING
  262           | T_STRING NUMBER

  263 current_density_pwl_list: current_density_pwl
  264                         | current_density_pwl_list current_density_pwl

  265 current_density_pwl: '(' int_number int_number ')'

  266 cap_points: cap_point
  267           | cap_points cap_point

  268 cap_point: '(' int_number int_number ')'

  269 res_points: res_point
  270           | res_points res_point

  271 res_point: '(' int_number int_number ')'

  272 layer_type: K_ROUTING
  273           | K_CUT
  274           | K_OVERLAP
  275           | K_MASTERSLICE
  276           | K_VIRTUAL
  277           | K_IMPLANT

  278 layer_direction: K_HORIZONTAL
  279                | K_VERTICAL
  280                | K_DIAG45
  281                | K_DIAG135

  282 layer_minen_width: ε
  283                  | K_WIDTH int_number

  284 layer_oxide: K_OXIDE1
  285            | K_OXIDE2
  286            | K_OXIDE3
  287            | K_OXIDE4
  288            | K_OXIDE5
  289            | K_OXIDE6
  290            | K_OXIDE7
  291            | K_OXIDE8
  292            | K_OXIDE9
  293            | K_OXIDE10
  294            | K_OXIDE11
  295            | K_OXIDE12
  296            | K_OXIDE13
  297            | K_OXIDE14
  298            | K_OXIDE15
  299            | K_OXIDE16
  300            | K_OXIDE17
  301            | K_OXIDE18
  302            | K_OXIDE19
  303            | K_OXIDE20
  304            | K_OXIDE21
  305            | K_OXIDE22
  306            | K_OXIDE23
  307            | K_OXIDE24
  308            | K_OXIDE25
  309            | K_OXIDE26
  310            | K_OXIDE27
  311            | K_OXIDE28
  312            | K_OXIDE29
  313            | K_OXIDE30
  314            | K_OXIDE31
  315            | K_OXIDE32

  316 layer_sp_parallel_widths: ε
  317                         | layer_sp_parallel_widths layer_sp_parallel_width

  318 $@45: ε

  319 layer_sp_parallel_width: K_WIDTH int_number $@45 int_number_list

  320 layer_sp_TwoWidths: ε
  321                   | layer_sp_TwoWidth layer_sp_TwoWidths

  322 $@46: ε

  323 layer_sp_TwoWidth: K_WIDTH int_number layer_sp_TwoWidthsPRL int_number $@46 int_number_list

  324 layer_sp_TwoWidthsPRL: ε
  325                      | K_PRL int_number

  326 layer_sp_influence_widths: ε
  327                          | layer_sp_influence_widths layer_sp_influence_width

  328 layer_sp_influence_width: K_WIDTH int_number K_WITHIN int_number K_SPACING int_number

  329 maxstack_via: K_MAXVIASTACK int_number ';'

  330 $@47: ε

  331 maxstack_via: K_MAXVIASTACK int_number K_RANGE $@47 T_STRING T_STRING ';'

  332 $@48: ε

  333 via: start_via $@48 via_option end_via

  334 via_keyword: K_VIA

  335 start_via: via_keyword T_STRING
  336          | via_keyword T_STRING K_DEFAULT
  337          | via_keyword T_STRING K_GENERATED

  338 $@49: ε

  339 $@50: ε

  340 $@51: ε

  341 via_viarule: K_VIARULE $@49 T_STRING ';' K_CUTSIZE int_number int_number ';' K_LAYERS $@50 T_STRING T_STRING T_STRING ';' K_CUTSPACING int_number int_number ';' K_ENCLOSURE int_number int_number int_number int_number ';' $@51 via_viarule_options

  342 via_viarule_options: ε
  343                    | via_viarule_options via_viarule_option

  344 via_viarule_option: K_ROWCOL int_number int_number ';'
  345                   | K_ORIGIN int_number int_number ';'
  346                   | K_OFFSET int_number int_number int_number int_number ';'

  347 $@52: ε

  348 via_viarule_option: K_PATTERN $@52 T_STRING ';'

  349 via_option: via_viarule
  350           | via_other_options

  351 via_other_options: via_other_option via_more_options

  352 via_more_options: ε
  353                 | via_more_options via_other_option

  354 via_other_option: via_foreign
  355                 | via_layer_rule
  356                 | K_RESISTANCE int_number ';'

  357 $@53: ε

  358 via_other_option: K_PROPERTY $@53 via_prop_list ';'
  359                 | K_TOPOFSTACKONLY

  360 via_prop_list: via_name_value_pair
  361              | via_prop_list via_name_value_pair

  362 via_name_value_pair: T_STRING NUMBER
  363                    | T_STRING QSTRING
  364                    | T_STRING T_STRING

  365 via_foreign: start_foreign ';'
  366            | start_foreign pt ';'
  367            | start_foreign pt orientation ';'
  368            | start_foreign orientation ';'

  369 $@54: ε

  370 start_foreign: K_FOREIGN $@54 T_STRING

  371 orientation: K_N
  372            | K_W
  373            | K_S
  374            | K_E
  375            | K_FN
  376            | K_FW
  377            | K_FS
  378            | K_FE
  379            | K_R0
  380            | K_R90
  381            | K_R180
  382            | K_R270
  383            | K_MY
  384            | K_MYR90
  385            | K_MX
  386            | K_MXR90

  387 via_layer_rule: via_layer via_geometries

  388 $@55: ε

  389 via_layer: K_LAYER $@55 T_STRING ';'

  390 via_geometries: ε
  391               | via_geometries via_geometry

  392 via_geometry: K_RECT maskColor pt pt ';'

  393 $@56: ε

  394 via_geometry: K_POLYGON maskColor $@56 firstPt nextPt nextPt otherPts ';'

  395 $@57: ε

  396 end_via: K_END $@57 T_STRING

  397 $@58: ε

  398 viarule_keyword: K_VIARULE $@58 T_STRING

  399 viarule: viarule_keyword viarule_layer_list via_names opt_viarule_props end_viarule

  400 $@59: ε

  401 viarule_generate: viarule_keyword K_GENERATE viarule_generate_default $@59 viarule_layer_list opt_viarule_props end_viarule

  402 viarule_generate_default: ε
  403                         | K_DEFAULT

  404 viarule_layer_list: viarule_layer
  405                   | viarule_layer_list viarule_layer

  406 opt_viarule_props: ε
  407                  | viarule_props

  408 viarule_props: viarule_prop
  409              | viarule_props viarule_prop

  410 $@60: ε

  411 viarule_prop: K_PROPERTY $@60 viarule_prop_list ';'

  412 viarule_prop_list: viarule_prop
  413                  | viarule_prop_list viarule_prop

  414 viarule_prop: T_STRING T_STRING
  415             | T_STRING QSTRING
  416             | T_STRING NUMBER

  417 viarule_layer: viarule_layer_name viarule_layer_options

  418 via_names: ε
  419          | via_names via_name

  420 via_name: via_keyword T_STRING ';'

  421 $@61: ε

  422 viarule_layer_name: K_LAYER $@61 T_STRING ';'

  423 viarule_layer_options: ε
  424                      | viarule_layer_options viarule_layer_option

  425 viarule_layer_option: K_DIRECTION K_HORIZONTAL ';'
  426                     | K_DIRECTION K_VERTICAL ';'
  427                     | K_ENCLOSURE int_number int_number ';'
  428                     | K_WIDTH int_number K_TO int_number ';'
  429                     | K_RECT pt pt ';'
  430                     | K_SPACING int_number K_BY int_number ';'
  431                     | K_RESISTANCE int_number ';'
  432                     | K_OVERHANG int_number ';'
  433                     | K_METALOVERHANG int_number ';'

  434 $@62: ε

  435 end_viarule: K_END $@62 T_STRING

  436 spacing_rule: start_spacing spacings end_spacing

  437 start_spacing: K_SPACING

  438 end_spacing: K_END K_SPACING

  439 spacings: ε
  440         | spacings spacing

  441 spacing: samenet_keyword T_STRING T_STRING int_number ';'
  442        | samenet_keyword T_STRING T_STRING int_number K_STACK ';'

  443 samenet_keyword: K_SAMENET

  444 maskColor: ε
  445          | K_MASK int_number

  446 irdrop: start_irdrop ir_tables end_irdrop

  447 start_irdrop: K_IRDROP

  448 end_irdrop: K_END K_IRDROP

  449 ir_tables: ε
  450          | ir_tables ir_table

  451 ir_table: ir_tablename ir_table_values ';'

  452 ir_table_values: ε
  453                | ir_table_values ir_table_value

  454 ir_table_value: int_number int_number

  455 ir_tablename: K_TABLE T_STRING

  456 minfeature: K_MINFEATURE int_number int_number ';'

  457 dielectric: K_DIELECTRIC int_number ';'

  458 $@63: ε

  459 $@64: ε

  460 $@65: ε

  461 nondefault_rule: K_NONDEFAULTRULE $@63 T_STRING $@64 nd_hardspacing nd_rules $@65 end_nd_rule

  462 end_nd_rule: K_END
  463            | K_END T_STRING

  464 nd_hardspacing: ε
  465               | K_HARDSPACING ';'

  466 nd_rules: ε
  467         | nd_rules nd_rule

  468 nd_rule: nd_layer
  469        | via
  470        | spacing_rule
  471        | nd_prop
  472        | usevia
  473        | useviarule
  474        | mincuts

  475 usevia: K_USEVIA T_STRING ';'

  476 useviarule: K_USEVIARULE T_STRING ';'

  477 mincuts: K_MINCUTS T_STRING int_number ';'

  478 $@66: ε

  479 nd_prop: K_PROPERTY $@66 nd_prop_list ';'

  480 nd_prop_list: nd_prop
  481             | nd_prop_list nd_prop

  482 nd_prop: T_STRING T_STRING
  483        | T_STRING QSTRING
  484        | T_STRING NUMBER

  485 $@67: ε

  486 $@68: ε

  487 $@69: ε

  488 $@70: ε

  489 nd_layer: K_LAYER $@67 T_STRING $@68 K_WIDTH int_number ';' $@69 nd_layer_stmts K_END $@70 T_STRING

  490 nd_layer_stmts: ε
  491               | nd_layer_stmts nd_layer_stmt

  492 nd_layer_stmt: K_SPACING int_number ';'
  493              | K_WIREEXTENSION int_number ';'
  494              | K_RESISTANCE K_RPERSQ int_number ';'
  495              | K_CAPACITANCE K_CPERSQDIST int_number ';'
  496              | K_EDGECAPACITANCE int_number ';'
  497              | K_DIAGWIDTH int_number ';'

  498 site: start_site site_options end_site

  499 $@71: ε

  500 start_site: K_SITE $@71 T_STRING

  501 $@72: ε

  502 end_site: K_END $@72 T_STRING

  503 site_options: ε
  504             | site_options site_option

  505 site_option: K_SIZE int_number K_BY int_number ';'
  506            | site_symmetry_statement
  507            | site_class
  508            | site_rowpattern_statement

  509 site_class: K_CLASS K_PAD ';'
  510           | K_CLASS K_CORE ';'
  511           | K_CLASS K_VIRTUAL ';'

  512 site_symmetry_statement: K_SYMMETRY site_symmetries ';'

  513 site_symmetries: ε
  514                | site_symmetries site_symmetry

  515 site_symmetry: K_X
  516              | K_Y
  517              | K_R90

  518 $@73: ε

  519 site_rowpattern_statement: K_ROWPATTERN $@73 site_rowpatterns ';'

  520 site_rowpatterns: ε
  521                 | site_rowpatterns site_rowpattern

  522 $@74: ε

  523 site_rowpattern: T_STRING orientation $@74

  524 pt: int_number int_number
  525   | '(' int_number int_number ')'

  526 $@75: ε

  527 macro: start_macro macro_options $@75 end_macro

  528 $@76: ε

  529 start_macro: K_MACRO $@76 T_STRING

  530 $@77: ε

  531 end_macro: K_END $@77 T_STRING

  532 macro_options: ε
  533              | macro_options macro_option

  534 macro_option: macro_class
  535             | macro_generator
  536             | macro_generate
  537             | macro_source
  538             | macro_symmetry_statement
  539             | macro_fixedMask
  540             | macro_origin
  541             | macro_power
  542             | macro_foreign
  543             | macro_eeq
  544             | macro_leq
  545             | macro_size
  546             | macro_site
  547             | macro_pin
  548             | K_FUNCTION K_BUFFER ';'
  549             | K_FUNCTION K_INVERTER ';'
  550             | macro_obs
  551             | macro_density
  552             | macro_clocktype
  553             | timing

  554 $@78: ε

  555 macro_option: K_PROPERTY $@78 macro_prop_list ';'

  556 macro_prop_list: macro_name_value_pair
  557                | macro_prop_list macro_name_value_pair

  558 macro_symmetry_statement: K_SYMMETRY macro_symmetries ';'

  559 macro_symmetries: ε
  560                 | macro_symmetries macro_symmetry

  561 macro_symmetry: K_X
  562               | K_Y
  563               | K_R90

  564 macro_name_value_pair: T_STRING NUMBER
  565                      | T_STRING QSTRING
  566                      | T_STRING T_STRING

  567 macro_class: K_CLASS class_type ';'

  568 class_type: K_COVER
  569           | K_COVER K_BUMP
  570           | K_RING
  571           | K_BLOCK
  572           | K_BLOCK K_BLACKBOX
  573           | K_BLOCK K_SOFT
  574           | K_NONE
  575           | K_BUMP
  576           | K_PAD
  577           | K_VIRTUAL
  578           | K_PAD pad_type
  579           | K_CORE
  580           | K_CORNER
  581           | K_CORE core_type
  582           | K_ENDCAP endcap_type

  583 pad_type: K_INPUT
  584         | K_OUTPUT
  585         | K_INOUT
  586         | K_POWER
  587         | K_SPACER
  588         | K_AREAIO

  589 core_type: K_FEEDTHRU
  590          | K_TIEHIGH
  591          | K_TIELOW
  592          | K_SPACER
  593          | K_ANTENNACELL
  594          | K_WELLTAP

  595 endcap_type: K_PRE
  596            | K_POST
  597            | K_TOPLEFT
  598            | K_TOPRIGHT
  599            | K_BOTTOMLEFT
  600            | K_BOTTOMRIGHT

  601 macro_generator: K_GENERATOR T_STRING ';'

  602 macro_generate: K_GENERATE T_STRING T_STRING ';'

  603 macro_source: K_SOURCE K_USER ';'
  604             | K_SOURCE K_GENERATE ';'
  605             | K_SOURCE K_BLOCK ';'

  606 macro_power: K_POWER int_number ';'

  607 macro_origin: K_ORIGIN pt ';'

  608 macro_foreign: start_foreign ';'
  609              | start_foreign pt ';'
  610              | start_foreign pt orientation ';'
  611              | start_foreign orientation ';'

  612 macro_fixedMask: K_FIXEDMASK ';'

  613 $@79: ε

  614 macro_eeq: K_EEQ $@79 T_STRING ';'

  615 $@80: ε

  616 macro_leq: K_LEQ $@80 T_STRING ';'

  617 macro_site: macro_site_word T_STRING ';'
  618           | macro_site_word sitePattern ';'

  619 macro_site_word: K_SITE

  620 site_word: K_SITE

  621 macro_size: K_SIZE int_number K_BY int_number ';'

  622 macro_pin: start_macro_pin macro_pin_options end_macro_pin

  623 $@81: ε

  624 start_macro_pin: K_PIN $@81 T_STRING

  625 $@82: ε

  626 end_macro_pin: K_END $@82 T_STRING

  627 macro_pin_options: ε
  628                  | macro_pin_options macro_pin_option

  629 macro_pin_option: start_foreign ';'
  630                 | start_foreign pt ';'
  631                 | start_foreign pt orientation ';'
  632                 | start_foreign K_STRUCTURE ';'
  633                 | start_foreign K_STRUCTURE pt ';'
  634                 | start_foreign K_STRUCTURE pt orientation ';'

  635 $@83: ε

  636 macro_pin_option: K_LEQ $@83 T_STRING ';'
  637                 | K_POWER int_number ';'
  638                 | electrical_direction
  639                 | K_USE macro_pin_use ';'
  640                 | K_SCANUSE macro_scan_use ';'
  641                 | K_LEAKAGE int_number ';'
  642                 | K_RISETHRESH int_number ';'
  643                 | K_FALLTHRESH int_number ';'
  644                 | K_RISESATCUR int_number ';'
  645                 | K_FALLSATCUR int_number ';'
  646                 | K_VLO int_number ';'
  647                 | K_VHI int_number ';'
  648                 | K_TIEOFFR int_number ';'
  649                 | K_SHAPE pin_shape ';'

  650 $@84: ε

  651 macro_pin_option: K_MUSTJOIN $@84 T_STRING ';'

  652 $@85: ε

  653 macro_pin_option: K_OUTPUTNOISEMARGIN $@85 int_number int_number ';'

  654 $@86: ε

  655 macro_pin_option: K_OUTPUTRESISTANCE $@86 int_number int_number ';'

  656 $@87: ε

  657 macro_pin_option: K_INPUTNOISEMARGIN $@87 int_number int_number ';'
  658                 | K_CAPACITANCE int_number ';'
  659                 | K_MAXDELAY int_number ';'
  660                 | K_MAXLOAD int_number ';'
  661                 | K_RESISTANCE int_number ';'
  662                 | K_PULLDOWNRES int_number ';'
  663                 | K_CURRENTSOURCE K_ACTIVE ';'
  664                 | K_CURRENTSOURCE K_RESISTIVE ';'
  665                 | K_RISEVOLTAGETHRESHOLD int_number ';'
  666                 | K_FALLVOLTAGETHRESHOLD int_number ';'
  667                 | K_IV_TABLES T_STRING T_STRING ';'
  668                 | K_TAPERRULE T_STRING ';'

  669 $@88: ε

  670 macro_pin_option: K_PROPERTY $@88 pin_prop_list ';'
  671                 | start_macro_port macro_port_class_option geometries K_END
  672                 | start_macro_port K_END
  673                 | K_ANTENNASIZE int_number opt_layer_name ';'
  674                 | K_ANTENNAMETALAREA NUMBER opt_layer_name ';'
  675                 | K_ANTENNAMETALLENGTH int_number opt_layer_name ';'
  676                 | K_RISESLEWLIMIT int_number ';'
  677                 | K_FALLSLEWLIMIT int_number ';'
  678                 | K_ANTENNAPARTIALMETALAREA NUMBER opt_layer_name ';'
  679                 | K_ANTENNAPARTIALMETALSIDEAREA NUMBER opt_layer_name ';'
  680                 | K_ANTENNAPARTIALCUTAREA NUMBER opt_layer_name ';'
  681                 | K_ANTENNADIFFAREA NUMBER opt_layer_name ';'
  682                 | K_ANTENNAGATEAREA NUMBER opt_layer_name ';'
  683                 | K_ANTENNAMAXAREACAR NUMBER req_layer_name ';'
  684                 | K_ANTENNAMAXSIDEAREACAR NUMBER req_layer_name ';'
  685                 | K_ANTENNAMAXCUTCAR NUMBER req_layer_name ';'

  686 $@89: ε

  687 macro_pin_option: K_ANTENNAMODEL $@89 pin_layer_oxide ';'

  688 $@90: ε

  689 macro_pin_option: K_NETEXPR $@90 QSTRING ';'

  690 $@91: ε

  691 macro_pin_option: K_SUPPLYSENSITIVITY $@91 T_STRING ';'

  692 $@92: ε

  693 macro_pin_option: K_GROUNDSENSITIVITY $@92 T_STRING ';'

  694 pin_layer_oxide: K_OXIDE1
  695                | K_OXIDE2
  696                | K_OXIDE3
  697                | K_OXIDE4
  698                | K_OXIDE5
  699                | K_OXIDE6
  700                | K_OXIDE7
  701                | K_OXIDE8
  702                | K_OXIDE9
  703                | K_OXIDE10
  704                | K_OXIDE11
  705                | K_OXIDE12
  706                | K_OXIDE13
  707                | K_OXIDE14
  708                | K_OXIDE15
  709                | K_OXIDE16
  710                | K_OXIDE17
  711                | K_OXIDE18
  712                | K_OXIDE19
  713                | K_OXIDE20
  714                | K_OXIDE21
  715                | K_OXIDE22
  716                | K_OXIDE23
  717                | K_OXIDE24
  718                | K_OXIDE25
  719                | K_OXIDE26
  720                | K_OXIDE27
  721                | K_OXIDE28
  722                | K_OXIDE29
  723                | K_OXIDE30
  724                | K_OXIDE31
  725                | K_OXIDE32

  726 pin_prop_list: pin_name_value_pair
  727              | pin_prop_list pin_name_value_pair

  728 pin_name_value_pair: T_STRING NUMBER
  729                    | T_STRING QSTRING
  730                    | T_STRING T_STRING

  731 electrical_direction: K_DIRECTION K_INPUT ';'
  732                     | K_DIRECTION K_OUTPUT ';'
  733                     | K_DIRECTION K_OUTPUT K_TRISTATE ';'
  734                     | K_DIRECTION K_INOUT ';'
  735                     | K_DIRECTION K_FEEDTHRU ';'

  736 start_macro_port: K_PORT

  737 macro_port_class_option: ε
  738                        | K_CLASS class_type ';'

  739 macro_pin_use: K_SIGNAL
  740              | K_ANALOG
  741              | K_POWER
  742              | K_GROUND
  743              | K_CLOCK
  744              | K_DATA

  745 macro_scan_use: K_INPUT
  746               | K_OUTPUT
  747               | K_START
  748               | K_STOP

  749 pin_shape: ε
  750          | K_ABUTMENT
  751          | K_RING
  752          | K_FEEDTHRU

  753 geometries: geometry geometry_options

  754 $@93: ε

  755 $@94: ε

  756 geometry: K_LAYER $@93 T_STRING $@94 layer_exceptpgnet layer_spacing ';'
  757         | K_WIDTH int_number ';'
  758         | K_PATH maskColor firstPt otherPts ';'
  759         | K_PATH maskColor K_ITERATE firstPt otherPts stepPattern ';'
  760         | K_RECT maskColor pt pt ';'
  761         | K_RECT maskColor K_ITERATE pt pt stepPattern ';'
  762         | K_POLYGON maskColor firstPt nextPt nextPt otherPts ';'
  763         | K_POLYGON maskColor K_ITERATE firstPt nextPt nextPt otherPts stepPattern ';'
  764         | via_placement

  765 geometry_options: ε
  766                 | geometry_options geometry

  767 layer_exceptpgnet: ε
  768                  | K_EXCEPTPGNET

  769 layer_spacing: ε
  770              | K_SPACING int_number
  771              | K_DESIGNRULEWIDTH int_number

  772 firstPt: pt

  773 nextPt: pt

  774 otherPts: ε
  775         | otherPts nextPt

  776 $@95: ε

  777 via_placement: K_VIA maskColor pt $@95 T_STRING ';'

  778 $@96: ε

  779 via_placement: K_VIA K_ITERATE maskColor pt $@96 T_STRING stepPattern ';'

  780 stepPattern: K_DO int_number K_BY int_number K_STEP int_number int_number

  781 sitePattern: T_STRING int_number int_number orientation K_DO int_number K_BY int_number K_STEP int_number int_number
  782            | T_STRING int_number int_number orientation

  783 $@97: ε

  784 $@98: ε

  785 trackPattern: K_X int_number K_DO int_number K_STEP int_number $@97 K_LAYER $@98 trackLayers

  786 $@99: ε

  787 $@100: ε

  788 trackPattern: K_Y int_number K_DO int_number K_STEP int_number $@99 K_LAYER $@100 trackLayers
  789             | K_X int_number K_DO int_number K_STEP int_number
  790             | K_Y int_number K_DO int_number K_STEP int_number

  791 trackLayers: ε
  792            | trackLayers layer_name

  793 layer_name: T_STRING

  794 gcellPattern: K_X int_number K_DO int_number K_STEP int_number
  795             | K_Y int_number K_DO int_number K_STEP int_number

  796 macro_obs: start_macro_obs geometries K_END
  797          | start_macro_obs K_END

  798 start_macro_obs: K_OBS

  799 macro_density: K_DENSITY density_layer density_layers K_END

  800 density_layers: ε
  801               | density_layers density_layer

  802 $@101: ε

  803 $@102: ε

  804 density_layer: K_LAYER $@101 T_STRING ';' $@102 density_layer_rect density_layer_rects

  805 density_layer_rects: ε
  806                    | density_layer_rects density_layer_rect

  807 density_layer_rect: K_RECT pt pt int_number ';'

  808 $@103: ε

  809 macro_clocktype: K_CLOCKTYPE $@103 T_STRING ';'

  810 timing: start_timing timing_options end_timing

  811 start_timing: K_TIMING

  812 end_timing: K_END K_TIMING

  813 timing_options: ε
  814               | timing_options timing_option

  815 $@104: ε

  816 timing_option: K_FROMPIN $@104 list_of_from_strings ';'

  817 $@105: ε

  818 timing_option: K_TOPIN $@105 list_of_to_strings ';'

  819 $@106: ε

  820 timing_option: risefall K_INTRINSIC int_number int_number $@106 slew_spec K_VARIABLE int_number int_number ';'
  821              | risefall delay_or_transition K_UNATENESS unateness K_TABLEDIMENSION int_number int_number int_number ';'
  822              | K_TABLEAXIS list_of_table_axis_dnumbers ';'
  823              | K_TABLEENTRIES list_of_table_entries ';'
  824              | K_RISERS int_number int_number ';'
  825              | K_FALLRS int_number int_number ';'
  826              | K_RISECS int_number int_number ';'
  827              | K_FALLCS int_number int_number ';'
  828              | K_RISESATT1 int_number int_number ';'
  829              | K_FALLSATT1 int_number int_number ';'
  830              | K_RISET0 int_number int_number ';'
  831              | K_FALLT0 int_number int_number ';'
  832              | K_UNATENESS unateness ';'
  833              | K_STABLE K_SETUP int_number K_HOLD int_number risefall ';'
  834              | two_pin_trigger from_pin_trigger to_pin_trigger K_TABLEDIMENSION int_number int_number int_number ';'
  835              | one_pin_trigger K_TABLEDIMENSION int_number int_number int_number ';'
  836              | K_SDFCONDSTART QSTRING ';'
  837              | K_SDFCONDEND QSTRING ';'
  838              | K_SDFCOND QSTRING ';'
  839              | K_EXTENSION ';'

  840 one_pin_trigger: K_MPWH
  841                | K_MPWL
  842                | K_PERIOD

  843 two_pin_trigger: K_SETUP
  844                | K_HOLD
  845                | K_RECOVERY
  846                | K_SKEW

  847 from_pin_trigger: K_ANYEDGE
  848                 | K_POSEDGE
  849                 | K_NEGEDGE

  850 to_pin_trigger: K_ANYEDGE
  851               | K_POSEDGE
  852               | K_NEGEDGE

  853 delay_or_transition: K_DELAY
  854                    | K_TRANSITIONTIME

  855 list_of_table_entries: table_entry
  856                      | list_of_table_entries table_entry

  857 table_entry: '(' int_number int_number int_number ')'

  858 list_of_table_axis_dnumbers: int_number
  859                            | list_of_table_axis_dnumbers int_number

  860 slew_spec: ε
  861          | int_number int_number int_number int_number
  862          | int_number int_number int_number int_number int_number int_number int_number

  863 risefall: K_RISE
  864         | K_FALL

  865 unateness: K_INVERT
  866          | K_NONINVERT
  867          | K_NONUNATE

  868 list_of_from_strings: T_STRING
  869                     | list_of_from_strings T_STRING

  870 list_of_to_strings: T_STRING
  871                   | list_of_to_strings T_STRING

  872 $@107: ε

  873 array: start_array array_rules $@107 end_array

  874 $@108: ε

  875 start_array: K_ARRAY $@108 T_STRING

  876 $@109: ε

  877 end_array: K_END $@109 T_STRING

  878 array_rules: ε
  879            | array_rules array_rule

  880 $@110: ε

  881 array_rule: site_word $@110 sitePattern ';'

  882 $@111: ε

  883 array_rule: K_CANPLACE $@111 sitePattern ';'

  884 $@112: ε

  885 array_rule: K_CANNOTOCCUPY $@112 sitePattern ';'

  886 $@113: ε

  887 array_rule: K_TRACKS $@113 trackPattern ';'
  888           | floorplan_start floorplan_list K_END T_STRING

  889 $@114: ε

  890 array_rule: K_GCELLGRID $@114 gcellPattern ';'
  891           | K_DEFAULTCAP int_number cap_list K_END K_DEFAULTCAP
  892           | def_statement

  893 floorplan_start: K_FLOORPLAN T_STRING

  894 floorplan_list: ε
  895               | floorplan_list floorplan_element

  896 $@115: ε

  897 floorplan_element: K_CANPLACE $@115 sitePattern ';'

  898 $@116: ε

  899 floorplan_element: K_CANNOTOCCUPY $@116 sitePattern ';'

  900 cap_list: ε
  901         | cap_list one_cap

  902 one_cap: K_MINPINS int_number K_WIRECAP int_number ';'

  903 $@117: ε

  904 msg_statement: K_MESSAGE $@117 T_STRING '=' s_expr dtrm

  905 $@118: ε

  906 create_file_statement: K_CREATEFILE $@118 T_STRING '=' s_expr dtrm

  907 $@119: ε

  908 def_statement: K_DEFINE $@119 T_STRING '=' expression dtrm

  909 $@120: ε

  910 def_statement: K_DEFINES $@120 T_STRING '=' s_expr dtrm

  911 $@121: ε

  912 def_statement: K_DEFINEB $@121 T_STRING '=' b_expr dtrm

  913 dtrm: ε
  914     | ';'
  915     | '\n'

  916 then: K_THEN
  917     | '\n' K_THEN

  918 else: K_ELSE
  919     | '\n' K_ELSE

  920 expression: expression '+' expression
  921           | expression '-' expression
  922           | expression '*' expression
  923           | expression '/' expression
  924           | '-' expression
  925           | '(' expression ')'
  926           | K_IF b_expr then expression else expression
  927           | int_number

  928 b_expr: expression relop expression
  929       | expression K_AND expression
  930       | expression K_OR expression
  931       | s_expr relop s_expr
  932       | s_expr K_AND s_expr
  933       | s_expr K_OR s_expr
  934       | b_expr K_EQ b_expr
  935       | b_expr K_NE b_expr
  936       | b_expr K_AND b_expr
  937       | b_expr K_OR b_expr
  938       | K_NOT b_expr
  939       | '(' b_expr ')'
  940       | K_IF b_expr then b_expr else b_expr
  941       | K_TRUE
  942       | K_FALSE

  943 s_expr: s_expr '+' s_expr
  944       | '(' s_expr ')'
  945       | K_IF b_expr then s_expr else s_expr
  946       | QSTRING

  947 relop: K_LE
  948      | K_LT
  949      | K_GE
  950      | K_GT
  951      | K_EQ
  952      | K_NE
  953      | '='
  954      | '<'
  955      | '>'

  956 $@122: ε

  957 prop_def_section: K_PROPDEF $@122 prop_stmts K_END K_PROPDEF

  958 prop_stmts: ε
  959           | prop_stmts prop_stmt

  960 $@123: ε

  961 prop_stmt: K_LIBRARY $@123 T_STRING prop_define ';'

  962 $@124: ε

  963 prop_stmt: K_COMPONENTPIN $@124 T_STRING prop_define ';'

  964 $@125: ε

  965 prop_stmt: K_PIN $@125 T_STRING prop_define ';'

  966 $@126: ε

  967 prop_stmt: K_MACRO $@126 T_STRING prop_define ';'

  968 $@127: ε

  969 prop_stmt: K_VIA $@127 T_STRING prop_define ';'

  970 $@128: ε

  971 prop_stmt: K_VIARULE $@128 T_STRING prop_define ';'

  972 $@129: ε

  973 prop_stmt: K_LAYER $@129 T_STRING prop_define ';'

  974 $@130: ε

  975 prop_stmt: K_NONDEFAULTRULE $@130 T_STRING prop_define ';'

  976 prop_define: K_INTEGER opt_def_range opt_def_dvalue
  977            | K_REAL opt_def_range opt_def_value
  978            | K_STRING
  979            | K_STRING QSTRING
  980            | K_NAMEMAPSTRING T_STRING

  981 opt_range_second: ε
  982                 | K_USELENGTHTHRESHOLD
  983                 | K_INFLUENCE int_number
  984                 | K_INFLUENCE int_number K_RANGE int_number int_number
  985                 | K_RANGE int_number int_number

  986 opt_endofline: ε

  987 $@131: ε

  988 opt_endofline: K_PARALLELEDGE int_number K_WITHIN int_number $@131 opt_endofline_twoedges

  989 opt_endofline_twoedges: ε
  990                       | K_TWOEDGES

  991 opt_samenetPGonly: ε
  992                  | K_PGONLY

  993 opt_def_range: ε
  994              | K_RANGE int_number int_number

  995 opt_def_value: ε
  996              | NUMBER

  997 opt_def_dvalue: ε
  998               | int_number

  999 layer_spacing_opts: ε
  1000                   | layer_spacing_opt layer_spacing_opts

  1001 layer_spacing_opt: K_CENTERTOCENTER

  1002 $@132: ε

  1003 layer_spacing_opt: K_SAMENET $@132 opt_samenetPGonly
  1004                  | K_PARALLELOVERLAP

  1005 layer_spacing_cut_routing: ε

  1006 $@133: ε

  1007 $@134: ε

  1008 layer_spacing_cut_routing: K_LAYER $@133 T_STRING $@134 spacing_cut_layer_opt

  1009 $@135: ε

  1010 layer_spacing_cut_routing: K_ADJACENTCUTS int_number K_WITHIN int_number $@135 opt_adjacentcuts_exceptsame
  1011                          | K_AREA NUMBER

  1012 $@136: ε

  1013 layer_spacing_cut_routing: K_RANGE int_number int_number $@136 opt_range_second
  1014                          | K_LENGTHTHRESHOLD int_number
  1015                          | K_LENGTHTHRESHOLD int_number K_RANGE int_number int_number

  1016 $@137: ε

  1017 layer_spacing_cut_routing: K_ENDOFLINE int_number K_WITHIN int_number $@137 opt_endofline
  1018                          | K_NOTCHLENGTH int_number
  1019                          | K_ENDOFNOTCHWIDTH int_number K_NOTCHSPACING int_number K_NOTCHLENGTH int_number

  1020 spacing_cut_layer_opt: ε
  1021                      | K_STACK

  1022 opt_adjacentcuts_exceptsame: ε
  1023                            | K_EXCEPTSAMEPGNET

  1024 opt_layer_name: ε

  1025 $@138: ε

  1026 opt_layer_name: K_LAYER $@138 T_STRING

  1027 $@139: ε

  1028 req_layer_name: K_LAYER $@139 T_STRING

  1029 universalnoisemargin: K_UNIVERSALNOISEMARGIN int_number int_number ';'

  1030 edgeratethreshold1: K_EDGERATETHRESHOLD1 int_number ';'

  1031 edgeratethreshold2: K_EDGERATETHRESHOLD2 int_number ';'

  1032 edgeratescalefactor: K_EDGERATESCALEFACTOR int_number ';'

  1033 $@140: ε

  1034 noisetable: K_NOISETABLE int_number $@140 ';' noise_table_list end_noisetable dtrm

  1035 end_noisetable: K_END K_NOISETABLE

  1036 noise_table_list: noise_table_entry
  1037                 | noise_table_list noise_table_entry

  1038 noise_table_entry: K_EDGERATE int_number ';'
  1039                  | output_resistance_entry

  1040 $@141: ε

  1041 output_resistance_entry: K_OUTPUTRESISTANCE $@141 num_list ';' victim_list

  1042 num_list: int_number
  1043         | num_list int_number

  1044 victim_list: victim
  1045            | victim_list victim

  1046 $@142: ε

  1047 victim: K_VICTIMLENGTH int_number ';' $@142 K_VICTIMNOISE vnoiselist ';'

  1048 vnoiselist: int_number
  1049           | vnoiselist int_number

  1050 $@143: ε

  1051 correctiontable: K_CORRECTIONTABLE int_number ';' $@143 correction_table_list end_correctiontable dtrm

  1052 end_correctiontable: K_END K_CORRECTIONTABLE

  1053 correction_table_list: correction_table_item
  1054                      | correction_table_list correction_table_item

  1055 correction_table_item: K_EDGERATE int_number ';'
  1056                      | output_list

  1057 $@144: ε

  1058 output_list: K_OUTPUTRESISTANCE $@144 numo_list ';' corr_victim_list

  1059 numo_list: int_number
  1060          | numo_list int_number

  1061 corr_victim_list: corr_victim
  1062                 | corr_victim_list corr_victim

  1063 $@145: ε

  1064 corr_victim: K_VICTIMLENGTH int_number ';' $@145 K_CORRECTIONFACTOR corr_list ';'

  1065 corr_list: int_number
  1066          | corr_list int_number

  1067 input_antenna: K_INPUTPINANTENNASIZE int_number ';'

  1068 output_antenna: K_OUTPUTPINANTENNASIZE int_number ';'

  1069 inout_antenna: K_INOUTPINANTENNASIZE int_number ';'

  1070 antenna_input: K_ANTENNAINPUTGATEAREA NUMBER ';'

  1071 antenna_inout: K_ANTENNAINOUTDIFFAREA NUMBER ';'

  1072 antenna_output: K_ANTENNAOUTPUTDIFFAREA NUMBER ';'

  1073 extension_opt: ε
  1074              | extension_opt extension

  1075 extension: K_BEGINEXT


终结语词，附有它们出现处的规则

    $end (0) 0
    '\n' (10) 915 917 919
    '(' (40) 105 107 116 117 153 234 265 268 271 525 857 925 939 944
    ')' (41) 105 107 116 117 153 234 265 268 271 525 857 925 939 944
    '*' (42) 922
    '+' (43) 920 943
    '-' (45) 921 924
    '/' (47) 923
    ';' (59) 3 5 6 51 52 53 54 55 56 57 58 69 70 71 72 73 74 75 76 86 87 88 89 90 91 92 93 94 95 96 97 98 100 102 103 104 105 106 107 108 109 110 111 112 113 114 115 116 117 119 122 123 126 129 130 132 133 135 137 138 140 141 143 145 147 148 149 150 153 154 155 156 157 158 159 160 161 162 163 164 165 166 167 168 170 172 174 175 177 179 181 182 183 185 246 249 251 253 329 331 341 344 345 346 348 356 358 365 366 367 368 389 392 394 411 420 422 425 426 427 428 429 430 431 432 433 441 442 451 456 457 465 475 476 477 479 489 492 493 494 495 496 497 505 509 510 511 512 519 548 549 555 558 567 601 602 603 604 605 606 607 608 609 610 611 612 614 616 617 618 621 629 630 631 632 633 634 636 637 639 640 641 642 643 644 645 646 647 648 649 651 653 655 657 658 659 660 661 662 663 664 665 666 667 668 670 673 674 675 676 677 678 679 680 681 682 683 684 685 687 689 691 693 731 732 733 734 735 738 756 757 758 759 760 761 762 763 777 779 804 807 809 816 818 820 821 822 823 824 825 826 827 828 829 830 831 832 833 834 835 836 837 838 839 881 883 885 887 890 897 899 902 914 961 963 965 967 969 971 973 975 1029 1030 1031 1032 1034 1038 1041 1047 1051 1055 1058 1064 1067 1068 1069 1070 1071 1072
    '<' (60) 954
    '=' (61) 904 906 908 910 912 953
    '>' (62) 955
    error (256) 9
    K_HISTORY <string> (258)
    K_ABUT (259)
    K_ABUTMENT (260) 750
    K_ACTIVE (261) 663
    K_ANALOG (262) 740
    K_ARRAY (263) 875
    K_AREA (264) 98 1011
    K_BLOCK (265) 571 572 573 605
    K_BOTTOMLEFT (266) 599
    K_BOTTOMRIGHT (267) 600
    K_BY (268) 430 505 621 780 781
    K_CAPACITANCE (269) 70 106 107 495 658
    K_CAPMULTIPLIER (270) 112
    K_CLASS (271) 509 510 511 567 738
    K_CLOCK (272) 743
    K_CLOCKTYPE (273) 809
    K_COLUMNMAJOR (274)
    K_DESIGNRULEWIDTH (275) 771
    K_INFLUENCE (276) 202 983 984
    K_CORE (277) 510 579 581
    K_CORNER (278) 580
    K_COVER (279) 568 569
    K_CPERSQDIST (280) 106 107 495
    K_CURRENT (281) 73
    K_CURRENTSOURCE (282) 663 664
    K_CUT (283) 273
    K_DEFAULT (284) 336 403
    K_DATABASE (285) 75
    K_DATA (286) 744
    K_DIELECTRIC (287) 457
    K_DIRECTION (288) 103 425 426 731 732 733 734 735
    K_DO (289) 780 781 785 788 789 790 794 795
    K_EDGECAPACITANCE (290) 113 496
    K_EEQ (291) 614
    K_END (292) 11 65 81 396 435 438 448 462 463 489 502 531 626 671 672 796 797 799 812 877 888 891 957 1035 1052
    K_ENDCAP (293) 582
    K_FALL (294) 864
    K_FALLCS (295) 827
    K_FALLT0 (296) 831
    K_FALLSATT1 (297) 829
    K_FALLRS (298) 825
    K_FALLSATCUR (299) 645
    K_FALLTHRESH (300) 643
    K_FEEDTHRU (301) 589 735 752
    K_FIXED (302)
    K_FOREIGN (303) 370
    K_FROMPIN (304) 816
    K_GENERATE (305) 401 602 604
    K_GENERATOR (306) 601
    K_GROUND (307) 742
    K_HEIGHT (308) 108
    K_HORIZONTAL (309) 278 425
    K_INOUT (310) 585 734
    K_INPUT (311) 583 731 745
    K_INPUTNOISEMARGIN (312) 657
    K_COMPONENTPIN (313) 963
    K_INTRINSIC (314) 820
    K_INVERT (315) 865
    K_IRDROP (316) 447 448
    K_ITERATE (317) 759 761 763 779
    K_IV_TABLES (318) 667
    K_LAYER (319) 79 389 422 489 756 785 788 804 973 1008 1026 1028
    K_LEAKAGE (320) 641
    K_LEQ (321) 616 636
    K_LIBRARY (322) 11 961
    K_MACRO (323) 529 967
    K_MATCH (324)
    K_MAXDELAY (325) 659
    K_MAXLOAD (326) 660
    K_METALOVERHANG (327) 433
    K_MILLIAMPS (328) 73
    K_MILLIWATTS (329) 72
    K_MINFEATURE (330) 456
    K_MUSTJOIN (331) 651
    K_NAMESCASESENSITIVE (332) 51 52
    K_NANOSECONDS (333) 69
    K_NETS (334)
    K_NEW (335)
    K_NONDEFAULTRULE (336) 461 975
    K_NONINVERT (337) 866
    K_NONUNATE (338) 867
    K_OBS (339) 61 798
    K_OHMS (340) 71
    K_OFFSET (341) 93 94 346
    K_ORIENTATION (342)
    K_ORIGIN (343) 345 607
    K_OUTPUT (344) 584 732 733 746
    K_OUTPUTNOISEMARGIN (345) 653
    K_OVERHANG (346) 432
    K_OVERLAP (347) 274
    K_OFF (348) 52 54 64
    K_ON (349) 51 53 63
    K_OVERLAPS (350)
    K_PAD (351) 509 576 578
    K_PATH (352) 758 759
    K_PATTERN (353) 348
    K_PICOFARADS (354) 70
    K_PIN (355) 62 624 965
    K_PITCH (356) 89 90
    K_PLACED (357)
    K_POLYGON (358) 394 762 763
    K_PORT (359) 736
    K_POST (360) 596
    K_POWER (361) 72 586 606 637 741
    K_PRE (362) 595
    K_PULLDOWNRES (363) 662
    K_RECT (364) 392 429 760 761 807
    K_RESISTANCE (365) 71 104 105 182 356 431 494 661
    K_RESISTIVE (366) 664
    K_RING (367) 570 751
    K_RISE (368) 863
    K_RISECS (369) 826
    K_RISERS (370) 824
    K_RISESATCUR (371) 644
    K_RISETHRESH (372) 642
    K_RISESATT1 (373) 828
    K_RISET0 (374) 830
    K_RISEVOLTAGETHRESHOLD (375) 665
    K_FALLVOLTAGETHRESHOLD (376) 666
    K_ROUTING (377) 272
    K_ROWMAJOR (378)
    K_RPERSQ (379) 104 105 494
    K_SAMENET (380) 443 1003
    K_SCANUSE (381) 640
    K_SHAPE (382) 649
    K_SHRINKAGE (383) 111
    K_SIGNAL (384) 739
    K_SITE (385) 500 619 620
    K_SIZE (386) 505 621
    K_SOURCE (387) 603 604 605
    K_SPACER (388) 587 592
    K_SPACING (389) 100 102 192 202 205 328 430 437 438 492 770
    K_SPECIALNETS (390)
    K_STACK (391) 442 1021
    K_START (392) 747
    K_STEP (393) 231 780 781 785 788 789 790 794 795
    K_STOP (394) 748
    K_STRUCTURE (395) 632 633 634
    K_SYMMETRY (396) 512 558
    K_TABLE (397) 455
    K_THICKNESS (398) 110
    K_TIEHIGH (399) 590
    K_TIELOW (400) 591
    K_TIEOFFR (401) 648
    K_TIME (402) 69
    K_TIMING (403) 811 812
    K_TO (404) 428
    K_TOPIN (405) 818
    K_TOPLEFT (406) 597
    K_TOPRIGHT (407) 598
    K_TOPOFSTACKONLY (408) 359
    K_TRISTATE (409) 733
    K_TYPE (410) 87
    K_UNATENESS (411) 821 832
    K_UNITS (412) 65 66
    K_USE (413) 639
    K_VARIABLE (414) 820
    K_VERTICAL (415) 279 426
    K_VHI (416) 647
    K_VIA (417) 334 777 779 969
    K_VIARULE (418) 341 398 971
    K_VLO (419) 646
    K_VOLTAGE (420) 74
    K_VOLTS (421) 74
    K_WIDTH (422) 97 129 172 175 189 197 200 202 211 216 251 283 319 323 328 428 489 757
    K_X (423) 515 561 785 789 794
    K_Y (424) 516 562 788 790 795
    T_STRING <string> (425) 3 79 81 260 261 262 331 335 336 337 341 348 362 363 364 370 389 396 398 414 415 416 420 422 435 441 442 455 461 463 475 476 477 482 483 484 489 500 502 523 529 531 564 565 566 601 602 614 616 617 624 626 636 651 667 668 691 693 728 729 730 756 777 779 781 782 793 804 809 868 869 870 871 875 877 888 893 904 906 908 910 912 961 963 965 967 969 971 973 975 980 1008 1026 1028
    QSTRING <string> (426) 5 6 261 363 415 483 565 689 729 836 837 838 946 979
    NUMBER <dval> (427) 4 76 98 126 170 246 249 257 262 362 416 484 564 674 678 679 680 681 682 683 684 685 728 996 1011 1070 1071 1072
    K_N (428) 371
    K_S (429) 373
    K_E (430) 374
    K_W (431) 372
    K_FN (432) 375
    K_FS (433) 377
    K_FE (434) 378
    K_FW (435) 376
    K_R0 (436) 379
    K_R90 (437) 380 517 563
    K_R180 (438) 381
    K_R270 (439) 382
    K_MX (440) 385
    K_MY (441) 383
    K_MXR90 (442) 386
    K_MYR90 (443) 384
    K_USER (444) 603
    K_MASTERSLICE (445) 275
    K_ENDMACRO (446)
    K_ENDMACROPIN (447)
    K_ENDVIARULE (448)
    K_ENDVIA (449)
    K_ENDLAYER (450)
    K_ENDSITE (451)
    K_CANPLACE (452) 883 897
    K_CANNOTOCCUPY (453) 885 899
    K_TRACKS (454) 887
    K_FLOORPLAN (455) 893
    K_GCELLGRID (456) 890
    K_DEFAULTCAP (457) 891
    K_MINPINS (458) 902
    K_WIRECAP (459) 902
    K_STABLE (460) 833
    K_SETUP (461) 833 843
    K_HOLD (462) 833 844
    K_DEFINE (463) 908
    K_DEFINES (464) 910
    K_DEFINEB (465) 912
    K_IF (466) 926 940 945
    K_THEN (467) 916 917
    K_ELSE (468) 918 919
    K_FALSE (469) 942
    K_TRUE (470) 941
    K_EQ (471) 934 951
    K_NE (472) 935 952
    K_LE (473) 947
    K_LT (474) 948
    K_GE (475) 949
    K_GT (476) 950
    K_OR (477) 930 933 937
    K_AND (478) 929 932 936
    K_NOT (479) 938
    K_DELAY (480) 853
    K_TABLEDIMENSION (481) 821 834 835
    K_TABLEAXIS (482) 822
    K_TABLEENTRIES (483) 246 253 823
    K_TRANSITIONTIME (484) 854
    K_EXTENSION (485) 839
    K_PROPDEF (486) 957
    K_STRING (487) 978 979
    K_INTEGER (488) 976
    K_REAL (489) 977
    K_RANGE (490) 331 984 985 994 1013 1015
    K_PROPERTY (491) 119 358 411 479 555 670
    K_VIRTUAL (492) 276 511 577
    K_BUSBITCHARS (493) 6
    K_VERSION (494) 3
    K_BEGINEXT (495) 1075
    K_ENDEXT (496)
    K_UNIVERSALNOISEMARGIN (497) 1029
    K_EDGERATETHRESHOLD1 (498) 1030
    K_CORRECTIONTABLE (499) 1051 1052
    K_EDGERATESCALEFACTOR (500) 1032
    K_EDGERATETHRESHOLD2 (501) 1031
    K_VICTIMNOISE (502) 1047
    K_NOISETABLE (503) 1034 1035
    K_EDGERATE (504) 1038 1055
    K_OUTPUTRESISTANCE (505) 655 1041 1058
    K_VICTIMLENGTH (506) 1047 1064
    K_CORRECTIONFACTOR (507) 1064
    K_OUTPUTPINANTENNASIZE (508) 1068
    K_INPUTPINANTENNASIZE (509) 1067
    K_INOUTPINANTENNASIZE (510) 1069
    K_CURRENTDEN (511) 115 116 117
    K_PWL (512) 105 107 116 234
    K_ANTENNALENGTHFACTOR (513) 114
    K_TAPERRULE (514) 668
    K_DIVIDERCHAR (515) 5
    K_ANTENNASIZE (516) 673
    K_ANTENNAMETALLENGTH (517) 675
    K_ANTENNAMETALAREA (518) 674
    K_RISESLEWLIMIT (519) 676
    K_FALLSLEWLIMIT (520) 677
    K_FUNCTION (521) 548 549
    K_BUFFER (522) 548
    K_INVERTER (523) 549
    K_NAMEMAPSTRING (524) 980
    K_NOWIREEXTENSIONATPIN (525) 53 54
    K_WIREEXTENSION (526) 109 493
    K_MESSAGE (527) 904
    K_CREATEFILE (528) 906
    K_OPENFILE (529)
    K_CLOSEFILE (530)
    K_WARNING (531)
    K_ERROR (532)
    K_FATALERROR (533)
    K_RECOVERY (534) 845
    K_SKEW (535) 846
    K_ANYEDGE (536) 847 850
    K_POSEDGE (537) 848 851
    K_NEGEDGE (538) 849 852
    K_SDFCONDSTART (539) 836
    K_SDFCONDEND (540) 837
    K_SDFCOND (541) 838
    K_MPWH (542) 840
    K_MPWL (543) 841
    K_PERIOD (544) 842
    K_ACCURRENTDENSITY (545) 121 122
    K_DCCURRENTDENSITY (546) 123 126 129
    K_AVERAGE (547) 123 126 129 241
    K_PEAK (548) 240
    K_RMS (549) 242
    K_FREQUENCY (550) 76 246
    K_CUTAREA (551) 126 249
    K_MEGAHERTZ (552) 76
    K_USELENGTHTHRESHOLD (553) 982
    K_LENGTHTHRESHOLD (554) 1014 1015
    K_ANTENNAINPUTGATEAREA (555) 1070
    K_ANTENNAINOUTDIFFAREA (556) 1071
    K_ANTENNAOUTPUTDIFFAREA (557) 1072
    K_ANTENNAAREARATIO (558) 130
    K_ANTENNADIFFAREARATIO (559) 132
    K_ANTENNACUMAREARATIO (560) 133
    K_ANTENNACUMDIFFAREARATIO (561) 135
    K_ANTENNAAREAFACTOR (562) 137
    K_ANTENNASIDEAREARATIO (563) 138
    K_ANTENNADIFFSIDEAREARATIO (564) 140
    K_ANTENNACUMSIDEAREARATIO (565) 141
    K_ANTENNACUMDIFFSIDEAREARATIO (566) 143
    K_ANTENNASIDEAREAFACTOR (567) 145
    K_DIFFUSEONLY (568) 239
    K_MANUFACTURINGGRID (569) 56
    K_FIXEDMASK (570) 55 612
    K_ANTENNACELL (571) 593
    K_CLEARANCEMEASURE (572) 58
    K_EUCLIDEAN (573) 60
    K_MAXXY (574) 59
    K_USEMINSPACING (575) 57
    K_ROWMINSPACING (576)
    K_ROWABUTSPACING (577)
    K_FLIP (578)
    K_NONE (579) 574
    K_ANTENNAPARTIALMETALAREA (580) 678
    K_ANTENNAPARTIALMETALSIDEAREA (581) 679
    K_ANTENNAGATEAREA (582) 682
    K_ANTENNADIFFAREA (583) 681
    K_ANTENNAMAXAREACAR (584) 683
    K_ANTENNAMAXSIDEAREACAR (585) 684
    K_ANTENNAPARTIALCUTAREA (586) 680
    K_ANTENNAMAXCUTCAR (587) 685
    K_SLOTWIREWIDTH (588) 154
    K_SLOTWIRELENGTH (589) 155
    K_SLOTWIDTH (590) 156
    K_SLOTLENGTH (591) 157
    K_MAXADJACENTSLOTSPACING (592) 158
    K_MAXCOAXIALSLOTSPACING (593) 159
    K_MAXEDGESLOTSPACING (594) 160
    K_SPLITWIREWIDTH (595) 161
    K_MINIMUMDENSITY (596) 162
    K_MAXIMUMDENSITY (597) 163
    K_DENSITYCHECKWINDOW (598) 164
    K_DENSITYCHECKSTEP (599) 165
    K_FILLACTIVESPACING (600) 166
    K_MINIMUMCUT (601) 172
    K_ADJACENTCUTS (602) 1010
    K_ANTENNAMODEL (603) 147 687
    K_BUMP (604) 569 575
    K_ENCLOSURE (605) 179 341 427
    K_FROMABOVE (606) 220
    K_FROMBELOW (607) 221
    K_IMPLANT (608) 277
    K_LENGTH (609) 175 212 223
    K_MAXVIASTACK (610) 329 331
    K_AREAIO (611) 588
    K_BLACKBOX (612) 572
    K_MAXWIDTH (613) 167
    K_MINENCLOSEDAREA (614) 170
    K_MINSTEP (615) 174
    K_ORIENT (616)
    K_OXIDE1 (617) 284 694
    K_OXIDE2 (618) 285 695
    K_OXIDE3 (619) 286 696
    K_OXIDE4 (620) 287 697
    K_OXIDE5 (621) 288 698
    K_OXIDE6 (622) 289 699
    K_OXIDE7 (623) 290 700
    K_OXIDE8 (624) 291 701
    K_OXIDE9 (625) 292 702
    K_OXIDE10 (626) 293 703
    K_OXIDE11 (627) 294 704
    K_OXIDE12 (628) 295 705
    K_OXIDE13 (629) 296 706
    K_OXIDE14 (630) 297 707
    K_OXIDE15 (631) 298 708
    K_OXIDE16 (632) 299 709
    K_OXIDE17 (633) 300 710
    K_OXIDE18 (634) 301 711
    K_OXIDE19 (635) 302 712
    K_OXIDE20 (636) 303 713
    K_OXIDE21 (637) 304 714
    K_OXIDE22 (638) 305 715
    K_OXIDE23 (639) 306 716
    K_OXIDE24 (640) 307 717
    K_OXIDE25 (641) 308 718
    K_OXIDE26 (642) 309 719
    K_OXIDE27 (643) 310 720
    K_OXIDE28 (644) 311 721
    K_OXIDE29 (645) 312 722
    K_OXIDE30 (646) 313 723
    K_OXIDE31 (647) 314 724
    K_OXIDE32 (648) 315 725
    K_PARALLELRUNLENGTH (649) 197
    K_MINWIDTH (650) 168
    K_PROTRUSIONWIDTH (651) 175
    K_SPACINGTABLE (652) 102 177
    K_WITHIN (653) 102 202 205 218 223 328 988 1010 1017
    K_ABOVE (654) 207
    K_BELOW (655) 208
    K_CENTERTOCENTER (656) 1001
    K_CUTSIZE (657) 341
    K_CUTSPACING (658) 86 341
    K_DENSITY (659) 799
    K_DIAG45 (660) 280
    K_DIAG135 (661) 281
    K_MASK (662) 88 445
    K_DIAGMINEDGELENGTH (663) 183
    K_DIAGSPACING (664) 96
    K_DIAGPITCH (665) 91 92
    K_DIAGWIDTH (666) 95 497
    K_GENERATED (667) 337
    K_GROUNDSENSITIVITY (668) 693
    K_HARDSPACING (669) 465
    K_INSIDECORNER (670) 229
    K_LAYERS (671) 341
    K_LENGTHSUM (672) 227
    K_MICRONS (673) 75
    K_MINCUTS (674) 477
    K_MINSIZE (675) 185
    K_NETEXPR (676) 689
    K_OUTSIDECORNER (677) 230
    K_PREFERENCLOSURE (678) 181
    K_ROWCOL (679) 344
    K_ROWPATTERN (680) 519
    K_SOFT (681) 573
    K_SUPPLYSENSITIVITY (682) 691
    K_USEVIA (683) 475
    K_USEVIARULE (684) 476
    K_WELLTAP (685) 594
    K_ARRAYCUTS (686) 192
    K_ARRAYSPACING (687) 86
    K_ANTENNAAREADIFFREDUCEPWL (688) 153
    K_ANTENNAAREAMINUSDIFF (689) 150
    K_ANTENNACUMROUTINGPLUSCUT (690) 148
    K_ANTENNAGATEPLUSDIFF (691) 149
    K_ENDOFLINE (692) 1017
    K_ENDOFNOTCHWIDTH (693) 1019
    K_EXCEPTEXTRACUT (694) 214
    K_EXCEPTSAMEPGNET (695) 1023
    K_EXCEPTPGNET (696) 768
    K_LONGARRAY (697) 187
    K_MAXEDGES (698) 228
    K_NOTCHLENGTH (699) 1018 1019
    K_NOTCHSPACING (700) 1019
    K_ORTHOGONAL (701) 102
    K_PARALLELEDGE (702) 988
    K_PARALLELOVERLAP (703) 1004
    K_PGONLY (704) 992
    K_PRL (705) 325
    K_TWOEDGES (706) 990
    K_TWOWIDTHS (707) 200
    IF (708)
    LNOT (709)
    UMINUS (710)


非终结语词，附有它们出现处的规则

    $accept (467)
        on left: 0
    lef_file (468)
        on left: 1
        on right: 0
    version (469)
        on left: 3
        on right: 12
    $@1 (470)
        on left: 2
        on right: 3
    int_number <dval> (471)
        on left: 4
        on right: 56 69 70 71 72 73 74 75 86 88 89 90 91 92 93 94 95 96 97 100 102 104 106 108 109 110 111 112 113 114 115 117 122 123 129 130 133 137 138 141 145 149 150 154 155 156 157 158 159 160 161 162 163 164 165 166 167 168 172 174 175 179 181 182 183 189 192 197 200 202 205 211 212 214 216 218 223 227 228 232 251 253 255 265 268 271 283 319 323 325 328 329 331 341 344 345 346 356 427 428 430 431 432 433 441 442 445 454 456 457 477 489 492 493 494 495 496 497 505 524 525 606 621 637 641 642 643 644 645 646 647 648 653 655 657 658 659 660 661 662 665 666 673 675 676 677 757 770 771 780 781 782 785 788 789 790 794 795 807 820 821 824 825 826 827 828 829 830 831 833 834 835 857 858 859 861 862 891 902 927 983 984 985 988 994 998 1010 1013 1014 1015 1017 1018 1019 1029 1030 1031 1032 1034 1038 1042 1043 1047 1048 1049 1051 1055 1059 1060 1064 1065 1066 1067 1068 1069
    dividerchar (472)
        on left: 5
        on right: 20
    busbitchars (473)
        on left: 6
        on right: 13
    rules (474)
        on left: 7 8 9
        on right: 1 8
    end_library (475)
        on left: 10 11
        on right: 1
    rule (476)
        on left: 12 13 14 15 16 17 18 19 20 21 22 23 24 25 26 27 28 29 30 31 32 33 34 35 36 37 38 39 40 41 42 43 44 45 46 47 48 49 50
        on right: 8
    case_sensitivity (477)
        on left: 51 52
        on right: 14
    wireextension (478)
        on left: 53 54
        on right: 21
    fixedmask (479)
        on left: 55
        on right: 46
    manufacturing (480)
        on left: 56
        on right: 45
    useminspacing (481)
        on left: 57
        on right: 47
    clearancemeasure (482)
        on left: 58
        on right: 48
    clearance_type <string> (483)
        on left: 59 60
        on right: 58
    spacing_type <string> (484)
        on left: 61 62
        on right: 57
    spacing_value <integer> (485)
        on left: 63 64
        on right: 57
    units_section (486)
        on left: 65
        on right: 15
    start_units (487)
        on left: 66
        on right: 65
    units_rules (488)
        on left: 67 68
        on right: 65 68
    units_rule (489)
        on left: 69 70 71 72 73 74 75 76
        on right: 68
    layer_rule (490)
        on left: 77
        on right: 16
    start_layer <string> (491)
        on left: 79
        on right: 77
    $@2 (492)
        on left: 78
        on right: 79
    end_layer (493)
        on left: 81
        on right: 77
    $@3 (494)
        on left: 80
        on right: 81
    layer_options <string> (495)
        on left: 82 83
        on right: 77 83
    layer_option <string> (496)
        on left: 86 87 88 89 90 91 92 93 94 95 96 97 98 100 102 103 104 105 106 107 108 109 110 111 112 113 114 115 116 117 119 121 122 123 126 129 130 132 133 135 137 138 140 141 143 145 147 148 149 150 153 154 155 156 157 158 159 160 161 162 163 164 165 166 167 168 170 172 174 175 177 179 181 182 183 185
        on right: 83
    $@4 (497)
        on left: 84
        on right: 86
    $@5 (498)
        on left: 85
        on right: 86
    $@6 (499)
        on left: 99
        on right: 100
    $@7 (500)
        on left: 101
        on right: 102
    $@8 (501)
        on left: 118
        on right: 119
    $@9 (502)
        on left: 120
        on right: 121
    $@10 (503)
        on left: 124
        on right: 126
    $@11 (504)
        on left: 125
        on right: 126
    $@12 (505)
        on left: 127
        on right: 129
    $@13 (506)
        on left: 128
        on right: 129
    $@14 (507)
        on left: 131
        on right: 132
    $@15 (508)
        on left: 134
        on right: 135
    $@16 (509)
        on left: 136
        on right: 137
    $@17 (510)
        on left: 139
        on right: 140
    $@18 (511)
        on left: 142
        on right: 143
    $@19 (512)
        on left: 144
        on right: 145
    $@20 (513)
        on left: 146
        on right: 147
    $@21 (514)
        on left: 151
        on right: 153
    $@22 (515)
        on left: 152
        on right: 153
    $@23 (516)
        on left: 169
        on right: 170
    $@24 (517)
        on left: 171
        on right: 172
    $@25 (518)
        on left: 173
        on right: 174
    $@26 (519)
        on left: 176
        on right: 177
    $@27 (520)
        on left: 178
        on right: 179
    $@28 (521)
        on left: 180
        on right: 181
    $@29 (522)
        on left: 184
        on right: 185
    layer_arraySpacing_long (523)
        on left: 186 187
        on right: 86
    layer_arraySpacing_width (524)
        on left: 188 189
        on right: 86
    layer_arraySpacing_arraycuts (525)
        on left: 190 191
        on right: 86 191
    layer_arraySpacing_arraycut (526)
        on left: 192
        on right: 191
    sp_options (527)
        on left: 197 200 202
        on right: 177
    $@30 (528)
        on left: 193
        on right: 197
    $@31 (529)
        on left: 194
        on right: 197
    $@32 (530)
        on left: 195
        on right: 197
    $@33 (531)
        on left: 196
        on right: 197
    $@34 (532)
        on left: 198
        on right: 200
    $@35 (533)
        on left: 199
        on right: 200
    $@36 (534)
        on left: 201
        on right: 202
    layer_spacingtable_opts (535)
        on left: 203 204
        on right: 102 204
    layer_spacingtable_opt (536)
        on left: 205
        on right: 204
    layer_enclosure_type_opt <string> (537)
        on left: 206 207 208
        on right: 179 181
    layer_enclosure_width_opt (538)
        on left: 209 211 212
        on right: 179
    $@37 (539)
        on left: 210
        on right: 211
    layer_enclosure_width_except_opt (540)
        on left: 213 214
        on right: 211
    layer_preferenclosure_width_opt (541)
        on left: 215 216
        on right: 181
    layer_minimumcut_within (542)
        on left: 217 218
        on right: 172
    layer_minimumcut_from (543)
        on left: 219 220 221
        on right: 172
    layer_minimumcut_length (544)
        on left: 222 223
        on right: 172
    layer_minstep_options (545)
        on left: 224 225
        on right: 174 225
    layer_minstep_option (546)
        on left: 226 227 228
        on right: 225
    layer_minstep_type <string> (547)
        on left: 229 230 231
        on right: 226
    layer_antenna_pwl (548)
        on left: 232 234
        on right: 132 135 140 143
    $@38 (549)
        on left: 233
        on right: 234
    layer_diffusion_ratios (550)
        on left: 235 236
        on right: 153 234 236
    layer_diffusion_ratio (551)
        on left: 237
        on right: 236
    layer_antenna_duo (552)
        on left: 238 239
        on right: 137 145
    layer_table_type <string> (553)
        on left: 240 241 242
        on right: 121 122
    layer_frequency (554)
        on left: 246
        on right: 121
    $@39 (555)
        on left: 243
        on right: 246
    $@40 (556)
        on left: 244
        on right: 246
    $@41 (557)
        on left: 245
        on right: 246
    ac_layer_table_opt (558)
        on left: 247 249 251
        on right: 246
    $@42 (559)
        on left: 248
        on right: 249
    $@43 (560)
        on left: 250
        on right: 251
    dc_layer_table (561)
        on left: 253
        on right: 126 129
    $@44 (562)
        on left: 252
        on right: 253
    int_number_list (563)
        on left: 254 255
        on right: 129 197 200 251 253 255 319 323
    number_list (564)
        on left: 256 257
        on right: 126 246 249 257
    layer_prop_list (565)
        on left: 258 259
        on right: 119 259
    layer_prop (566)
        on left: 260 261 262
        on right: 258 259
    current_density_pwl_list (567)
        on left: 263 264
        on right: 116 264
    current_density_pwl (568)
        on left: 265
        on right: 263 264
    cap_points (569)
        on left: 266 267
        on right: 107 267
    cap_point (570)
        on left: 268
        on right: 266 267
    res_points (571)
        on left: 269 270
        on right: 105 270
    res_point (572)
        on left: 271
        on right: 269 270
    layer_type <string> (573)
        on left: 272 273 274 275 276 277
        on right: 87
    layer_direction <string> (574)
        on left: 278 279 280 281
        on right: 103
    layer_minen_width (575)
        on left: 282 283
        on right: 170
    layer_oxide (576)
        on left: 284 285 286 287 288 289 290 291 292 293 294 295 296 297 298 299 300 301 302 303 304 305 306 307 308 309 310 311 312 313 314 315
        on right: 147
    layer_sp_parallel_widths (577)
        on left: 316 317
        on right: 197 317
    layer_sp_parallel_width (578)
        on left: 319
        on right: 317
    $@45 (579)
        on left: 318
        on right: 319
    layer_sp_TwoWidths (580)
        on left: 320 321
        on right: 200 321
    layer_sp_TwoWidth (581)
        on left: 323
        on right: 321
    $@46 (582)
        on left: 322
        on right: 323
    layer_sp_TwoWidthsPRL <dval> (583)
        on left: 324 325
        on right: 200 323
    layer_sp_influence_widths (584)
        on left: 326 327
        on right: 202 327
    layer_sp_influence_width (585)
        on left: 328
        on right: 327
    maxstack_via (586)
        on left: 329 331
        on right: 49
    $@47 (587)
        on left: 330
        on right: 331
    via (588)
        on left: 333
        on right: 17 469
    $@48 (589)
        on left: 332
        on right: 333
    via_keyword (590)
        on left: 334
        on right: 335 336 337 420
    start_via (591)
        on left: 335 336 337
        on right: 333
    via_viarule (592)
        on left: 341
        on right: 349
    $@49 (593)
        on left: 338
        on right: 341
    $@50 (594)
        on left: 339
        on right: 341
    $@51 (595)
        on left: 340
        on right: 341
    via_viarule_options (596)
        on left: 342 343
        on right: 341 343
    via_viarule_option (597)
        on left: 344 345 346 348
        on right: 343
    $@52 (598)
        on left: 347
        on right: 348
    via_option (599)
        on left: 349 350
        on right: 333
    via_other_options (600)
        on left: 351
        on right: 350
    via_more_options (601)
        on left: 352 353
        on right: 351 353
    via_other_option (602)
        on left: 354 355 356 358 359
        on right: 351 353
    $@53 (603)
        on left: 357
        on right: 358
    via_prop_list (604)
        on left: 360 361
        on right: 358 361
    via_name_value_pair (605)
        on left: 362 363 364
        on right: 360 361
    via_foreign (606)
        on left: 365 366 367 368
        on right: 354
    start_foreign <string> (607)
        on left: 370
        on right: 365 366 367 368 608 609 610 611 629 630 631 632 633 634
    $@54 (608)
        on left: 369
        on right: 370
    orientation <integer> (609)
        on left: 371 372 373 374 375 376 377 378 379 380 381 382 383 384 385 386
        on right: 367 368 523 610 611 631 634 781 782
    via_layer_rule (610)
        on left: 387
        on right: 355
    via_layer (611)
        on left: 389
        on right: 387
    $@55 (612)
        on left: 388
        on right: 389
    via_geometries (613)
        on left: 390 391
        on right: 387 391
    via_geometry (614)
        on left: 392 394
        on right: 391
    $@56 (615)
        on left: 393
        on right: 394
    end_via (616)
        on left: 396
        on right: 333
    $@57 (617)
        on left: 395
        on right: 396
    viarule_keyword (618)
        on left: 398
        on right: 399 401
    $@58 (619)
        on left: 397
        on right: 398
    viarule (620)
        on left: 399
        on right: 18
    viarule_generate (621)
        on left: 401
        on right: 19
    $@59 (622)
        on left: 400
        on right: 401
    viarule_generate_default (623)
        on left: 402 403
        on right: 401
    viarule_layer_list (624)
        on left: 404 405
        on right: 399 401 405
    opt_viarule_props (625)
        on left: 406 407
        on right: 399 401
    viarule_props (626)
        on left: 408 409
        on right: 407 409
    viarule_prop (627)
        on left: 411 414 415 416
        on right: 408 409 412 413
    $@60 (628)
        on left: 410
        on right: 411
    viarule_prop_list (629)
        on left: 412 413
        on right: 411 413
    viarule_layer (630)
        on left: 417
        on right: 404 405
    via_names (631)
        on left: 418 419
        on right: 399 419
    via_name (632)
        on left: 420
        on right: 419
    viarule_layer_name (633)
        on left: 422
        on right: 417
    $@61 (634)
        on left: 421
        on right: 422
    viarule_layer_options (635)
        on left: 423 424
        on right: 417 424
    viarule_layer_option (636)
        on left: 425 426 427 428 429 430 431 432 433
        on right: 424
    end_viarule (637)
        on left: 435
        on right: 399 401
    $@62 (638)
        on left: 434
        on right: 435
    spacing_rule (639)
        on left: 436
        on right: 23 470
    start_spacing (640)
        on left: 437
        on right: 436
    end_spacing (641)
        on left: 438
        on right: 436
    spacings (642)
        on left: 439 440
        on right: 436 440
    spacing (643)
        on left: 441 442
        on right: 440
    samenet_keyword (644)
        on left: 443
        on right: 441 442
    maskColor <integer> (645)
        on left: 444 445
        on right: 392 394 758 759 760 761 762 763 777 779
    irdrop (646)
        on left: 446
        on right: 26
    start_irdrop (647)
        on left: 447
        on right: 446
    end_irdrop (648)
        on left: 448
        on right: 446
    ir_tables (649)
        on left: 449 450
        on right: 446 450
    ir_table (650)
        on left: 451
        on right: 450
    ir_table_values (651)
        on left: 452 453
        on right: 451 453
    ir_table_value (652)
        on left: 454
        on right: 453
    ir_tablename (653)
        on left: 455
        on right: 451
    minfeature (654)
        on left: 456
        on right: 25
    dielectric (655)
        on left: 457
        on right: 24
    nondefault_rule (656)
        on left: 461
        on right: 31
    $@63 (657)
        on left: 458
        on right: 461
    $@64 (658)
        on left: 459
        on right: 461
    $@65 (659)
        on left: 460
        on right: 461
    end_nd_rule (660)
        on left: 462 463
        on right: 461
    nd_hardspacing (661)
        on left: 464 465
        on right: 461
    nd_rules (662)
        on left: 466 467
        on right: 461 467
    nd_rule (663)
        on left: 468 469 470 471 472 473 474
        on right: 467
    usevia (664)
        on left: 475
        on right: 472
    useviarule (665)
        on left: 476
        on right: 473
    mincuts (666)
        on left: 477
        on right: 474
    nd_prop (667)
        on left: 479 482 483 484
        on right: 471 480 481
    $@66 (668)
        on left: 478
        on right: 479
    nd_prop_list (669)
        on left: 480 481
        on right: 479 481
    nd_layer (670)
        on left: 489
        on right: 468
    $@67 (671)
        on left: 485
        on right: 489
    $@68 (672)
        on left: 486
        on right: 489
    $@69 (673)
        on left: 487
        on right: 489
    $@70 (674)
        on left: 488
        on right: 489
    nd_layer_stmts (675)
        on left: 490 491
        on right: 489 491
    nd_layer_stmt (676)
        on left: 492 493 494 495 496 497
        on right: 491
    site (677)
        on left: 498
        on right: 27
    start_site (678)
        on left: 500
        on right: 498
    $@71 (679)
        on left: 499
        on right: 500
    end_site (680)
        on left: 502
        on right: 498
    $@72 (681)
        on left: 501
        on right: 502
    site_options (682)
        on left: 503 504
        on right: 498 504
    site_option (683)
        on left: 505 506 507 508
        on right: 504
    site_class <string> (684)
        on left: 509 510 511
        on right: 507
    site_symmetry_statement (685)
        on left: 512
        on right: 506
    site_symmetries (686)
        on left: 513 514
        on right: 512 514
    site_symmetry (687)
        on left: 515 516 517
        on right: 514
    site_rowpattern_statement (688)
        on left: 519
        on right: 508
    $@73 (689)
        on left: 518
        on right: 519
    site_rowpatterns (690)
        on left: 520 521
        on right: 519 521
    site_rowpattern (691)
        on left: 523
        on right: 521
    $@74 (692)
        on left: 522
        on right: 523
    pt <pt> (693)
        on left: 524 525
        on right: 153 234 237 366 367 392 429 607 609 610 630 631 633 634 760 761 772 773 777 779 807
    macro (694)
        on left: 527
        on right: 28
    $@75 (695)
        on left: 526
        on right: 527
    start_macro <string> (696)
        on left: 529
        on right: 527
    $@76 (697)
        on left: 528
        on right: 529
    end_macro <string> (698)
        on left: 531
        on right: 527
    $@77 (699)
        on left: 530
        on right: 531
    macro_options (700)
        on left: 532 533
        on right: 527 533
    macro_option (701)
        on left: 534 535 536 537 538 539 540 541 542 543 544 545 546 547 548 549 550 551 552 553 555
        on right: 533
    $@78 (702)
        on left: 554
        on right: 555
    macro_prop_list (703)
        on left: 556 557
        on right: 555 557
    macro_symmetry_statement (704)
        on left: 558
        on right: 538
    macro_symmetries (705)
        on left: 559 560
        on right: 558 560
    macro_symmetry (706)
        on left: 561 562 563
        on right: 560
    macro_name_value_pair (707)
        on left: 564 565 566
        on right: 556 557
    macro_class (708)
        on left: 567
        on right: 534
    class_type <string> (709)
        on left: 568 569 570 571 572 573 574 575 576 577 578 579 580 581 582
        on right: 567 738
    pad_type <string> (710)
        on left: 583 584 585 586 587 588
        on right: 578
    core_type <string> (711)
        on left: 589 590 591 592 593 594
        on right: 581
    endcap_type <string> (712)
        on left: 595 596 597 598 599 600
        on right: 582
    macro_generator (713)
        on left: 601
        on right: 535
    macro_generate (714)
        on left: 602
        on right: 536
    macro_source (715)
        on left: 603 604 605
        on right: 537
    macro_power (716)
        on left: 606
        on right: 541
    macro_origin <pt> (717)
        on left: 607
        on right: 540
    macro_foreign (718)
        on left: 608 609 610 611
        on right: 542
    macro_fixedMask (719)
        on left: 612
        on right: 539
    macro_eeq (720)
        on left: 614
        on right: 543
    $@79 (721)
        on left: 613
        on right: 614
    macro_leq (722)
        on left: 616
        on right: 544
    $@80 (723)
        on left: 615
        on right: 616
    macro_site (724)
        on left: 617 618
        on right: 546
    macro_site_word (725)
        on left: 619
        on right: 617 618
    site_word (726)
        on left: 620
        on right: 881
    macro_size (727)
        on left: 621
        on right: 545
    macro_pin (728)
        on left: 622
        on right: 547
    start_macro_pin (729)
        on left: 624
        on right: 622
    $@81 (730)
        on left: 623
        on right: 624
    end_macro_pin (731)
        on left: 626
        on right: 622
    $@82 (732)
        on left: 625
        on right: 626
    macro_pin_options (733)
        on left: 627 628
        on right: 622 628
    macro_pin_option (734)
        on left: 629 630 631 632 633 634 636 637 638 639 640 641 642 643 644 645 646 647 648 649 651 653 655 657 658 659 660 661 662 663 664 665 666 667 668 670 671 672 673 674 675 676 677 678 679 680 681 682 683 684 685 687 689 691 693
        on right: 628
    $@83 (735)
        on left: 635
        on right: 636
    $@84 (736)
        on left: 650
        on right: 651
    $@85 (737)
        on left: 652
        on right: 653
    $@86 (738)
        on left: 654
        on right: 655
    $@87 (739)
        on left: 656
        on right: 657
    $@88 (740)
        on left: 669
        on right: 670
    $@89 (741)
        on left: 686
        on right: 687
    $@90 (742)
        on left: 688
        on right: 689
    $@91 (743)
        on left: 690
        on right: 691
    $@92 (744)
        on left: 692
        on right: 693
    pin_layer_oxide (745)
        on left: 694 695 696 697 698 699 700 701 702 703 704 705 706 707 708 709 710 711 712 713 714 715 716 717 718 719 720 721 722 723 724 725
        on right: 687
    pin_prop_list (746)
        on left: 726 727
        on right: 670 727
    pin_name_value_pair (747)
        on left: 728 729 730
        on right: 726 727
    electrical_direction <string> (748)
        on left: 731 732 733 734 735
        on right: 638
    start_macro_port (749)
        on left: 736
        on right: 671 672
    macro_port_class_option (750)
        on left: 737 738
        on right: 671
    macro_pin_use <string> (751)
        on left: 739 740 741 742 743 744
        on right: 639
    macro_scan_use <string> (752)
        on left: 745 746 747 748
        on right: 640
    pin_shape <string> (753)
        on left: 749 750 751 752
        on right: 649
    geometries (754)
        on left: 753
        on right: 671 796
    geometry (755)
        on left: 756 757 758 759 760 761 762 763 764
        on right: 753 766
    $@93 (756)
        on left: 754
        on right: 756
    $@94 (757)
        on left: 755
        on right: 756
    geometry_options (758)
        on left: 765 766
        on right: 753 766
    layer_exceptpgnet (759)
        on left: 767 768
        on right: 756
    layer_spacing (760)
        on left: 769 770 771
        on right: 756
    firstPt (761)
        on left: 772
        on right: 185 394 758 759 762 763
    nextPt (762)
        on left: 773
        on right: 394 762 763 775
    otherPts (763)
        on left: 774 775
        on right: 185 394 758 759 762 763 775
    via_placement (764)
        on left: 777 779
        on right: 764
    $@95 (765)
        on left: 776
        on right: 777
    $@96 (766)
        on left: 778
        on right: 779
    stepPattern (767)
        on left: 780
        on right: 759 761 763 779
    sitePattern (768)
        on left: 781 782
        on right: 618 881 883 885 897 899
    trackPattern (769)
        on left: 785 788 789 790
        on right: 887
    $@97 (770)
        on left: 783
        on right: 785
    $@98 (771)
        on left: 784
        on right: 785
    $@99 (772)
        on left: 786
        on right: 788
    $@100 (773)
        on left: 787
        on right: 788
    trackLayers (774)
        on left: 791 792
        on right: 785 788 792
    layer_name (775)
        on left: 793
        on right: 792
    gcellPattern (776)
        on left: 794 795
        on right: 890
    macro_obs (777)
        on left: 796 797
        on right: 550
    start_macro_obs (778)
        on left: 798
        on right: 796 797
    macro_density (779)
        on left: 799
        on right: 551
    density_layers (780)
        on left: 800 801
        on right: 799 801
    density_layer (781)
        on left: 804
        on right: 799 801
    $@101 (782)
        on left: 802
        on right: 804
    $@102 (783)
        on left: 803
        on right: 804
    density_layer_rects (784)
        on left: 805 806
        on right: 804 806
    density_layer_rect (785)
        on left: 807
        on right: 804 806
    macro_clocktype (786)
        on left: 809
        on right: 552
    $@103 (787)
        on left: 808
        on right: 809
    timing (788)
        on left: 810
        on right: 553
    start_timing (789)
        on left: 811
        on right: 810
    end_timing (790)
        on left: 812
        on right: 810
    timing_options (791)
        on left: 813 814
        on right: 810 814
    timing_option (792)
        on left: 816 818 820 821 822 823 824 825 826 827 828 829 830 831 832 833 834 835 836 837 838 839
        on right: 814
    $@104 (793)
        on left: 815
        on right: 816
    $@105 (794)
        on left: 817
        on right: 818
    $@106 (795)
        on left: 819
        on right: 820
    one_pin_trigger <string> (796)
        on left: 840 841 842
        on right: 835
    two_pin_trigger <string> (797)
        on left: 843 844 845 846
        on right: 834
    from_pin_trigger <string> (798)
        on left: 847 848 849
        on right: 834
    to_pin_trigger <string> (799)
        on left: 850 851 852
        on right: 834
    delay_or_transition <string> (800)
        on left: 853 854
        on right: 821
    list_of_table_entries (801)
        on left: 855 856
        on right: 823 856
    table_entry (802)
        on left: 857
        on right: 855 856
    list_of_table_axis_dnumbers (803)
        on left: 858 859
        on right: 822 859
    slew_spec (804)
        on left: 860 861 862
        on right: 820
    risefall <string> (805)
        on left: 863 864
        on right: 820 821 833
    unateness <string> (806)
        on left: 865 866 867
        on right: 821 832
    list_of_from_strings (807)
        on left: 868 869
        on right: 816 869
    list_of_to_strings (808)
        on left: 870 871
        on right: 818 871
    array (809)
        on left: 873
        on right: 29
    $@107 (810)
        on left: 872
        on right: 873
    start_array (811)
        on left: 875
        on right: 873
    $@108 (812)
        on left: 874
        on right: 875
    end_array (813)
        on left: 877
        on right: 873
    $@109 (814)
        on left: 876
        on right: 877
    array_rules (815)
        on left: 878 879
        on right: 873 879
    array_rule (816)
        on left: 881 883 885 887 888 890 891 892
        on right: 879
    $@110 (817)
        on left: 880
        on right: 881
    $@111 (818)
        on left: 882
        on right: 883
    $@112 (819)
        on left: 884
        on right: 885
    $@113 (820)
        on left: 886
        on right: 887
    $@114 (821)
        on left: 889
        on right: 890
    floorplan_start (822)
        on left: 893
        on right: 888
    floorplan_list (823)
        on left: 894 895
        on right: 888 895
    floorplan_element (824)
        on left: 897 899
        on right: 895
    $@115 (825)
        on left: 896
        on right: 897
    $@116 (826)
        on left: 898
        on right: 899
    cap_list (827)
        on left: 900 901
        on right: 891 901
    one_cap (828)
        on left: 902
        on right: 901
    msg_statement (829)
        on left: 904
        on right: 22
    $@117 (830)
        on left: 903
        on right: 904
    create_file_statement (831)
        on left: 906
        on right: 50
    $@118 (832)
        on left: 905
        on right: 906
    def_statement (833)
        on left: 908 910 912
        on right: 30 892
    $@119 (834)
        on left: 907
        on right: 908
    $@120 (835)
        on left: 909
        on right: 910
    $@121 (836)
        on left: 911
        on right: 912
    dtrm (837)
        on left: 913 914 915
        on right: 904 906 908 910 912 1034 1051
    then (838)
        on left: 916 917
        on right: 926 940 945
    else (839)
        on left: 918 919
        on right: 926 940 945
    expression <dval> (840)
        on left: 920 921 922 923 924 925 926 927
        on right: 908 920 921 922 923 924 925 926 928 929 930
    b_expr <integer> (841)
        on left: 928 929 930 931 932 933 934 935 936 937 938 939 940 941 942
        on right: 912 926 934 935 936 937 938 939 940 945
    s_expr <string> (842)
        on left: 943 944 945 946
        on right: 904 906 910 931 932 933 943 944 945
    relop <integer> (843)
        on left: 947 948 949 950 951 952 953 954 955
        on right: 928 931
    prop_def_section (844)
        on left: 957
        on right: 32
    $@122 (845)
        on left: 956
        on right: 957
    prop_stmts (846)
        on left: 958 959
        on right: 957 959
    prop_stmt (847)
        on left: 961 963 965 967 969 971 973 975
        on right: 959
    $@123 (848)
        on left: 960
        on right: 961
    $@124 (849)
        on left: 962
        on right: 963
    $@125 (850)
        on left: 964
        on right: 965
    $@126 (851)
        on left: 966
        on right: 967
    $@127 (852)
        on left: 968
        on right: 969
    $@128 (853)
        on left: 970
        on right: 971
    $@129 (854)
        on left: 972
        on right: 973
    $@130 (855)
        on left: 974
        on right: 975
    prop_define (856)
        on left: 976 977 978 979 980
        on right: 961 963 965 967 969 971 973 975
    opt_range_second (857)
        on left: 981 982 983 984 985
        on right: 1013
    opt_endofline (858)
        on left: 986 988
        on right: 1017
    $@131 (859)
        on left: 987
        on right: 988
    opt_endofline_twoedges (860)
        on left: 989 990
        on right: 988
    opt_samenetPGonly (861)
        on left: 991 992
        on right: 1003
    opt_def_range (862)
        on left: 993 994
        on right: 976 977
    opt_def_value (863)
        on left: 995 996
        on right: 977
    opt_def_dvalue (864)
        on left: 997 998
        on right: 976
    layer_spacing_opts (865)
        on left: 999 1000
        on right: 100 1000
    layer_spacing_opt (866)
        on left: 1001 1003 1004
        on right: 1000
    $@132 (867)
        on left: 1002
        on right: 1003
    layer_spacing_cut_routing (868)
        on left: 1005 1008 1010 1011 1013 1014 1015 1017 1018 1019
        on right: 100
    $@133 (869)
        on left: 1006
        on right: 1008
    $@134 (870)
        on left: 1007
        on right: 1008
    $@135 (871)
        on left: 1009
        on right: 1010
    $@136 (872)
        on left: 1012
        on right: 1013
    $@137 (873)
        on left: 1016
        on right: 1017
    spacing_cut_layer_opt (874)
        on left: 1020 1021
        on right: 1008
    opt_adjacentcuts_exceptsame (875)
        on left: 1022 1023
        on right: 1010
    opt_layer_name <string> (876)
        on left: 1024 1026
        on right: 673 674 675 678 679 680 681 682
    $@138 (877)
        on left: 1025
        on right: 1026
    req_layer_name <string> (878)
        on left: 1028
        on right: 683 684 685
    $@139 (879)
        on left: 1027
        on right: 1028
    universalnoisemargin (880)
        on left: 1029
        on right: 33
    edgeratethreshold1 (881)
        on left: 1030
        on right: 34
    edgeratethreshold2 (882)
        on left: 1031
        on right: 36
    edgeratescalefactor (883)
        on left: 1032
        on right: 35
    noisetable (884)
        on left: 1034
        on right: 37
    $@140 (885)
        on left: 1033
        on right: 1034
    end_noisetable (886)
        on left: 1035
        on right: 1034
    noise_table_list (887)
        on left: 1036 1037
        on right: 1034 1037
    noise_table_entry (888)
        on left: 1038 1039
        on right: 1036 1037
    output_resistance_entry (889)
        on left: 1041
        on right: 1039
    $@141 (890)
        on left: 1040
        on right: 1041
    num_list (891)
        on left: 1042 1043
        on right: 1041 1043
    victim_list (892)
        on left: 1044 1045
        on right: 1041 1045
    victim (893)
        on left: 1047
        on right: 1044 1045
    $@142 (894)
        on left: 1046
        on right: 1047
    vnoiselist (895)
        on left: 1048 1049
        on right: 1047 1049
    correctiontable (896)
        on left: 1051
        on right: 38
    $@143 (897)
        on left: 1050
        on right: 1051
    end_correctiontable (898)
        on left: 1052
        on right: 1051
    correction_table_list (899)
        on left: 1053 1054
        on right: 1051 1054
    correction_table_item (900)
        on left: 1055 1056
        on right: 1053 1054
    output_list (901)
        on left: 1058
        on right: 1056
    $@144 (902)
        on left: 1057
        on right: 1058
    numo_list (903)
        on left: 1059 1060
        on right: 1058 1060
    corr_victim_list (904)
        on left: 1061 1062
        on right: 1058 1062
    corr_victim (905)
        on left: 1064
        on right: 1061 1062
    $@145 (906)
        on left: 1063
        on right: 1064
    corr_list (907)
        on left: 1065 1066
        on right: 1064 1066
    input_antenna (908)
        on left: 1067
        on right: 39
    output_antenna (909)
        on left: 1068
        on right: 40
    inout_antenna (910)
        on left: 1069
        on right: 41
    antenna_input (911)
        on left: 1070
        on right: 42
    antenna_inout (912)
        on left: 1071
        on right: 43
    antenna_output (913)
        on left: 1072
        on right: 44
    extension_opt (914)
        on left: 1073 1074
        on right: 1 1074
    extension (915)
        on left: 1075
        on right: 1074


状态 0

    0 $accept: • lef_file $end

    error  偏移，并进入状态 1

    $end                     使用规则 7 以归约 (rules)
    K_ARRAY                  使用规则 7 以归约 (rules)
    K_DIELECTRIC             使用规则 7 以归约 (rules)
    K_END                    使用规则 7 以归约 (rules)
    K_IRDROP                 使用规则 7 以归约 (rules)
    K_LAYER                  使用规则 7 以归约 (rules)
    K_MACRO                  使用规则 7 以归约 (rules)
    K_MINFEATURE             使用规则 7 以归约 (rules)
    K_NAMESCASESENSITIVE     使用规则 7 以归约 (rules)
    K_NONDEFAULTRULE         使用规则 7 以归约 (rules)
    K_SITE                   使用规则 7 以归约 (rules)
    K_SPACING                使用规则 7 以归约 (rules)
    K_UNITS                  使用规则 7 以归约 (rules)
    K_VIA                    使用规则 7 以归约 (rules)
    K_VIARULE                使用规则 7 以归约 (rules)
    K_DEFINE                 使用规则 7 以归约 (rules)
    K_DEFINES                使用规则 7 以归约 (rules)
    K_DEFINEB                使用规则 7 以归约 (rules)
    K_PROPDEF                使用规则 7 以归约 (rules)
    K_BUSBITCHARS            使用规则 7 以归约 (rules)
    K_VERSION                使用规则 7 以归约 (rules)
    K_BEGINEXT               使用规则 7 以归约 (rules)
    K_UNIVERSALNOISEMARGIN   使用规则 7 以归约 (rules)
    K_EDGERATETHRESHOLD1     使用规则 7 以归约 (rules)
    K_CORRECTIONTABLE        使用规则 7 以归约 (rules)
    K_EDGERATESCALEFACTOR    使用规则 7 以归约 (rules)
    K_EDGERATETHRESHOLD2     使用规则 7 以归约 (rules)
    K_NOISETABLE             使用规则 7 以归约 (rules)
    K_OUTPUTPINANTENNASIZE   使用规则 7 以归约 (rules)
    K_INPUTPINANTENNASIZE    使用规则 7 以归约 (rules)
    K_INOUTPINANTENNASIZE    使用规则 7 以归约 (rules)
    K_DIVIDERCHAR            使用规则 7 以归约 (rules)
    K_NOWIREEXTENSIONATPIN   使用规则 7 以归约 (rules)
    K_MESSAGE                使用规则 7 以归约 (rules)
    K_CREATEFILE             使用规则 7 以归约 (rules)
    K_ANTENNAINPUTGATEAREA   使用规则 7 以归约 (rules)
    K_ANTENNAINOUTDIFFAREA   使用规则 7 以归约 (rules)
    K_ANTENNAOUTPUTDIFFAREA  使用规则 7 以归约 (rules)
    K_MANUFACTURINGGRID      使用规则 7 以归约 (rules)
    K_FIXEDMASK              使用规则 7 以归约 (rules)
    K_CLEARANCEMEASURE       使用规则 7 以归约 (rules)
    K_USEMINSPACING          使用规则 7 以归约 (rules)
    K_MAXVIASTACK            使用规则 7 以归约 (rules)

    lef_file  转到状态 2
    rules     转到状态 3


状态 1

    9 rules: error •

    $default  使用规则 9 以归约 (rules)


状态 2

    0 $accept: lef_file • $end

    $end  偏移，并进入状态 4


状态 3

    1 lef_file: rules • extension_opt end_library
    8 rules: rules • rule

    K_ARRAY                  偏移，并进入状态 5
    K_DIELECTRIC             偏移，并进入状态 6
    K_IRDROP                 偏移，并进入状态 7
    K_LAYER                  偏移，并进入状态 8
    K_MACRO                  偏移，并进入状态 9
    K_MINFEATURE             偏移，并进入状态 10
    K_NAMESCASESENSITIVE     偏移，并进入状态 11
    K_NONDEFAULTRULE         偏移，并进入状态 12
    K_SITE                   偏移，并进入状态 13
    K_SPACING                偏移，并进入状态 14
    K_UNITS                  偏移，并进入状态 15
    K_VIA                    偏移，并进入状态 16
    K_VIARULE                偏移，并进入状态 17
    K_DEFINE                 偏移，并进入状态 18
    K_DEFINES                偏移，并进入状态 19
    K_DEFINEB                偏移，并进入状态 20
    K_PROPDEF                偏移，并进入状态 21
    K_BUSBITCHARS            偏移，并进入状态 22
    K_VERSION                偏移，并进入状态 23
    K_UNIVERSALNOISEMARGIN   偏移，并进入状态 24
    K_EDGERATETHRESHOLD1     偏移，并进入状态 25
    K_CORRECTIONTABLE        偏移，并进入状态 26
    K_EDGERATESCALEFACTOR    偏移，并进入状态 27
    K_EDGERATETHRESHOLD2     偏移，并进入状态 28
    K_NOISETABLE             偏移，并进入状态 29
    K_OUTPUTPINANTENNASIZE   偏移，并进入状态 30
    K_INPUTPINANTENNASIZE    偏移，并进入状态 31
    K_INOUTPINANTENNASIZE    偏移，并进入状态 32
    K_DIVIDERCHAR            偏移，并进入状态 33
    K_NOWIREEXTENSIONATPIN   偏移，并进入状态 34
    K_MESSAGE                偏移，并进入状态 35
    K_CREATEFILE             偏移，并进入状态 36
    K_ANTENNAINPUTGATEAREA   偏移，并进入状态 37
    K_ANTENNAINOUTDIFFAREA   偏移，并进入状态 38
    K_ANTENNAOUTPUTDIFFAREA  偏移，并进入状态 39
    K_MANUFACTURINGGRID      偏移，并进入状态 40
    K_FIXEDMASK              偏移，并进入状态 41
    K_CLEARANCEMEASURE       偏移，并进入状态 42
    K_USEMINSPACING          偏移，并进入状态 43
    K_MAXVIASTACK            偏移，并进入状态 44

    $default  使用规则 1073 以归约 (extension_opt)

    version                转到状态 45
    dividerchar            转到状态 46
    busbitchars            转到状态 47
    rule                   转到状态 48
    case_sensitivity       转到状态 49
    wireextension          转到状态 50
    fixedmask              转到状态 51
    manufacturing          转到状态 52
    useminspacing          转到状态 53
    clearancemeasure       转到状态 54
    units_section          转到状态 55
    start_units            转到状态 56
    layer_rule             转到状态 57
    start_layer            转到状态 58
    maxstack_via           转到状态 59
    via                    转到状态 60
    via_keyword            转到状态 61
    start_via              转到状态 62
    viarule_keyword        转到状态 63
    viarule                转到状态 64
    viarule_generate       转到状态 65
    spacing_rule           转到状态 66
    start_spacing          转到状态 67
    irdrop                 转到状态 68
    start_irdrop           转到状态 69
    minfeature             转到状态 70
    dielectric             转到状态 71
    nondefault_rule        转到状态 72
    site                   转到状态 73
    start_site             转到状态 74
    macro                  转到状态 75
    start_macro            转到状态 76
    array                  转到状态 77
    start_array            转到状态 78
    msg_statement          转到状态 79
    create_file_statement  转到状态 80
    def_statement          转到状态 81
    prop_def_section       转到状态 82
    universalnoisemargin   转到状态 83
    edgeratethreshold1     转到状态 84
    edgeratethreshold2     转到状态 85
    edgeratescalefactor    转到状态 86
    noisetable             转到状态 87
    correctiontable        转到状态 88
    input_antenna          转到状态 89
    output_antenna         转到状态 90
    inout_antenna          转到状态 91
    antenna_input          转到状态 92
    antenna_inout          转到状态 93
    antenna_output         转到状态 94
    extension_opt          转到状态 95


状态 4

    0 $accept: lef_file $end •

    $default  接受


状态 5

  875 start_array: K_ARRAY • $@108 T_STRING

    $default  使用规则 874 以归约 ($@108)

    $@108  转到状态 96


状态 6

  457 dielectric: K_DIELECTRIC • int_number ';'

    NUMBER  偏移，并进入状态 97

    int_number  转到状态 98


状态 7

  447 start_irdrop: K_IRDROP •

    $default  使用规则 447 以归约 (start_irdrop)


状态 8

   79 start_layer: K_LAYER • $@2 T_STRING

    $default  使用规则 78 以归约 ($@2)

    $@2  转到状态 99


状态 9

  529 start_macro: K_MACRO • $@76 T_STRING

    $default  使用规则 528 以归约 ($@76)

    $@76  转到状态 100


状态 10

  456 minfeature: K_MINFEATURE • int_number int_number ';'

    NUMBER  偏移，并进入状态 97

    int_number  转到状态 101


状态 11

   51 case_sensitivity: K_NAMESCASESENSITIVE • K_ON ';'
   52                 | K_NAMESCASESENSITIVE • K_OFF ';'

    K_OFF  偏移，并进入状态 102
    K_ON   偏移，并进入状态 103


状态 12

  461 nondefault_rule: K_NONDEFAULTRULE • $@63 T_STRING $@64 nd_hardspacing nd_rules $@65 end_nd_rule

    $default  使用规则 458 以归约 ($@63)

    $@63  转到状态 104


状态 13

  500 start_site: K_SITE • $@71 T_STRING

    $default  使用规则 499 以归约 ($@71)

    $@71  转到状态 105


状态 14

  437 start_spacing: K_SPACING •

    $default  使用规则 437 以归约 (start_spacing)


状态 15

   66 start_units: K_UNITS •

    $default  使用规则 66 以归约 (start_units)


状态 16

  334 via_keyword: K_VIA •

    $default  使用规则 334 以归约 (via_keyword)


状态 17

  398 viarule_keyword: K_VIARULE • $@58 T_STRING

    $default  使用规则 397 以归约 ($@58)

    $@58  转到状态 106


状态 18

  908 def_statement: K_DEFINE • $@119 T_STRING '=' expression dtrm

    $default  使用规则 907 以归约 ($@119)

    $@119  转到状态 107


状态 19

  910 def_statement: K_DEFINES • $@120 T_STRING '=' s_expr dtrm

    $default  使用规则 909 以归约 ($@120)

    $@120  转到状态 108


状态 20

  912 def_statement: K_DEFINEB • $@121 T_STRING '=' b_expr dtrm

    $default  使用规则 911 以归约 ($@121)

    $@121  转到状态 109


状态 21

  957 prop_def_section: K_PROPDEF • $@122 prop_stmts K_END K_PROPDEF

    $default  使用规则 956 以归约 ($@122)

    $@122  转到状态 110


状态 22

    6 busbitchars: K_BUSBITCHARS • QSTRING ';'

    QSTRING  偏移，并进入状态 111


状态 23

    3 version: K_VERSION • $@1 T_STRING ';'

    $default  使用规则 2 以归约 ($@1)

    $@1  转到状态 112


状态 24

  1029 universalnoisemargin: K_UNIVERSALNOISEMARGIN • int_number int_number ';'

    NUMBER  偏移，并进入状态 97

    int_number  转到状态 113


状态 25

  1030 edgeratethreshold1: K_EDGERATETHRESHOLD1 • int_number ';'

    NUMBER  偏移，并进入状态 97

    int_number  转到状态 114


状态 26

  1051 correctiontable: K_CORRECTIONTABLE • int_number ';' $@143 correction_table_list end_correctiontable dtrm

    NUMBER  偏移，并进入状态 97

    int_number  转到状态 115


状态 27

  1032 edgeratescalefactor: K_EDGERATESCALEFACTOR • int_number ';'

    NUMBER  偏移，并进入状态 97

    int_number  转到状态 116


状态 28

  1031 edgeratethreshold2: K_EDGERATETHRESHOLD2 • int_number ';'

    NUMBER  偏移，并进入状态 97

    int_number  转到状态 117


状态 29

  1034 noisetable: K_NOISETABLE • int_number $@140 ';' noise_table_list end_noisetable dtrm

    NUMBER  偏移，并进入状态 97

    int_number  转到状态 118


状态 30

  1068 output_antenna: K_OUTPUTPINANTENNASIZE • int_number ';'

    NUMBER  偏移，并进入状态 97

    int_number  转到状态 119


状态 31

  1067 input_antenna: K_INPUTPINANTENNASIZE • int_number ';'

    NUMBER  偏移，并进入状态 97

    int_number  转到状态 120


状态 32

  1069 inout_antenna: K_INOUTPINANTENNASIZE • int_number ';'

    NUMBER  偏移，并进入状态 97

    int_number  转到状态 121


状态 33

    5 dividerchar: K_DIVIDERCHAR • QSTRING ';'

    QSTRING  偏移，并进入状态 122


状态 34

   53 wireextension: K_NOWIREEXTENSIONATPIN • K_ON ';'
   54              | K_NOWIREEXTENSIONATPIN • K_OFF ';'

    K_OFF  偏移，并进入状态 123
    K_ON   偏移，并进入状态 124


状态 35

  904 msg_statement: K_MESSAGE • $@117 T_STRING '=' s_expr dtrm

    $default  使用规则 903 以归约 ($@117)

    $@117  转到状态 125


状态 36

  906 create_file_statement: K_CREATEFILE • $@118 T_STRING '=' s_expr dtrm

    $default  使用规则 905 以归约 ($@118)

    $@118  转到状态 126


状态 37

  1070 antenna_input: K_ANTENNAINPUTGATEAREA • NUMBER ';'

    NUMBER  偏移，并进入状态 127


状态 38

  1071 antenna_inout: K_ANTENNAINOUTDIFFAREA • NUMBER ';'

    NUMBER  偏移，并进入状态 128


状态 39

  1072 antenna_output: K_ANTENNAOUTPUTDIFFAREA • NUMBER ';'

    NUMBER  偏移，并进入状态 129


状态 40

   56 manufacturing: K_MANUFACTURINGGRID • int_number ';'

    NUMBER  偏移，并进入状态 97

    int_number  转到状态 130


状态 41

   55 fixedmask: K_FIXEDMASK • ';'

    ';'  偏移，并进入状态 131


状态 42

   58 clearancemeasure: K_CLEARANCEMEASURE • clearance_type ';'

    K_EUCLIDEAN  偏移，并进入状态 132
    K_MAXXY      偏移，并进入状态 133

    clearance_type  转到状态 134


状态 43

   57 useminspacing: K_USEMINSPACING • spacing_type spacing_value ';'

    K_OBS  偏移，并进入状态 135
    K_PIN  偏移，并进入状态 136

    spacing_type  转到状态 137


状态 44

  329 maxstack_via: K_MAXVIASTACK • int_number ';'
  331             | K_MAXVIASTACK • int_number K_RANGE $@47 T_STRING T_STRING ';'

    NUMBER  偏移，并进入状态 97

    int_number  转到状态 138


状态 45

   12 rule: version •

    $default  使用规则 12 以归约 (rule)


状态 46

   20 rule: dividerchar •

    $default  使用规则 20 以归约 (rule)


状态 47

   13 rule: busbitchars •

    $default  使用规则 13 以归约 (rule)


状态 48

    8 rules: rules rule •

    $default  使用规则 8 以归约 (rules)


状态 49

   14 rule: case_sensitivity •

    $default  使用规则 14 以归约 (rule)


状态 50

   21 rule: wireextension •

    $default  使用规则 21 以归约 (rule)


状态 51

   46 rule: fixedmask •

    $default  使用规则 46 以归约 (rule)


状态 52

   45 rule: manufacturing •

    $default  使用规则 45 以归约 (rule)


状态 53

   47 rule: useminspacing •

    $default  使用规则 47 以归约 (rule)


状态 54

   48 rule: clearancemeasure •

    $default  使用规则 48 以归约 (rule)


状态 55

   15 rule: units_section •

    $default  使用规则 15 以归约 (rule)


状态 56

   65 units_section: start_units • units_rules K_END K_UNITS

    $default  使用规则 67 以归约 (units_rules)

    units_rules  转到状态 139


状态 57

   16 rule: layer_rule •

    $default  使用规则 16 以归约 (rule)


状态 58

   77 layer_rule: start_layer • layer_options end_layer

    $default  使用规则 82 以归约 (layer_options)

    layer_options  转到状态 140


状态 59

   49 rule: maxstack_via •

    $default  使用规则 49 以归约 (rule)


状态 60

   17 rule: via •

    $default  使用规则 17 以归约 (rule)


状态 61

  335 start_via: via_keyword • T_STRING
  336          | via_keyword • T_STRING K_DEFAULT
  337          | via_keyword • T_STRING K_GENERATED

    T_STRING  偏移，并进入状态 141


状态 62

  333 via: start_via • $@48 via_option end_via

    $default  使用规则 332 以归约 ($@48)

    $@48  转到状态 142


状态 63

  399 viarule: viarule_keyword • viarule_layer_list via_names opt_viarule_props end_viarule
  401 viarule_generate: viarule_keyword • K_GENERATE viarule_generate_default $@59 viarule_layer_list opt_viarule_props end_viarule

    K_GENERATE  偏移，并进入状态 143
    K_LAYER     偏移，并进入状态 144

    viarule_layer_list  转到状态 145
    viarule_layer       转到状态 146
    viarule_layer_name  转到状态 147


状态 64

   18 rule: viarule •

    $default  使用规则 18 以归约 (rule)


状态 65

   19 rule: viarule_generate •

    $default  使用规则 19 以归约 (rule)


状态 66

   23 rule: spacing_rule •

    $default  使用规则 23 以归约 (rule)


状态 67

  436 spacing_rule: start_spacing • spacings end_spacing

    $default  使用规则 439 以归约 (spacings)

    spacings  转到状态 148


状态 68

   26 rule: irdrop •

    $default  使用规则 26 以归约 (rule)


状态 69

  446 irdrop: start_irdrop • ir_tables end_irdrop

    $default  使用规则 449 以归约 (ir_tables)

    ir_tables  转到状态 149


状态 70

   25 rule: minfeature •

    $default  使用规则 25 以归约 (rule)


状态 71

   24 rule: dielectric •

    $default  使用规则 24 以归约 (rule)


状态 72

   31 rule: nondefault_rule •

    $default  使用规则 31 以归约 (rule)


状态 73

   27 rule: site •

    $default  使用规则 27 以归约 (rule)


状态 74

  498 site: start_site • site_options end_site

    $default  使用规则 503 以归约 (site_options)

    site_options  转到状态 150


状态 75

   28 rule: macro •

    $default  使用规则 28 以归约 (rule)


状态 76

  527 macro: start_macro • macro_options $@75 end_macro

    $default  使用规则 532 以归约 (macro_options)

    macro_options  转到状态 151


状态 77

   29 rule: array •

    $default  使用规则 29 以归约 (rule)


状态 78

  873 array: start_array • array_rules $@107 end_array

    $default  使用规则 878 以归约 (array_rules)

    array_rules  转到状态 152


状态 79

   22 rule: msg_statement •

    $default  使用规则 22 以归约 (rule)


状态 80

   50 rule: create_file_statement •

    $default  使用规则 50 以归约 (rule)


状态 81

   30 rule: def_statement •

    $default  使用规则 30 以归约 (rule)


状态 82

   32 rule: prop_def_section •

    $default  使用规则 32 以归约 (rule)


状态 83

   33 rule: universalnoisemargin •

    $default  使用规则 33 以归约 (rule)


状态 84

   34 rule: edgeratethreshold1 •

    $default  使用规则 34 以归约 (rule)


状态 85

   36 rule: edgeratethreshold2 •

    $default  使用规则 36 以归约 (rule)


状态 86

   35 rule: edgeratescalefactor •

    $default  使用规则 35 以归约 (rule)


状态 87

   37 rule: noisetable •

    $default  使用规则 37 以归约 (rule)


状态 88

   38 rule: correctiontable •

    $default  使用规则 38 以归约 (rule)


状态 89

   39 rule: input_antenna •

    $default  使用规则 39 以归约 (rule)


状态 90

   40 rule: output_antenna •

    $default  使用规则 40 以归约 (rule)


状态 91

   41 rule: inout_antenna •

    $default  使用规则 41 以归约 (rule)


状态 92

   42 rule: antenna_input •

    $default  使用规则 42 以归约 (rule)


状态 93

   43 rule: antenna_inout •

    $default  使用规则 43 以归约 (rule)


状态 94

   44 rule: antenna_output •

    $default  使用规则 44 以归约 (rule)


状态 95

    1 lef_file: rules extension_opt • end_library
  1074 extension_opt: extension_opt • extension

    K_END       偏移，并进入状态 153
    K_BEGINEXT  偏移，并进入状态 154

    $default  使用规则 10 以归约 (end_library)

    end_library  转到状态 155
    extension    转到状态 156


状态 96

  875 start_array: K_ARRAY $@108 • T_STRING

    T_STRING  偏移，并进入状态 157


状态 97

    4 int_number: NUMBER •

    $default  使用规则 4 以归约 (int_number)


状态 98

  457 dielectric: K_DIELECTRIC int_number • ';'

    ';'  偏移，并进入状态 158


状态 99

   79 start_layer: K_LAYER $@2 • T_STRING

    T_STRING  偏移，并进入状态 159


状态 100

  529 start_macro: K_MACRO $@76 • T_STRING

    T_STRING  偏移，并进入状态 160


状态 101

  456 minfeature: K_MINFEATURE int_number • int_number ';'

    NUMBER  偏移，并进入状态 97

    int_number  转到状态 161


状态 102

   52 case_sensitivity: K_NAMESCASESENSITIVE K_OFF • ';'

    ';'  偏移，并进入状态 162


状态 103

   51 case_sensitivity: K_NAMESCASESENSITIVE K_ON • ';'

    ';'  偏移，并进入状态 163


状态 104

  461 nondefault_rule: K_NONDEFAULTRULE $@63 • T_STRING $@64 nd_hardspacing nd_rules $@65 end_nd_rule

    T_STRING  偏移，并进入状态 164


状态 105

  500 start_site: K_SITE $@71 • T_STRING

    T_STRING  偏移，并进入状态 165


状态 106

  398 viarule_keyword: K_VIARULE $@58 • T_STRING

    T_STRING  偏移，并进入状态 166


状态 107

  908 def_statement: K_DEFINE $@119 • T_STRING '=' expression dtrm

    T_STRING  偏移，并进入状态 167


状态 108

  910 def_statement: K_DEFINES $@120 • T_STRING '=' s_expr dtrm

    T_STRING  偏移，并进入状态 168


状态 109

  912 def_statement: K_DEFINEB $@121 • T_STRING '=' b_expr dtrm

    T_STRING  偏移，并进入状态 169


状态 110

  957 prop_def_section: K_PROPDEF $@122 • prop_stmts K_END K_PROPDEF

    $default  使用规则 958 以归约 (prop_stmts)

    prop_stmts  转到状态 170


状态 111

    6 busbitchars: K_BUSBITCHARS QSTRING • ';'

    ';'  偏移，并进入状态 171


状态 112

    3 version: K_VERSION $@1 • T_STRING ';'

    T_STRING  偏移，并进入状态 172


状态 113

  1029 universalnoisemargin: K_UNIVERSALNOISEMARGIN int_number • int_number ';'

    NUMBER  偏移，并进入状态 97

    int_number  转到状态 173


状态 114

  1030 edgeratethreshold1: K_EDGERATETHRESHOLD1 int_number • ';'

    ';'  偏移，并进入状态 174


状态 115

  1051 correctiontable: K_CORRECTIONTABLE int_number • ';' $@143 correction_table_list end_correctiontable dtrm

    ';'  偏移，并进入状态 175


状态 116

  1032 edgeratescalefactor: K_EDGERATESCALEFACTOR int_number • ';'

    ';'  偏移，并进入状态 176


状态 117

  1031 edgeratethreshold2: K_EDGERATETHRESHOLD2 int_number • ';'

    ';'  偏移，并进入状态 177


状态 118

  1034 noisetable: K_NOISETABLE int_number • $@140 ';' noise_table_list end_noisetable dtrm

    $default  使用规则 1033 以归约 ($@140)

    $@140  转到状态 178


状态 119

  1068 output_antenna: K_OUTPUTPINANTENNASIZE int_number • ';'

    ';'  偏移，并进入状态 179


状态 120

  1067 input_antenna: K_INPUTPINANTENNASIZE int_number • ';'

    ';'  偏移，并进入状态 180


状态 121

  1069 inout_antenna: K_INOUTPINANTENNASIZE int_number • ';'

    ';'  偏移，并进入状态 181


状态 122

    5 dividerchar: K_DIVIDERCHAR QSTRING • ';'

    ';'  偏移，并进入状态 182


状态 123

   54 wireextension: K_NOWIREEXTENSIONATPIN K_OFF • ';'

    ';'  偏移，并进入状态 183


状态 124

   53 wireextension: K_NOWIREEXTENSIONATPIN K_ON • ';'

    ';'  偏移，并进入状态 184


状态 125

  904 msg_statement: K_MESSAGE $@117 • T_STRING '=' s_expr dtrm

    T_STRING  偏移，并进入状态 185


状态 126

  906 create_file_statement: K_CREATEFILE $@118 • T_STRING '=' s_expr dtrm

    T_STRING  偏移，并进入状态 186


状态 127

  1070 antenna_input: K_ANTENNAINPUTGATEAREA NUMBER • ';'

    ';'  偏移，并进入状态 187


状态 128

  1071 antenna_inout: K_ANTENNAINOUTDIFFAREA NUMBER • ';'

    ';'  偏移，并进入状态 188


状态 129

  1072 antenna_output: K_ANTENNAOUTPUTDIFFAREA NUMBER • ';'

    ';'  偏移，并进入状态 189


状态 130

   56 manufacturing: K_MANUFACTURINGGRID int_number • ';'

    ';'  偏移，并进入状态 190


状态 131

   55 fixedmask: K_FIXEDMASK ';' •

    $default  使用规则 55 以归约 (fixedmask)


状态 132

   60 clearance_type: K_EUCLIDEAN •

    $default  使用规则 60 以归约 (clearance_type)


状态 133

   59 clearance_type: K_MAXXY •

    $default  使用规则 59 以归约 (clearance_type)


状态 134

   58 clearancemeasure: K_CLEARANCEMEASURE clearance_type • ';'

    ';'  偏移，并进入状态 191


状态 135

   61 spacing_type: K_OBS •

    $default  使用规则 61 以归约 (spacing_type)


状态 136

   62 spacing_type: K_PIN •

    $default  使用规则 62 以归约 (spacing_type)


状态 137

   57 useminspacing: K_USEMINSPACING spacing_type • spacing_value ';'

    K_OFF  偏移，并进入状态 192
    K_ON   偏移，并进入状态 193

    spacing_value  转到状态 194


状态 138

  329 maxstack_via: K_MAXVIASTACK int_number • ';'
  331             | K_MAXVIASTACK int_number • K_RANGE $@47 T_STRING T_STRING ';'

    K_RANGE  偏移，并进入状态 195
    ';'      偏移，并进入状态 196


状态 139

   65 units_section: start_units units_rules • K_END K_UNITS
   68 units_rules: units_rules • units_rule

    K_CAPACITANCE  偏移，并进入状态 197
    K_CURRENT      偏移，并进入状态 198
    K_DATABASE     偏移，并进入状态 199
    K_END          偏移，并进入状态 200
    K_POWER        偏移，并进入状态 201
    K_RESISTANCE   偏移，并进入状态 202
    K_TIME         偏移，并进入状态 203
    K_VOLTAGE      偏移，并进入状态 204
    K_FREQUENCY    偏移，并进入状态 205

    units_rule  转到状态 206


状态 140

   77 layer_rule: start_layer layer_options • end_layer
   83 layer_options: layer_options • layer_option

    K_AREA                         偏移，并进入状态 207
    K_CAPACITANCE                  偏移，并进入状态 208
    K_CAPMULTIPLIER                偏移，并进入状态 209
    K_DIRECTION                    偏移，并进入状态 210
    K_EDGECAPACITANCE              偏移，并进入状态 211
    K_END                          偏移，并进入状态 212
    K_HEIGHT                       偏移，并进入状态 213
    K_OFFSET                       偏移，并进入状态 214
    K_PITCH                        偏移，并进入状态 215
    K_RESISTANCE                   偏移，并进入状态 216
    K_SHRINKAGE                    偏移，并进入状态 217
    K_SPACING                      偏移，并进入状态 218
    K_THICKNESS                    偏移，并进入状态 219
    K_TYPE                         偏移，并进入状态 220
    K_WIDTH                        偏移，并进入状态 221
    K_PROPERTY                     偏移，并进入状态 222
    K_CURRENTDEN                   偏移，并进入状态 223
    K_ANTENNALENGTHFACTOR          偏移，并进入状态 224
    K_WIREEXTENSION                偏移，并进入状态 225
    K_ACCURRENTDENSITY             偏移，并进入状态 226
    K_DCCURRENTDENSITY             偏移，并进入状态 227
    K_ANTENNAAREARATIO             偏移，并进入状态 228
    K_ANTENNADIFFAREARATIO         偏移，并进入状态 229
    K_ANTENNACUMAREARATIO          偏移，并进入状态 230
    K_ANTENNACUMDIFFAREARATIO      偏移，并进入状态 231
    K_ANTENNAAREAFACTOR            偏移，并进入状态 232
    K_ANTENNASIDEAREARATIO         偏移，并进入状态 233
    K_ANTENNADIFFSIDEAREARATIO     偏移，并进入状态 234
    K_ANTENNACUMSIDEAREARATIO      偏移，并进入状态 235
    K_ANTENNACUMDIFFSIDEAREARATIO  偏移，并进入状态 236
    K_ANTENNASIDEAREAFACTOR        偏移，并进入状态 237
    K_SLOTWIREWIDTH                偏移，并进入状态 238
    K_SLOTWIRELENGTH               偏移，并进入状态 239
    K_SLOTWIDTH                    偏移，并进入状态 240
    K_SLOTLENGTH                   偏移，并进入状态 241
    K_MAXADJACENTSLOTSPACING       偏移，并进入状态 242
    K_MAXCOAXIALSLOTSPACING        偏移，并进入状态 243
    K_MAXEDGESLOTSPACING           偏移，并进入状态 244
    K_SPLITWIREWIDTH               偏移，并进入状态 245
    K_MINIMUMDENSITY               偏移，并进入状态 246
    K_MAXIMUMDENSITY               偏移，并进入状态 247
    K_DENSITYCHECKWINDOW           偏移，并进入状态 248
    K_DENSITYCHECKSTEP             偏移，并进入状态 249
    K_FILLACTIVESPACING            偏移，并进入状态 250
    K_MINIMUMCUT                   偏移，并进入状态 251
    K_ANTENNAMODEL                 偏移，并进入状态 252
    K_ENCLOSURE                    偏移，并进入状态 253
    K_MAXWIDTH                     偏移，并进入状态 254
    K_MINENCLOSEDAREA              偏移，并进入状态 255
    K_MINSTEP                      偏移，并进入状态 256
    K_MINWIDTH                     偏移，并进入状态 257
    K_PROTRUSIONWIDTH              偏移，并进入状态 258
    K_SPACINGTABLE                 偏移，并进入状态 259
    K_MASK                         偏移，并进入状态 260
    K_DIAGMINEDGELENGTH            偏移，并进入状态 261
    K_DIAGSPACING                  偏移，并进入状态 262
    K_DIAGPITCH                    偏移，并进入状态 263
    K_DIAGWIDTH                    偏移，并进入状态 264
    K_MINSIZE                      偏移，并进入状态 265
    K_PREFERENCLOSURE              偏移，并进入状态 266
    K_ARRAYSPACING                 偏移，并进入状态 267
    K_ANTENNAAREADIFFREDUCEPWL     偏移，并进入状态 268
    K_ANTENNAAREAMINUSDIFF         偏移，并进入状态 269
    K_ANTENNACUMROUTINGPLUSCUT     偏移，并进入状态 270
    K_ANTENNAGATEPLUSDIFF          偏移，并进入状态 271

    end_layer     转到状态 272
    layer_option  转到状态 273


状态 141

  335 start_via: via_keyword T_STRING •
  336          | via_keyword T_STRING • K_DEFAULT
  337          | via_keyword T_STRING • K_GENERATED

    K_DEFAULT    偏移，并进入状态 274
    K_GENERATED  偏移，并进入状态 275

    $default  使用规则 335 以归约 (start_via)


状态 142

  333 via: start_via $@48 • via_option end_via

    K_FOREIGN         偏移，并进入状态 276
    K_LAYER           偏移，并进入状态 277
    K_RESISTANCE      偏移，并进入状态 278
    K_TOPOFSTACKONLY  偏移，并进入状态 279
    K_VIARULE         偏移，并进入状态 280
    K_PROPERTY        偏移，并进入状态 281

    via_viarule        转到状态 282
    via_option         转到状态 283
    via_other_options  转到状态 284
    via_other_option   转到状态 285
    via_foreign        转到状态 286
    start_foreign      转到状态 287
    via_layer_rule     转到状态 288
    via_layer          转到状态 289


状态 143

  401 viarule_generate: viarule_keyword K_GENERATE • viarule_generate_default $@59 viarule_layer_list opt_viarule_props end_viarule

    K_DEFAULT  偏移，并进入状态 290

    $default  使用规则 402 以归约 (viarule_generate_default)

    viarule_generate_default  转到状态 291


状态 144

  422 viarule_layer_name: K_LAYER • $@61 T_STRING ';'

    $default  使用规则 421 以归约 ($@61)

    $@61  转到状态 292


状态 145

  399 viarule: viarule_keyword viarule_layer_list • via_names opt_viarule_props end_viarule
  405 viarule_layer_list: viarule_layer_list • viarule_layer

    K_LAYER  偏移，并进入状态 144

    $default  使用规则 418 以归约 (via_names)

    viarule_layer       转到状态 293
    via_names           转到状态 294
    viarule_layer_name  转到状态 147


状态 146

  404 viarule_layer_list: viarule_layer •

    $default  使用规则 404 以归约 (viarule_layer_list)


状态 147

  417 viarule_layer: viarule_layer_name • viarule_layer_options

    $default  使用规则 423 以归约 (viarule_layer_options)

    viarule_layer_options  转到状态 295


状态 148

  436 spacing_rule: start_spacing spacings • end_spacing
  440 spacings: spacings • spacing

    K_END      偏移，并进入状态 296
    K_SAMENET  偏移，并进入状态 297

    end_spacing      转到状态 298
    spacing          转到状态 299
    samenet_keyword  转到状态 300


状态 149

  446 irdrop: start_irdrop ir_tables • end_irdrop
  450 ir_tables: ir_tables • ir_table

    K_END    偏移，并进入状态 301
    K_TABLE  偏移，并进入状态 302

    end_irdrop    转到状态 303
    ir_table      转到状态 304
    ir_tablename  转到状态 305


状态 150

  498 site: start_site site_options • end_site
  504 site_options: site_options • site_option

    K_CLASS       偏移，并进入状态 306
    K_END         偏移，并进入状态 307
    K_SIZE        偏移，并进入状态 308
    K_SYMMETRY    偏移，并进入状态 309
    K_ROWPATTERN  偏移，并进入状态 310

    end_site                   转到状态 311
    site_option                转到状态 312
    site_class                 转到状态 313
    site_symmetry_statement    转到状态 314
    site_rowpattern_statement  转到状态 315


状态 151

  527 macro: start_macro macro_options • $@75 end_macro
  533 macro_options: macro_options • macro_option

    K_CLASS      偏移，并进入状态 316
    K_CLOCKTYPE  偏移，并进入状态 317
    K_EEQ        偏移，并进入状态 318
    K_FOREIGN    偏移，并进入状态 276
    K_GENERATE   偏移，并进入状态 319
    K_GENERATOR  偏移，并进入状态 320
    K_LEQ        偏移，并进入状态 321
    K_OBS        偏移，并进入状态 322
    K_ORIGIN     偏移，并进入状态 323
    K_PIN        偏移，并进入状态 324
    K_POWER      偏移，并进入状态 325
    K_SITE       偏移，并进入状态 326
    K_SIZE       偏移，并进入状态 327
    K_SOURCE     偏移，并进入状态 328
    K_SYMMETRY   偏移，并进入状态 329
    K_TIMING     偏移，并进入状态 330
    K_PROPERTY   偏移，并进入状态 331
    K_FUNCTION   偏移，并进入状态 332
    K_FIXEDMASK  偏移，并进入状态 333
    K_DENSITY    偏移，并进入状态 334

    $default  使用规则 526 以归约 ($@75)

    start_foreign             转到状态 335
    $@75                      转到状态 336
    macro_option              转到状态 337
    macro_symmetry_statement  转到状态 338
    macro_class               转到状态 339
    macro_generator           转到状态 340
    macro_generate            转到状态 341
    macro_source              转到状态 342
    macro_power               转到状态 343
    macro_origin              转到状态 344
    macro_foreign             转到状态 345
    macro_fixedMask           转到状态 346
    macro_eeq                 转到状态 347
    macro_leq                 转到状态 348
    macro_site                转到状态 349
    macro_site_word           转到状态 350
    macro_size                转到状态 351
    macro_pin                 转到状态 352
    start_macro_pin           转到状态 353
    macro_obs                 转到状态 354
    start_macro_obs           转到状态 355
    macro_density             转到状态 356
    macro_clocktype           转到状态 357
    timing                    转到状态 358
    start_timing              转到状态 359


状态 152

  873 array: start_array array_rules • $@107 end_array
  879 array_rules: array_rules • array_rule

    K_SITE          偏移，并进入状态 360
    K_CANPLACE      偏移，并进入状态 361
    K_CANNOTOCCUPY  偏移，并进入状态 362
    K_TRACKS        偏移，并进入状态 363
    K_FLOORPLAN     偏移，并进入状态 364
    K_GCELLGRID     偏移，并进入状态 365
    K_DEFAULTCAP    偏移，并进入状态 366
    K_DEFINE        偏移，并进入状态 18
    K_DEFINES       偏移，并进入状态 19
    K_DEFINEB       偏移，并进入状态 20

    $default  使用规则 872 以归约 ($@107)

    site_word        转到状态 367
    $@107            转到状态 368
    array_rule       转到状态 369
    floorplan_start  转到状态 370
    def_statement    转到状态 371


状态 153

   11 end_library: K_END • K_LIBRARY

    K_LIBRARY  偏移，并进入状态 372


状态 154

  1075 extension: K_BEGINEXT •

    $default  使用规则 1075 以归约 (extension)


状态 155

    1 lef_file: rules extension_opt end_library •

    $default  使用规则 1 以归约 (lef_file)


状态 156

  1074 extension_opt: extension_opt extension •

    $default  使用规则 1074 以归约 (extension_opt)


状态 157

  875 start_array: K_ARRAY $@108 T_STRING •

    $default  使用规则 875 以归约 (start_array)


状态 158

  457 dielectric: K_DIELECTRIC int_number ';' •

    $default  使用规则 457 以归约 (dielectric)


状态 159

   79 start_layer: K_LAYER $@2 T_STRING •

    $default  使用规则 79 以归约 (start_layer)


状态 160

  529 start_macro: K_MACRO $@76 T_STRING •

    $default  使用规则 529 以归约 (start_macro)


状态 161

  456 minfeature: K_MINFEATURE int_number int_number • ';'

    ';'  偏移，并进入状态 373


状态 162

   52 case_sensitivity: K_NAMESCASESENSITIVE K_OFF ';' •

    $default  使用规则 52 以归约 (case_sensitivity)


状态 163

   51 case_sensitivity: K_NAMESCASESENSITIVE K_ON ';' •

    $default  使用规则 51 以归约 (case_sensitivity)


状态 164

  461 nondefault_rule: K_NONDEFAULTRULE $@63 T_STRING • $@64 nd_hardspacing nd_rules $@65 end_nd_rule

    $default  使用规则 459 以归约 ($@64)

    $@64  转到状态 374


状态 165

  500 start_site: K_SITE $@71 T_STRING •

    $default  使用规则 500 以归约 (start_site)


状态 166

  398 viarule_keyword: K_VIARULE $@58 T_STRING •

    $default  使用规则 398 以归约 (viarule_keyword)


状态 167

  908 def_statement: K_DEFINE $@119 T_STRING • '=' expression dtrm

    '='  偏移，并进入状态 375


状态 168

  910 def_statement: K_DEFINES $@120 T_STRING • '=' s_expr dtrm

    '='  偏移，并进入状态 376


状态 169

  912 def_statement: K_DEFINEB $@121 T_STRING • '=' b_expr dtrm

    '='  偏移，并进入状态 377


状态 170

  957 prop_def_section: K_PROPDEF $@122 prop_stmts • K_END K_PROPDEF
  959 prop_stmts: prop_stmts • prop_stmt

    K_END             偏移，并进入状态 378
    K_COMPONENTPIN    偏移，并进入状态 379
    K_LAYER           偏移，并进入状态 380
    K_LIBRARY         偏移，并进入状态 381
    K_MACRO           偏移，并进入状态 382
    K_NONDEFAULTRULE  偏移，并进入状态 383
    K_PIN             偏移，并进入状态 384
    K_VIA             偏移，并进入状态 385
    K_VIARULE         偏移，并进入状态 386

    prop_stmt  转到状态 387


状态 171

    6 busbitchars: K_BUSBITCHARS QSTRING ';' •

    $default  使用规则 6 以归约 (busbitchars)


状态 172

    3 version: K_VERSION $@1 T_STRING • ';'

    ';'  偏移，并进入状态 388


状态 173

  1029 universalnoisemargin: K_UNIVERSALNOISEMARGIN int_number int_number • ';'

    ';'  偏移，并进入状态 389


状态 174

  1030 edgeratethreshold1: K_EDGERATETHRESHOLD1 int_number ';' •

    $default  使用规则 1030 以归约 (edgeratethreshold1)


状态 175

  1051 correctiontable: K_CORRECTIONTABLE int_number ';' • $@143 correction_table_list end_correctiontable dtrm

    $default  使用规则 1050 以归约 ($@143)

    $@143  转到状态 390


状态 176

  1032 edgeratescalefactor: K_EDGERATESCALEFACTOR int_number ';' •

    $default  使用规则 1032 以归约 (edgeratescalefactor)


状态 177

  1031 edgeratethreshold2: K_EDGERATETHRESHOLD2 int_number ';' •

    $default  使用规则 1031 以归约 (edgeratethreshold2)


状态 178

  1034 noisetable: K_NOISETABLE int_number $@140 • ';' noise_table_list end_noisetable dtrm

    ';'  偏移，并进入状态 391


状态 179

  1068 output_antenna: K_OUTPUTPINANTENNASIZE int_number ';' •

    $default  使用规则 1068 以归约 (output_antenna)


状态 180

  1067 input_antenna: K_INPUTPINANTENNASIZE int_number ';' •

    $default  使用规则 1067 以归约 (input_antenna)


状态 181

  1069 inout_antenna: K_INOUTPINANTENNASIZE int_number ';' •

    $default  使用规则 1069 以归约 (inout_antenna)


状态 182

    5 dividerchar: K_DIVIDERCHAR QSTRING ';' •

    $default  使用规则 5 以归约 (dividerchar)


状态 183

   54 wireextension: K_NOWIREEXTENSIONATPIN K_OFF ';' •

    $default  使用规则 54 以归约 (wireextension)


状态 184

   53 wireextension: K_NOWIREEXTENSIONATPIN K_ON ';' •

    $default  使用规则 53 以归约 (wireextension)


状态 185

  904 msg_statement: K_MESSAGE $@117 T_STRING • '=' s_expr dtrm

    '='  偏移，并进入状态 392


状态 186

  906 create_file_statement: K_CREATEFILE $@118 T_STRING • '=' s_expr dtrm

    '='  偏移，并进入状态 393


状态 187

  1070 antenna_input: K_ANTENNAINPUTGATEAREA NUMBER ';' •

    $default  使用规则 1070 以归约 (antenna_input)


状态 188

  1071 antenna_inout: K_ANTENNAINOUTDIFFAREA NUMBER ';' •

    $default  使用规则 1071 以归约 (antenna_inout)


状态 189

  1072 antenna_output: K_ANTENNAOUTPUTDIFFAREA NUMBER ';' •

    $default  使用规则 1072 以归约 (antenna_output)


状态 190

   56 manufacturing: K_MANUFACTURINGGRID int_number ';' •

    $default  使用规则 56 以归约 (manufacturing)


状态 191

   58 clearancemeasure: K_CLEARANCEMEASURE clearance_type ';' •

    $default  使用规则 58 以归约 (clearancemeasure)


状态 192

   64 spacing_value: K_OFF •

    $default  使用规则 64 以归约 (spacing_value)


状态 193

   63 spacing_value: K_ON •

    $default  使用规则 63 以归约 (spacing_value)


状态 194

   57 useminspacing: K_USEMINSPACING spacing_type spacing_value • ';'

    ';'  偏移，并进入状态 394


状态 195

  331 maxstack_via: K_MAXVIASTACK int_number K_RANGE • $@47 T_STRING T_STRING ';'

    $default  使用规则 330 以归约 ($@47)

    $@47  转到状态 395


状态 196

  329 maxstack_via: K_MAXVIASTACK int_number ';' •

    $default  使用规则 329 以归约 (maxstack_via)


状态 197

   70 units_rule: K_CAPACITANCE • K_PICOFARADS int_number ';'

    K_PICOFARADS  偏移，并进入状态 396


状态 198

   73 units_rule: K_CURRENT • K_MILLIAMPS int_number ';'

    K_MILLIAMPS  偏移，并进入状态 397


状态 199

   75 units_rule: K_DATABASE • K_MICRONS int_number ';'

    K_MICRONS  偏移，并进入状态 398


状态 200

   65 units_section: start_units units_rules K_END • K_UNITS

    K_UNITS  偏移，并进入状态 399


状态 201

   72 units_rule: K_POWER • K_MILLIWATTS int_number ';'

    K_MILLIWATTS  偏移，并进入状态 400


状态 202

   71 units_rule: K_RESISTANCE • K_OHMS int_number ';'

    K_OHMS  偏移，并进入状态 401


状态 203

   69 units_rule: K_TIME • K_NANOSECONDS int_number ';'

    K_NANOSECONDS  偏移，并进入状态 402


状态 204

   74 units_rule: K_VOLTAGE • K_VOLTS int_number ';'

    K_VOLTS  偏移，并进入状态 403


状态 205

   76 units_rule: K_FREQUENCY • K_MEGAHERTZ NUMBER ';'

    K_MEGAHERTZ  偏移，并进入状态 404


状态 206

   68 units_rules: units_rules units_rule •

    $default  使用规则 68 以归约 (units_rules)


状态 207

   98 layer_option: K_AREA • NUMBER ';'

    NUMBER  偏移，并进入状态 405


状态 208

  106 layer_option: K_CAPACITANCE • K_CPERSQDIST int_number ';'
  107             | K_CAPACITANCE • K_CPERSQDIST K_PWL '(' cap_points ')' ';'

    K_CPERSQDIST  偏移，并进入状态 406


状态 209

  112 layer_option: K_CAPMULTIPLIER • int_number ';'

    NUMBER  偏移，并进入状态 97

    int_number  转到状态 407


状态 210

  103 layer_option: K_DIRECTION • layer_direction ';'

    K_HORIZONTAL  偏移，并进入状态 408
    K_VERTICAL    偏移，并进入状态 409
    K_DIAG45      偏移，并进入状态 410
    K_DIAG135     偏移，并进入状态 411

    layer_direction  转到状态 412


状态 211

  113 layer_option: K_EDGECAPACITANCE • int_number ';'

    NUMBER  偏移，并进入状态 97

    int_number  转到状态 413


状态 212

   81 end_layer: K_END • $@3 T_STRING

    $default  使用规则 80 以归约 ($@3)

    $@3  转到状态 414


状态 213

  108 layer_option: K_HEIGHT • int_number ';'

    NUMBER  偏移，并进入状态 97

    int_number  转到状态 415


状态 214

   93 layer_option: K_OFFSET • int_number ';'
   94             | K_OFFSET • int_number int_number ';'

    NUMBER  偏移，并进入状态 97

    int_number  转到状态 416


状态 215

   89 layer_option: K_PITCH • int_number ';'
   90             | K_PITCH • int_number int_number ';'

    NUMBER  偏移，并进入状态 97

    int_number  转到状态 417


状态 216

  104 layer_option: K_RESISTANCE • K_RPERSQ int_number ';'
  105             | K_RESISTANCE • K_RPERSQ K_PWL '(' res_points ')' ';'
  182             | K_RESISTANCE • int_number ';'

    K_RPERSQ  偏移，并进入状态 418
    NUMBER    偏移，并进入状态 97

    int_number  转到状态 419


状态 217

  111 layer_option: K_SHRINKAGE • int_number ';'

    NUMBER  偏移，并进入状态 97

    int_number  转到状态 420


状态 218

  100 layer_option: K_SPACING • int_number $@6 layer_spacing_opts layer_spacing_cut_routing ';'

    NUMBER  偏移，并进入状态 97

    int_number  转到状态 421


状态 219

  110 layer_option: K_THICKNESS • int_number ';'

    NUMBER  偏移，并进入状态 97

    int_number  转到状态 422


状态 220

   87 layer_option: K_TYPE • layer_type ';'

    K_CUT          偏移，并进入状态 423
    K_OVERLAP      偏移，并进入状态 424
    K_ROUTING      偏移，并进入状态 425
    K_MASTERSLICE  偏移，并进入状态 426
    K_VIRTUAL      偏移，并进入状态 427
    K_IMPLANT      偏移，并进入状态 428

    layer_type  转到状态 429


状态 221

   97 layer_option: K_WIDTH • int_number ';'

    NUMBER  偏移，并进入状态 97

    int_number  转到状态 430


状态 222

  119 layer_option: K_PROPERTY • $@8 layer_prop_list ';'

    $default  使用规则 118 以归约 ($@8)

    $@8  转到状态 431


状态 223

  115 layer_option: K_CURRENTDEN • int_number ';'
  116             | K_CURRENTDEN • K_PWL '(' current_density_pwl_list ')' ';'
  117             | K_CURRENTDEN • '(' int_number int_number ')' ';'

    NUMBER  偏移，并进入状态 97
    K_PWL   偏移，并进入状态 432
    '('     偏移，并进入状态 433

    int_number  转到状态 434


状态 224

  114 layer_option: K_ANTENNALENGTHFACTOR • int_number ';'

    NUMBER  偏移，并进入状态 97

    int_number  转到状态 435


状态 225

  109 layer_option: K_WIREEXTENSION • int_number ';'

    NUMBER  偏移，并进入状态 97

    int_number  转到状态 436


状态 226

  121 layer_option: K_ACCURRENTDENSITY • layer_table_type $@9 layer_frequency
  122             | K_ACCURRENTDENSITY • layer_table_type int_number ';'

    K_AVERAGE  偏移，并进入状态 437
    K_PEAK     偏移，并进入状态 438
    K_RMS      偏移，并进入状态 439

    layer_table_type  转到状态 440


状态 227

  123 layer_option: K_DCCURRENTDENSITY • K_AVERAGE int_number ';'
  126             | K_DCCURRENTDENSITY • K_AVERAGE K_CUTAREA NUMBER $@10 number_list ';' $@11 dc_layer_table
  129             | K_DCCURRENTDENSITY • K_AVERAGE K_WIDTH int_number $@12 int_number_list ';' $@13 dc_layer_table

    K_AVERAGE  偏移，并进入状态 441


状态 228

  130 layer_option: K_ANTENNAAREARATIO • int_number ';'

    NUMBER  偏移，并进入状态 97

    int_number  转到状态 442


状态 229

  132 layer_option: K_ANTENNADIFFAREARATIO • $@14 layer_antenna_pwl ';'

    $default  使用规则 131 以归约 ($@14)

    $@14  转到状态 443


状态 230

  133 layer_option: K_ANTENNACUMAREARATIO • int_number ';'

    NUMBER  偏移，并进入状态 97

    int_number  转到状态 444


状态 231

  135 layer_option: K_ANTENNACUMDIFFAREARATIO • $@15 layer_antenna_pwl ';'

    $default  使用规则 134 以归约 ($@15)

    $@15  转到状态 445


状态 232

  137 layer_option: K_ANTENNAAREAFACTOR • int_number $@16 layer_antenna_duo ';'

    NUMBER  偏移，并进入状态 97

    int_number  转到状态 446


状态 233

  138 layer_option: K_ANTENNASIDEAREARATIO • int_number ';'

    NUMBER  偏移，并进入状态 97

    int_number  转到状态 447


状态 234

  140 layer_option: K_ANTENNADIFFSIDEAREARATIO • $@17 layer_antenna_pwl ';'

    $default  使用规则 139 以归约 ($@17)

    $@17  转到状态 448


状态 235

  141 layer_option: K_ANTENNACUMSIDEAREARATIO • int_number ';'

    NUMBER  偏移，并进入状态 97

    int_number  转到状态 449


状态 236

  143 layer_option: K_ANTENNACUMDIFFSIDEAREARATIO • $@18 layer_antenna_pwl ';'

    $default  使用规则 142 以归约 ($@18)

    $@18  转到状态 450


状态 237

  145 layer_option: K_ANTENNASIDEAREAFACTOR • int_number $@19 layer_antenna_duo ';'

    NUMBER  偏移，并进入状态 97

    int_number  转到状态 451


状态 238

  154 layer_option: K_SLOTWIREWIDTH • int_number ';'

    NUMBER  偏移，并进入状态 97

    int_number  转到状态 452


状态 239

  155 layer_option: K_SLOTWIRELENGTH • int_number ';'

    NUMBER  偏移，并进入状态 97

    int_number  转到状态 453


状态 240

  156 layer_option: K_SLOTWIDTH • int_number ';'

    NUMBER  偏移，并进入状态 97

    int_number  转到状态 454


状态 241

  157 layer_option: K_SLOTLENGTH • int_number ';'

    NUMBER  偏移，并进入状态 97

    int_number  转到状态 455


状态 242

  158 layer_option: K_MAXADJACENTSLOTSPACING • int_number ';'

    NUMBER  偏移，并进入状态 97

    int_number  转到状态 456


状态 243

  159 layer_option: K_MAXCOAXIALSLOTSPACING • int_number ';'

    NUMBER  偏移，并进入状态 97

    int_number  转到状态 457


状态 244

  160 layer_option: K_MAXEDGESLOTSPACING • int_number ';'

    NUMBER  偏移，并进入状态 97

    int_number  转到状态 458


状态 245

  161 layer_option: K_SPLITWIREWIDTH • int_number ';'

    NUMBER  偏移，并进入状态 97

    int_number  转到状态 459


状态 246

  162 layer_option: K_MINIMUMDENSITY • int_number ';'

    NUMBER  偏移，并进入状态 97

    int_number  转到状态 460


状态 247

  163 layer_option: K_MAXIMUMDENSITY • int_number ';'

    NUMBER  偏移，并进入状态 97

    int_number  转到状态 461


状态 248

  164 layer_option: K_DENSITYCHECKWINDOW • int_number int_number ';'

    NUMBER  偏移，并进入状态 97

    int_number  转到状态 462


状态 249

  165 layer_option: K_DENSITYCHECKSTEP • int_number ';'

    NUMBER  偏移，并进入状态 97

    int_number  转到状态 463


状态 250

  166 layer_option: K_FILLACTIVESPACING • int_number ';'

    NUMBER  偏移，并进入状态 97

    int_number  转到状态 464


状态 251

  172 layer_option: K_MINIMUMCUT • int_number K_WIDTH int_number $@24 layer_minimumcut_within layer_minimumcut_from layer_minimumcut_length ';'

    NUMBER  偏移，并进入状态 97

    int_number  转到状态 465


状态 252

  147 layer_option: K_ANTENNAMODEL • $@20 layer_oxide ';'

    $default  使用规则 146 以归约 ($@20)

    $@20  转到状态 466


状态 253

  179 layer_option: K_ENCLOSURE • layer_enclosure_type_opt int_number int_number $@27 layer_enclosure_width_opt ';'

    K_ABOVE  偏移，并进入状态 467
    K_BELOW  偏移，并进入状态 468

    $default  使用规则 206 以归约 (layer_enclosure_type_opt)

    layer_enclosure_type_opt  转到状态 469


状态 254

  167 layer_option: K_MAXWIDTH • int_number ';'

    NUMBER  偏移，并进入状态 97

    int_number  转到状态 470


状态 255

  170 layer_option: K_MINENCLOSEDAREA • NUMBER $@23 layer_minen_width ';'

    NUMBER  偏移，并进入状态 471


状态 256

  174 layer_option: K_MINSTEP • int_number $@25 layer_minstep_options ';'

    NUMBER  偏移，并进入状态 97

    int_number  转到状态 472


状态 257

  168 layer_option: K_MINWIDTH • int_number ';'

    NUMBER  偏移，并进入状态 97

    int_number  转到状态 473


状态 258

  175 layer_option: K_PROTRUSIONWIDTH • int_number K_LENGTH int_number K_WIDTH int_number ';'

    NUMBER  偏移，并进入状态 97

    int_number  转到状态 474


状态 259

  102 layer_option: K_SPACINGTABLE • K_ORTHOGONAL K_WITHIN int_number K_SPACING int_number $@7 layer_spacingtable_opts ';'
  177             | K_SPACINGTABLE • $@26 sp_options ';'

    K_ORTHOGONAL  偏移，并进入状态 475

    $default  使用规则 176 以归约 ($@26)

    $@26  转到状态 476


状态 260

   88 layer_option: K_MASK • int_number ';'

    NUMBER  偏移，并进入状态 97

    int_number  转到状态 477


状态 261

  183 layer_option: K_DIAGMINEDGELENGTH • int_number ';'

    NUMBER  偏移，并进入状态 97

    int_number  转到状态 478


状态 262

   96 layer_option: K_DIAGSPACING • int_number ';'

    NUMBER  偏移，并进入状态 97

    int_number  转到状态 479


状态 263

   91 layer_option: K_DIAGPITCH • int_number ';'
   92             | K_DIAGPITCH • int_number int_number ';'

    NUMBER  偏移，并进入状态 97

    int_number  转到状态 480


状态 264

   95 layer_option: K_DIAGWIDTH • int_number ';'

    NUMBER  偏移，并进入状态 97

    int_number  转到状态 481


状态 265

  185 layer_option: K_MINSIZE • $@29 firstPt otherPts ';'

    $default  使用规则 184 以归约 ($@29)

    $@29  转到状态 482


状态 266

  181 layer_option: K_PREFERENCLOSURE • layer_enclosure_type_opt int_number int_number $@28 layer_preferenclosure_width_opt ';'

    K_ABOVE  偏移，并进入状态 467
    K_BELOW  偏移，并进入状态 468

    $default  使用规则 206 以归约 (layer_enclosure_type_opt)

    layer_enclosure_type_opt  转到状态 483


状态 267

   86 layer_option: K_ARRAYSPACING • $@4 layer_arraySpacing_long layer_arraySpacing_width K_CUTSPACING int_number $@5 layer_arraySpacing_arraycuts ';'

    $default  使用规则 84 以归约 ($@4)

    $@4  转到状态 484


状态 268

  153 layer_option: K_ANTENNAAREADIFFREDUCEPWL • '(' pt pt $@21 layer_diffusion_ratios ')' ';' $@22

    '('  偏移，并进入状态 485


状态 269

  150 layer_option: K_ANTENNAAREAMINUSDIFF • int_number ';'

    NUMBER  偏移，并进入状态 97

    int_number  转到状态 486


状态 270

  148 layer_option: K_ANTENNACUMROUTINGPLUSCUT • ';'

    ';'  偏移，并进入状态 487


状态 271

  149 layer_option: K_ANTENNAGATEPLUSDIFF • int_number ';'

    NUMBER  偏移，并进入状态 97

    int_number  转到状态 488


状态 272

   77 layer_rule: start_layer layer_options end_layer •

    $default  使用规则 77 以归约 (layer_rule)


状态 273

   83 layer_options: layer_options layer_option •

    $default  使用规则 83 以归约 (layer_options)


状态 274

  336 start_via: via_keyword T_STRING K_DEFAULT •

    $default  使用规则 336 以归约 (start_via)


状态 275

  337 start_via: via_keyword T_STRING K_GENERATED •

    $default  使用规则 337 以归约 (start_via)


状态 276

  370 start_foreign: K_FOREIGN • $@54 T_STRING

    $default  使用规则 369 以归约 ($@54)

    $@54  转到状态 489


状态 277

  389 via_layer: K_LAYER • $@55 T_STRING ';'

    $default  使用规则 388 以归约 ($@55)

    $@55  转到状态 490


状态 278

  356 via_other_option: K_RESISTANCE • int_number ';'

    NUMBER  偏移，并进入状态 97

    int_number  转到状态 491


状态 279

  359 via_other_option: K_TOPOFSTACKONLY •

    $default  使用规则 359 以归约 (via_other_option)


状态 280

  341 via_viarule: K_VIARULE • $@49 T_STRING ';' K_CUTSIZE int_number int_number ';' K_LAYERS $@50 T_STRING T_STRING T_STRING ';' K_CUTSPACING int_number int_number ';' K_ENCLOSURE int_number int_number int_number int_number ';' $@51 via_viarule_options

    $default  使用规则 338 以归约 ($@49)

    $@49  转到状态 492


状态 281

  358 via_other_option: K_PROPERTY • $@53 via_prop_list ';'

    $default  使用规则 357 以归约 ($@53)

    $@53  转到状态 493


状态 282

  349 via_option: via_viarule •

    $default  使用规则 349 以归约 (via_option)


状态 283

  333 via: start_via $@48 via_option • end_via

    K_END  偏移，并进入状态 494

    end_via  转到状态 495


状态 284

  350 via_option: via_other_options •

    $default  使用规则 350 以归约 (via_option)


状态 285

  351 via_other_options: via_other_option • via_more_options

    $default  使用规则 352 以归约 (via_more_options)

    via_more_options  转到状态 496


状态 286

  354 via_other_option: via_foreign •

    $default  使用规则 354 以归约 (via_other_option)


状态 287

  365 via_foreign: start_foreign • ';'
  366            | start_foreign • pt ';'
  367            | start_foreign • pt orientation ';'
  368            | start_foreign • orientation ';'

    NUMBER   偏移，并进入状态 97
    K_N      偏移，并进入状态 497
    K_S      偏移，并进入状态 498
    K_E      偏移，并进入状态 499
    K_W      偏移，并进入状态 500
    K_FN     偏移，并进入状态 501
    K_FS     偏移，并进入状态 502
    K_FE     偏移，并进入状态 503
    K_FW     偏移，并进入状态 504
    K_R0     偏移，并进入状态 505
    K_R90    偏移，并进入状态 506
    K_R180   偏移，并进入状态 507
    K_R270   偏移，并进入状态 508
    K_MX     偏移，并进入状态 509
    K_MY     偏移，并进入状态 510
    K_MXR90  偏移，并进入状态 511
    K_MYR90  偏移，并进入状态 512
    ';'      偏移，并进入状态 513
    '('      偏移，并进入状态 514

    int_number   转到状态 515
    orientation  转到状态 516
    pt           转到状态 517


状态 288

  355 via_other_option: via_layer_rule •

    $default  使用规则 355 以归约 (via_other_option)


状态 289

  387 via_layer_rule: via_layer • via_geometries

    $default  使用规则 390 以归约 (via_geometries)

    via_geometries  转到状态 518


状态 290

  403 viarule_generate_default: K_DEFAULT •

    $default  使用规则 403 以归约 (viarule_generate_default)


状态 291

  401 viarule_generate: viarule_keyword K_GENERATE viarule_generate_default • $@59 viarule_layer_list opt_viarule_props end_viarule

    $default  使用规则 400 以归约 ($@59)

    $@59  转到状态 519


状态 292

  422 viarule_layer_name: K_LAYER $@61 • T_STRING ';'

    T_STRING  偏移，并进入状态 520


状态 293

  405 viarule_layer_list: viarule_layer_list viarule_layer •

    $default  使用规则 405 以归约 (viarule_layer_list)


状态 294

  399 viarule: viarule_keyword viarule_layer_list via_names • opt_viarule_props end_viarule
  419 via_names: via_names • via_name

    K_VIA       偏移，并进入状态 16
    T_STRING    偏移，并进入状态 521
    K_PROPERTY  偏移，并进入状态 522

    $default  使用规则 406 以归约 (opt_viarule_props)

    via_keyword        转到状态 523
    opt_viarule_props  转到状态 524
    viarule_props      转到状态 525
    viarule_prop       转到状态 526
    via_name           转到状态 527


状态 295

  417 viarule_layer: viarule_layer_name viarule_layer_options •
  424 viarule_layer_options: viarule_layer_options • viarule_layer_option

    K_DIRECTION      偏移，并进入状态 528
    K_METALOVERHANG  偏移，并进入状态 529
    K_OVERHANG       偏移，并进入状态 530
    K_RECT           偏移，并进入状态 531
    K_RESISTANCE     偏移，并进入状态 532
    K_SPACING        偏移，并进入状态 533
    K_WIDTH          偏移，并进入状态 534
    K_ENCLOSURE      偏移，并进入状态 535

    $default  使用规则 417 以归约 (viarule_layer)

    viarule_layer_option  转到状态 536


状态 296

  438 end_spacing: K_END • K_SPACING

    K_SPACING  偏移，并进入状态 537


状态 297

  443 samenet_keyword: K_SAMENET •

    $default  使用规则 443 以归约 (samenet_keyword)


状态 298

  436 spacing_rule: start_spacing spacings end_spacing •

    $default  使用规则 436 以归约 (spacing_rule)


状态 299

  440 spacings: spacings spacing •

    $default  使用规则 440 以归约 (spacings)


状态 300

  441 spacing: samenet_keyword • T_STRING T_STRING int_number ';'
  442        | samenet_keyword • T_STRING T_STRING int_number K_STACK ';'

    T_STRING  偏移，并进入状态 538


状态 301

  448 end_irdrop: K_END • K_IRDROP

    K_IRDROP  偏移，并进入状态 539


状态 302

  455 ir_tablename: K_TABLE • T_STRING

    T_STRING  偏移，并进入状态 540


状态 303

  446 irdrop: start_irdrop ir_tables end_irdrop •

    $default  使用规则 446 以归约 (irdrop)


状态 304

  450 ir_tables: ir_tables ir_table •

    $default  使用规则 450 以归约 (ir_tables)


状态 305

  451 ir_table: ir_tablename • ir_table_values ';'

    $default  使用规则 452 以归约 (ir_table_values)

    ir_table_values  转到状态 541


状态 306

  509 site_class: K_CLASS • K_PAD ';'
  510           | K_CLASS • K_CORE ';'
  511           | K_CLASS • K_VIRTUAL ';'

    K_CORE     偏移，并进入状态 542
    K_PAD      偏移，并进入状态 543
    K_VIRTUAL  偏移，并进入状态 544


状态 307

  502 end_site: K_END • $@72 T_STRING

    $default  使用规则 501 以归约 ($@72)

    $@72  转到状态 545


状态 308

  505 site_option: K_SIZE • int_number K_BY int_number ';'

    NUMBER  偏移，并进入状态 97

    int_number  转到状态 546


状态 309

  512 site_symmetry_statement: K_SYMMETRY • site_symmetries ';'

    $default  使用规则 513 以归约 (site_symmetries)

    site_symmetries  转到状态 547


状态 310

  519 site_rowpattern_statement: K_ROWPATTERN • $@73 site_rowpatterns ';'

    $default  使用规则 518 以归约 ($@73)

    $@73  转到状态 548


状态 311

  498 site: start_site site_options end_site •

    $default  使用规则 498 以归约 (site)


状态 312

  504 site_options: site_options site_option •

    $default  使用规则 504 以归约 (site_options)


状态 313

  507 site_option: site_class •

    $default  使用规则 507 以归约 (site_option)


状态 314

  506 site_option: site_symmetry_statement •

    $default  使用规则 506 以归约 (site_option)


状态 315

  508 site_option: site_rowpattern_statement •

    $default  使用规则 508 以归约 (site_option)


状态 316

  567 macro_class: K_CLASS • class_type ';'

    K_BLOCK    偏移，并进入状态 549
    K_CORE     偏移，并进入状态 550
    K_CORNER   偏移，并进入状态 551
    K_COVER    偏移，并进入状态 552
    K_ENDCAP   偏移，并进入状态 553
    K_PAD      偏移，并进入状态 554
    K_RING     偏移，并进入状态 555
    K_VIRTUAL  偏移，并进入状态 556
    K_NONE     偏移，并进入状态 557
    K_BUMP     偏移，并进入状态 558

    class_type  转到状态 559


状态 317

  809 macro_clocktype: K_CLOCKTYPE • $@103 T_STRING ';'

    $default  使用规则 808 以归约 ($@103)

    $@103  转到状态 560


状态 318

  614 macro_eeq: K_EEQ • $@79 T_STRING ';'

    $default  使用规则 613 以归约 ($@79)

    $@79  转到状态 561


状态 319

  602 macro_generate: K_GENERATE • T_STRING T_STRING ';'

    T_STRING  偏移，并进入状态 562


状态 320

  601 macro_generator: K_GENERATOR • T_STRING ';'

    T_STRING  偏移，并进入状态 563


状态 321

  616 macro_leq: K_LEQ • $@80 T_STRING ';'

    $default  使用规则 615 以归约 ($@80)

    $@80  转到状态 564


状态 322

  798 start_macro_obs: K_OBS •

    $default  使用规则 798 以归约 (start_macro_obs)


状态 323

  607 macro_origin: K_ORIGIN • pt ';'

    NUMBER  偏移，并进入状态 97
    '('     偏移，并进入状态 514

    int_number  转到状态 515
    pt          转到状态 565


状态 324

  624 start_macro_pin: K_PIN • $@81 T_STRING

    $default  使用规则 623 以归约 ($@81)

    $@81  转到状态 566


状态 325

  606 macro_power: K_POWER • int_number ';'

    NUMBER  偏移，并进入状态 97

    int_number  转到状态 567


状态 326

  619 macro_site_word: K_SITE •

    $default  使用规则 619 以归约 (macro_site_word)


状态 327

  621 macro_size: K_SIZE • int_number K_BY int_number ';'

    NUMBER  偏移，并进入状态 97

    int_number  转到状态 568


状态 328

  603 macro_source: K_SOURCE • K_USER ';'
  604             | K_SOURCE • K_GENERATE ';'
  605             | K_SOURCE • K_BLOCK ';'

    K_BLOCK     偏移，并进入状态 569
    K_GENERATE  偏移，并进入状态 570
    K_USER      偏移，并进入状态 571


状态 329

  558 macro_symmetry_statement: K_SYMMETRY • macro_symmetries ';'

    $default  使用规则 559 以归约 (macro_symmetries)

    macro_symmetries  转到状态 572


状态 330

  811 start_timing: K_TIMING •

    $default  使用规则 811 以归约 (start_timing)


状态 331

  555 macro_option: K_PROPERTY • $@78 macro_prop_list ';'

    $default  使用规则 554 以归约 ($@78)

    $@78  转到状态 573


状态 332

  548 macro_option: K_FUNCTION • K_BUFFER ';'
  549             | K_FUNCTION • K_INVERTER ';'

    K_BUFFER    偏移，并进入状态 574
    K_INVERTER  偏移，并进入状态 575


状态 333

  612 macro_fixedMask: K_FIXEDMASK • ';'

    ';'  偏移，并进入状态 576


状态 334

  799 macro_density: K_DENSITY • density_layer density_layers K_END

    K_LAYER  偏移，并进入状态 577

    density_layer  转到状态 578


状态 335

  608 macro_foreign: start_foreign • ';'
  609              | start_foreign • pt ';'
  610              | start_foreign • pt orientation ';'
  611              | start_foreign • orientation ';'

    NUMBER   偏移，并进入状态 97
    K_N      偏移，并进入状态 497
    K_S      偏移，并进入状态 498
    K_E      偏移，并进入状态 499
    K_W      偏移，并进入状态 500
    K_FN     偏移，并进入状态 501
    K_FS     偏移，并进入状态 502
    K_FE     偏移，并进入状态 503
    K_FW     偏移，并进入状态 504
    K_R0     偏移，并进入状态 505
    K_R90    偏移，并进入状态 506
    K_R180   偏移，并进入状态 507
    K_R270   偏移，并进入状态 508
    K_MX     偏移，并进入状态 509
    K_MY     偏移，并进入状态 510
    K_MXR90  偏移，并进入状态 511
    K_MYR90  偏移，并进入状态 512
    ';'      偏移，并进入状态 579
    '('      偏移，并进入状态 514

    int_number   转到状态 515
    orientation  转到状态 580
    pt           转到状态 581


状态 336

  527 macro: start_macro macro_options $@75 • end_macro

    K_END  偏移，并进入状态 582

    end_macro  转到状态 583


状态 337

  533 macro_options: macro_options macro_option •

    $default  使用规则 533 以归约 (macro_options)


状态 338

  538 macro_option: macro_symmetry_statement •

    $default  使用规则 538 以归约 (macro_option)


状态 339

  534 macro_option: macro_class •

    $default  使用规则 534 以归约 (macro_option)


状态 340

  535 macro_option: macro_generator •

    $default  使用规则 535 以归约 (macro_option)


状态 341

  536 macro_option: macro_generate •

    $default  使用规则 536 以归约 (macro_option)


状态 342

  537 macro_option: macro_source •

    $default  使用规则 537 以归约 (macro_option)


状态 343

  541 macro_option: macro_power •

    $default  使用规则 541 以归约 (macro_option)


状态 344

  540 macro_option: macro_origin •

    $default  使用规则 540 以归约 (macro_option)


状态 345

  542 macro_option: macro_foreign •

    $default  使用规则 542 以归约 (macro_option)


状态 346

  539 macro_option: macro_fixedMask •

    $default  使用规则 539 以归约 (macro_option)


状态 347

  543 macro_option: macro_eeq •

    $default  使用规则 543 以归约 (macro_option)


状态 348

  544 macro_option: macro_leq •

    $default  使用规则 544 以归约 (macro_option)


状态 349

  546 macro_option: macro_site •

    $default  使用规则 546 以归约 (macro_option)


状态 350

  617 macro_site: macro_site_word • T_STRING ';'
  618           | macro_site_word • sitePattern ';'

    T_STRING  偏移，并进入状态 584

    sitePattern  转到状态 585


状态 351

  545 macro_option: macro_size •

    $default  使用规则 545 以归约 (macro_option)


状态 352

  547 macro_option: macro_pin •

    $default  使用规则 547 以归约 (macro_option)


状态 353

  622 macro_pin: start_macro_pin • macro_pin_options end_macro_pin

    $default  使用规则 627 以归约 (macro_pin_options)

    macro_pin_options  转到状态 586


状态 354

  550 macro_option: macro_obs •

    $default  使用规则 550 以归约 (macro_option)


状态 355

  796 macro_obs: start_macro_obs • geometries K_END
  797          | start_macro_obs • K_END

    K_END      偏移，并进入状态 587
    K_LAYER    偏移，并进入状态 588
    K_PATH     偏移，并进入状态 589
    K_POLYGON  偏移，并进入状态 590
    K_RECT     偏移，并进入状态 591
    K_VIA      偏移，并进入状态 592
    K_WIDTH    偏移，并进入状态 593

    geometries     转到状态 594
    geometry       转到状态 595
    via_placement  转到状态 596


状态 356

  551 macro_option: macro_density •

    $default  使用规则 551 以归约 (macro_option)


状态 357

  552 macro_option: macro_clocktype •

    $default  使用规则 552 以归约 (macro_option)


状态 358

  553 macro_option: timing •

    $default  使用规则 553 以归约 (macro_option)


状态 359

  810 timing: start_timing • timing_options end_timing

    $default  使用规则 813 以归约 (timing_options)

    timing_options  转到状态 597


状态 360

  620 site_word: K_SITE •

    $default  使用规则 620 以归约 (site_word)


状态 361

  883 array_rule: K_CANPLACE • $@111 sitePattern ';'

    $default  使用规则 882 以归约 ($@111)

    $@111  转到状态 598


状态 362

  885 array_rule: K_CANNOTOCCUPY • $@112 sitePattern ';'

    $default  使用规则 884 以归约 ($@112)

    $@112  转到状态 599


状态 363

  887 array_rule: K_TRACKS • $@113 trackPattern ';'

    $default  使用规则 886 以归约 ($@113)

    $@113  转到状态 600


状态 364

  893 floorplan_start: K_FLOORPLAN • T_STRING

    T_STRING  偏移，并进入状态 601


状态 365

  890 array_rule: K_GCELLGRID • $@114 gcellPattern ';'

    $default  使用规则 889 以归约 ($@114)

    $@114  转到状态 602


状态 366

  891 array_rule: K_DEFAULTCAP • int_number cap_list K_END K_DEFAULTCAP

    NUMBER  偏移，并进入状态 97

    int_number  转到状态 603


状态 367

  881 array_rule: site_word • $@110 sitePattern ';'

    $default  使用规则 880 以归约 ($@110)

    $@110  转到状态 604


状态 368

  873 array: start_array array_rules $@107 • end_array

    K_END  偏移，并进入状态 605

    end_array  转到状态 606


状态 369

  879 array_rules: array_rules array_rule •

    $default  使用规则 879 以归约 (array_rules)


状态 370

  888 array_rule: floorplan_start • floorplan_list K_END T_STRING

    $default  使用规则 894 以归约 (floorplan_list)

    floorplan_list  转到状态 607


状态 371

  892 array_rule: def_statement •

    $default  使用规则 892 以归约 (array_rule)


状态 372

   11 end_library: K_END K_LIBRARY •

    $default  使用规则 11 以归约 (end_library)


状态 373

  456 minfeature: K_MINFEATURE int_number int_number ';' •

    $default  使用规则 456 以归约 (minfeature)


状态 374

  461 nondefault_rule: K_NONDEFAULTRULE $@63 T_STRING $@64 • nd_hardspacing nd_rules $@65 end_nd_rule

    K_HARDSPACING  偏移，并进入状态 608

    $default  使用规则 464 以归约 (nd_hardspacing)

    nd_hardspacing  转到状态 609


状态 375

  908 def_statement: K_DEFINE $@119 T_STRING '=' • expression dtrm

    NUMBER  偏移，并进入状态 97
    K_IF    偏移，并进入状态 610
    '-'     偏移，并进入状态 611
    '('     偏移，并进入状态 612

    int_number  转到状态 613
    expression  转到状态 614


状态 376

  910 def_statement: K_DEFINES $@120 T_STRING '=' • s_expr dtrm

    QSTRING  偏移，并进入状态 615
    K_IF     偏移，并进入状态 616
    '('      偏移，并进入状态 617

    s_expr  转到状态 618


状态 377

  912 def_statement: K_DEFINEB $@121 T_STRING '=' • b_expr dtrm

    QSTRING  偏移，并进入状态 615
    NUMBER   偏移，并进入状态 97
    K_IF     偏移，并进入状态 619
    K_FALSE  偏移，并进入状态 620
    K_TRUE   偏移，并进入状态 621
    K_NOT    偏移，并进入状态 622
    '-'      偏移，并进入状态 611
    '('      偏移，并进入状态 623

    int_number  转到状态 613
    expression  转到状态 624
    b_expr      转到状态 625
    s_expr      转到状态 626


状态 378

  957 prop_def_section: K_PROPDEF $@122 prop_stmts K_END • K_PROPDEF

    K_PROPDEF  偏移，并进入状态 627


状态 379

  963 prop_stmt: K_COMPONENTPIN • $@124 T_STRING prop_define ';'

    $default  使用规则 962 以归约 ($@124)

    $@124  转到状态 628


状态 380

  973 prop_stmt: K_LAYER • $@129 T_STRING prop_define ';'

    $default  使用规则 972 以归约 ($@129)

    $@129  转到状态 629


状态 381

  961 prop_stmt: K_LIBRARY • $@123 T_STRING prop_define ';'

    $default  使用规则 960 以归约 ($@123)

    $@123  转到状态 630


状态 382

  967 prop_stmt: K_MACRO • $@126 T_STRING prop_define ';'

    $default  使用规则 966 以归约 ($@126)

    $@126  转到状态 631


状态 383

  975 prop_stmt: K_NONDEFAULTRULE • $@130 T_STRING prop_define ';'

    $default  使用规则 974 以归约 ($@130)

    $@130  转到状态 632


状态 384

  965 prop_stmt: K_PIN • $@125 T_STRING prop_define ';'

    $default  使用规则 964 以归约 ($@125)

    $@125  转到状态 633


状态 385

  969 prop_stmt: K_VIA • $@127 T_STRING prop_define ';'

    $default  使用规则 968 以归约 ($@127)

    $@127  转到状态 634


状态 386

  971 prop_stmt: K_VIARULE • $@128 T_STRING prop_define ';'

    $default  使用规则 970 以归约 ($@128)

    $@128  转到状态 635


状态 387

  959 prop_stmts: prop_stmts prop_stmt •

    $default  使用规则 959 以归约 (prop_stmts)


状态 388

    3 version: K_VERSION $@1 T_STRING ';' •

    $default  使用规则 3 以归约 (version)


状态 389

  1029 universalnoisemargin: K_UNIVERSALNOISEMARGIN int_number int_number ';' •

    $default  使用规则 1029 以归约 (universalnoisemargin)


状态 390

  1051 correctiontable: K_CORRECTIONTABLE int_number ';' $@143 • correction_table_list end_correctiontable dtrm

    K_EDGERATE          偏移，并进入状态 636
    K_OUTPUTRESISTANCE  偏移，并进入状态 637

    correction_table_list  转到状态 638
    correction_table_item  转到状态 639
    output_list            转到状态 640


状态 391

  1034 noisetable: K_NOISETABLE int_number $@140 ';' • noise_table_list end_noisetable dtrm

    K_EDGERATE          偏移，并进入状态 641
    K_OUTPUTRESISTANCE  偏移，并进入状态 642

    noise_table_list         转到状态 643
    noise_table_entry        转到状态 644
    output_resistance_entry  转到状态 645


状态 392

  904 msg_statement: K_MESSAGE $@117 T_STRING '=' • s_expr dtrm

    QSTRING  偏移，并进入状态 615
    K_IF     偏移，并进入状态 616
    '('      偏移，并进入状态 617

    s_expr  转到状态 646


状态 393

  906 create_file_statement: K_CREATEFILE $@118 T_STRING '=' • s_expr dtrm

    QSTRING  偏移，并进入状态 615
    K_IF     偏移，并进入状态 616
    '('      偏移，并进入状态 617

    s_expr  转到状态 647


状态 394

   57 useminspacing: K_USEMINSPACING spacing_type spacing_value ';' •

    $default  使用规则 57 以归约 (useminspacing)


状态 395

  331 maxstack_via: K_MAXVIASTACK int_number K_RANGE $@47 • T_STRING T_STRING ';'

    T_STRING  偏移，并进入状态 648


状态 396

   70 units_rule: K_CAPACITANCE K_PICOFARADS • int_number ';'

    NUMBER  偏移，并进入状态 97

    int_number  转到状态 649


状态 397

   73 units_rule: K_CURRENT K_MILLIAMPS • int_number ';'

    NUMBER  偏移，并进入状态 97

    int_number  转到状态 650


状态 398

   75 units_rule: K_DATABASE K_MICRONS • int_number ';'

    NUMBER  偏移，并进入状态 97

    int_number  转到状态 651


状态 399

   65 units_section: start_units units_rules K_END K_UNITS •

    $default  使用规则 65 以归约 (units_section)


状态 400

   72 units_rule: K_POWER K_MILLIWATTS • int_number ';'

    NUMBER  偏移，并进入状态 97

    int_number  转到状态 652


状态 401

   71 units_rule: K_RESISTANCE K_OHMS • int_number ';'

    NUMBER  偏移，并进入状态 97

    int_number  转到状态 653


状态 402

   69 units_rule: K_TIME K_NANOSECONDS • int_number ';'

    NUMBER  偏移，并进入状态 97

    int_number  转到状态 654


状态 403

   74 units_rule: K_VOLTAGE K_VOLTS • int_number ';'

    NUMBER  偏移，并进入状态 97

    int_number  转到状态 655


状态 404

   76 units_rule: K_FREQUENCY K_MEGAHERTZ • NUMBER ';'

    NUMBER  偏移，并进入状态 656


状态 405

   98 layer_option: K_AREA NUMBER • ';'

    ';'  偏移，并进入状态 657


状态 406

  106 layer_option: K_CAPACITANCE K_CPERSQDIST • int_number ';'
  107             | K_CAPACITANCE K_CPERSQDIST • K_PWL '(' cap_points ')' ';'

    NUMBER  偏移，并进入状态 97
    K_PWL   偏移，并进入状态 658

    int_number  转到状态 659


状态 407

  112 layer_option: K_CAPMULTIPLIER int_number • ';'

    ';'  偏移，并进入状态 660


状态 408

  278 layer_direction: K_HORIZONTAL •

    $default  使用规则 278 以归约 (layer_direction)


状态 409

  279 layer_direction: K_VERTICAL •

    $default  使用规则 279 以归约 (layer_direction)


状态 410

  280 layer_direction: K_DIAG45 •

    $default  使用规则 280 以归约 (layer_direction)


状态 411

  281 layer_direction: K_DIAG135 •

    $default  使用规则 281 以归约 (layer_direction)


状态 412

  103 layer_option: K_DIRECTION layer_direction • ';'

    ';'  偏移，并进入状态 661


状态 413

  113 layer_option: K_EDGECAPACITANCE int_number • ';'

    ';'  偏移，并进入状态 662


状态 414

   81 end_layer: K_END $@3 • T_STRING

    T_STRING  偏移，并进入状态 663


状态 415

  108 layer_option: K_HEIGHT int_number • ';'

    ';'  偏移，并进入状态 664


状态 416

   93 layer_option: K_OFFSET int_number • ';'
   94             | K_OFFSET int_number • int_number ';'

    NUMBER  偏移，并进入状态 97
    ';'     偏移，并进入状态 665

    int_number  转到状态 666


状态 417

   89 layer_option: K_PITCH int_number • ';'
   90             | K_PITCH int_number • int_number ';'

    NUMBER  偏移，并进入状态 97
    ';'     偏移，并进入状态 667

    int_number  转到状态 668


状态 418

  104 layer_option: K_RESISTANCE K_RPERSQ • int_number ';'
  105             | K_RESISTANCE K_RPERSQ • K_PWL '(' res_points ')' ';'

    NUMBER  偏移，并进入状态 97
    K_PWL   偏移，并进入状态 669

    int_number  转到状态 670


状态 419

  182 layer_option: K_RESISTANCE int_number • ';'

    ';'  偏移，并进入状态 671


状态 420

  111 layer_option: K_SHRINKAGE int_number • ';'

    ';'  偏移，并进入状态 672


状态 421

  100 layer_option: K_SPACING int_number • $@6 layer_spacing_opts layer_spacing_cut_routing ';'

    $default  使用规则 99 以归约 ($@6)

    $@6  转到状态 673


状态 422

  110 layer_option: K_THICKNESS int_number • ';'

    ';'  偏移，并进入状态 674


状态 423

  273 layer_type: K_CUT •

    $default  使用规则 273 以归约 (layer_type)


状态 424

  274 layer_type: K_OVERLAP •

    $default  使用规则 274 以归约 (layer_type)


状态 425

  272 layer_type: K_ROUTING •

    $default  使用规则 272 以归约 (layer_type)


状态 426

  275 layer_type: K_MASTERSLICE •

    $default  使用规则 275 以归约 (layer_type)


状态 427

  276 layer_type: K_VIRTUAL •

    $default  使用规则 276 以归约 (layer_type)


状态 428

  277 layer_type: K_IMPLANT •

    $default  使用规则 277 以归约 (layer_type)


状态 429

   87 layer_option: K_TYPE layer_type • ';'

    ';'  偏移，并进入状态 675


状态 430

   97 layer_option: K_WIDTH int_number • ';'

    ';'  偏移，并进入状态 676


状态 431

  119 layer_option: K_PROPERTY $@8 • layer_prop_list ';'

    T_STRING  偏移，并进入状态 677

    layer_prop_list  转到状态 678
    layer_prop       转到状态 679


状态 432

  116 layer_option: K_CURRENTDEN K_PWL • '(' current_density_pwl_list ')' ';'

    '('  偏移，并进入状态 680


状态 433

  117 layer_option: K_CURRENTDEN '(' • int_number int_number ')' ';'

    NUMBER  偏移，并进入状态 97

    int_number  转到状态 681


状态 434

  115 layer_option: K_CURRENTDEN int_number • ';'

    ';'  偏移，并进入状态 682


状态 435

  114 layer_option: K_ANTENNALENGTHFACTOR int_number • ';'

    ';'  偏移，并进入状态 683


状态 436

  109 layer_option: K_WIREEXTENSION int_number • ';'

    ';'  偏移，并进入状态 684


状态 437

  241 layer_table_type: K_AVERAGE •

    $default  使用规则 241 以归约 (layer_table_type)


状态 438

  240 layer_table_type: K_PEAK •

    $default  使用规则 240 以归约 (layer_table_type)


状态 439

  242 layer_table_type: K_RMS •

    $default  使用规则 242 以归约 (layer_table_type)


状态 440

  121 layer_option: K_ACCURRENTDENSITY layer_table_type • $@9 layer_frequency
  122             | K_ACCURRENTDENSITY layer_table_type • int_number ';'

    NUMBER  偏移，并进入状态 97

    $default  使用规则 120 以归约 ($@9)

    int_number  转到状态 685
    $@9         转到状态 686


状态 441

  123 layer_option: K_DCCURRENTDENSITY K_AVERAGE • int_number ';'
  126             | K_DCCURRENTDENSITY K_AVERAGE • K_CUTAREA NUMBER $@10 number_list ';' $@11 dc_layer_table
  129             | K_DCCURRENTDENSITY K_AVERAGE • K_WIDTH int_number $@12 int_number_list ';' $@13 dc_layer_table

    K_WIDTH    偏移，并进入状态 687
    NUMBER     偏移，并进入状态 97
    K_CUTAREA  偏移，并进入状态 688

    int_number  转到状态 689


状态 442

  130 layer_option: K_ANTENNAAREARATIO int_number • ';'

    ';'  偏移，并进入状态 690


状态 443

  132 layer_option: K_ANTENNADIFFAREARATIO $@14 • layer_antenna_pwl ';'

    NUMBER  偏移，并进入状态 97
    K_PWL   偏移，并进入状态 691

    int_number         转到状态 692
    layer_antenna_pwl  转到状态 693


状态 444

  133 layer_option: K_ANTENNACUMAREARATIO int_number • ';'

    ';'  偏移，并进入状态 694


状态 445

  135 layer_option: K_ANTENNACUMDIFFAREARATIO $@15 • layer_antenna_pwl ';'

    NUMBER  偏移，并进入状态 97
    K_PWL   偏移，并进入状态 691

    int_number         转到状态 692
    layer_antenna_pwl  转到状态 695


状态 446

  137 layer_option: K_ANTENNAAREAFACTOR int_number • $@16 layer_antenna_duo ';'

    $default  使用规则 136 以归约 ($@16)

    $@16  转到状态 696


状态 447

  138 layer_option: K_ANTENNASIDEAREARATIO int_number • ';'

    ';'  偏移，并进入状态 697


状态 448

  140 layer_option: K_ANTENNADIFFSIDEAREARATIO $@17 • layer_antenna_pwl ';'

    NUMBER  偏移，并进入状态 97
    K_PWL   偏移，并进入状态 691

    int_number         转到状态 692
    layer_antenna_pwl  转到状态 698


状态 449

  141 layer_option: K_ANTENNACUMSIDEAREARATIO int_number • ';'

    ';'  偏移，并进入状态 699


状态 450

  143 layer_option: K_ANTENNACUMDIFFSIDEAREARATIO $@18 • layer_antenna_pwl ';'

    NUMBER  偏移，并进入状态 97
    K_PWL   偏移，并进入状态 691

    int_number         转到状态 692
    layer_antenna_pwl  转到状态 700


状态 451

  145 layer_option: K_ANTENNASIDEAREAFACTOR int_number • $@19 layer_antenna_duo ';'

    $default  使用规则 144 以归约 ($@19)

    $@19  转到状态 701


状态 452

  154 layer_option: K_SLOTWIREWIDTH int_number • ';'

    ';'  偏移，并进入状态 702


状态 453

  155 layer_option: K_SLOTWIRELENGTH int_number • ';'

    ';'  偏移，并进入状态 703


状态 454

  156 layer_option: K_SLOTWIDTH int_number • ';'

    ';'  偏移，并进入状态 704


状态 455

  157 layer_option: K_SLOTLENGTH int_number • ';'

    ';'  偏移，并进入状态 705


状态 456

  158 layer_option: K_MAXADJACENTSLOTSPACING int_number • ';'

    ';'  偏移，并进入状态 706


状态 457

  159 layer_option: K_MAXCOAXIALSLOTSPACING int_number • ';'

    ';'  偏移，并进入状态 707


状态 458

  160 layer_option: K_MAXEDGESLOTSPACING int_number • ';'

    ';'  偏移，并进入状态 708


状态 459

  161 layer_option: K_SPLITWIREWIDTH int_number • ';'

    ';'  偏移，并进入状态 709


状态 460

  162 layer_option: K_MINIMUMDENSITY int_number • ';'

    ';'  偏移，并进入状态 710


状态 461

  163 layer_option: K_MAXIMUMDENSITY int_number • ';'

    ';'  偏移，并进入状态 711


状态 462

  164 layer_option: K_DENSITYCHECKWINDOW int_number • int_number ';'

    NUMBER  偏移，并进入状态 97

    int_number  转到状态 712


状态 463

  165 layer_option: K_DENSITYCHECKSTEP int_number • ';'

    ';'  偏移，并进入状态 713


状态 464

  166 layer_option: K_FILLACTIVESPACING int_number • ';'

    ';'  偏移，并进入状态 714


状态 465

  172 layer_option: K_MINIMUMCUT int_number • K_WIDTH int_number $@24 layer_minimumcut_within layer_minimumcut_from layer_minimumcut_length ';'

    K_WIDTH  偏移，并进入状态 715


状态 466

  147 layer_option: K_ANTENNAMODEL $@20 • layer_oxide ';'

    K_OXIDE1   偏移，并进入状态 716
    K_OXIDE2   偏移，并进入状态 717
    K_OXIDE3   偏移，并进入状态 718
    K_OXIDE4   偏移，并进入状态 719
    K_OXIDE5   偏移，并进入状态 720
    K_OXIDE6   偏移，并进入状态 721
    K_OXIDE7   偏移，并进入状态 722
    K_OXIDE8   偏移，并进入状态 723
    K_OXIDE9   偏移，并进入状态 724
    K_OXIDE10  偏移，并进入状态 725
    K_OXIDE11  偏移，并进入状态 726
    K_OXIDE12  偏移，并进入状态 727
    K_OXIDE13  偏移，并进入状态 728
    K_OXIDE14  偏移，并进入状态 729
    K_OXIDE15  偏移，并进入状态 730
    K_OXIDE16  偏移，并进入状态 731
    K_OXIDE17  偏移，并进入状态 732
    K_OXIDE18  偏移，并进入状态 733
    K_OXIDE19  偏移，并进入状态 734
    K_OXIDE20  偏移，并进入状态 735
    K_OXIDE21  偏移，并进入状态 736
    K_OXIDE22  偏移，并进入状态 737
    K_OXIDE23  偏移，并进入状态 738
    K_OXIDE24  偏移，并进入状态 739
    K_OXIDE25  偏移，并进入状态 740
    K_OXIDE26  偏移，并进入状态 741
    K_OXIDE27  偏移，并进入状态 742
    K_OXIDE28  偏移，并进入状态 743
    K_OXIDE29  偏移，并进入状态 744
    K_OXIDE30  偏移，并进入状态 745
    K_OXIDE31  偏移，并进入状态 746
    K_OXIDE32  偏移，并进入状态 747

    layer_oxide  转到状态 748


状态 467

  207 layer_enclosure_type_opt: K_ABOVE •

    $default  使用规则 207 以归约 (layer_enclosure_type_opt)


状态 468

  208 layer_enclosure_type_opt: K_BELOW •

    $default  使用规则 208 以归约 (layer_enclosure_type_opt)


状态 469

  179 layer_option: K_ENCLOSURE layer_enclosure_type_opt • int_number int_number $@27 layer_enclosure_width_opt ';'

    NUMBER  偏移，并进入状态 97

    int_number  转到状态 749


状态 470

  167 layer_option: K_MAXWIDTH int_number • ';'

    ';'  偏移，并进入状态 750


状态 471

  170 layer_option: K_MINENCLOSEDAREA NUMBER • $@23 layer_minen_width ';'

    $default  使用规则 169 以归约 ($@23)

    $@23  转到状态 751


状态 472

  174 layer_option: K_MINSTEP int_number • $@25 layer_minstep_options ';'

    $default  使用规则 173 以归约 ($@25)

    $@25  转到状态 752


状态 473

  168 layer_option: K_MINWIDTH int_number • ';'

    ';'  偏移，并进入状态 753


状态 474

  175 layer_option: K_PROTRUSIONWIDTH int_number • K_LENGTH int_number K_WIDTH int_number ';'

    K_LENGTH  偏移，并进入状态 754


状态 475

  102 layer_option: K_SPACINGTABLE K_ORTHOGONAL • K_WITHIN int_number K_SPACING int_number $@7 layer_spacingtable_opts ';'

    K_WITHIN  偏移，并进入状态 755


状态 476

  177 layer_option: K_SPACINGTABLE $@26 • sp_options ';'

    K_INFLUENCE          偏移，并进入状态 756
    K_PARALLELRUNLENGTH  偏移，并进入状态 757
    K_TWOWIDTHS          偏移，并进入状态 758

    sp_options  转到状态 759


状态 477

   88 layer_option: K_MASK int_number • ';'

    ';'  偏移，并进入状态 760


状态 478

  183 layer_option: K_DIAGMINEDGELENGTH int_number • ';'

    ';'  偏移，并进入状态 761


状态 479

   96 layer_option: K_DIAGSPACING int_number • ';'

    ';'  偏移，并进入状态 762


状态 480

   91 layer_option: K_DIAGPITCH int_number • ';'
   92             | K_DIAGPITCH int_number • int_number ';'

    NUMBER  偏移，并进入状态 97
    ';'     偏移，并进入状态 763

    int_number  转到状态 764


状态 481

   95 layer_option: K_DIAGWIDTH int_number • ';'

    ';'  偏移，并进入状态 765


状态 482

  185 layer_option: K_MINSIZE $@29 • firstPt otherPts ';'

    NUMBER  偏移，并进入状态 97
    '('     偏移，并进入状态 514

    int_number  转到状态 515
    pt          转到状态 766
    firstPt     转到状态 767


状态 483

  181 layer_option: K_PREFERENCLOSURE layer_enclosure_type_opt • int_number int_number $@28 layer_preferenclosure_width_opt ';'

    NUMBER  偏移，并进入状态 97

    int_number  转到状态 768


状态 484

   86 layer_option: K_ARRAYSPACING $@4 • layer_arraySpacing_long layer_arraySpacing_width K_CUTSPACING int_number $@5 layer_arraySpacing_arraycuts ';'

    K_LONGARRAY  偏移，并进入状态 769

    $default  使用规则 186 以归约 (layer_arraySpacing_long)

    layer_arraySpacing_long  转到状态 770


状态 485

  153 layer_option: K_ANTENNAAREADIFFREDUCEPWL '(' • pt pt $@21 layer_diffusion_ratios ')' ';' $@22

    NUMBER  偏移，并进入状态 97
    '('     偏移，并进入状态 514

    int_number  转到状态 515
    pt          转到状态 771


状态 486

  150 layer_option: K_ANTENNAAREAMINUSDIFF int_number • ';'

    ';'  偏移，并进入状态 772


状态 487

  148 layer_option: K_ANTENNACUMROUTINGPLUSCUT ';' •

    $default  使用规则 148 以归约 (layer_option)


状态 488

  149 layer_option: K_ANTENNAGATEPLUSDIFF int_number • ';'

    ';'  偏移，并进入状态 773


状态 489

  370 start_foreign: K_FOREIGN $@54 • T_STRING

    T_STRING  偏移，并进入状态 774


状态 490

  389 via_layer: K_LAYER $@55 • T_STRING ';'

    T_STRING  偏移，并进入状态 775


状态 491

  356 via_other_option: K_RESISTANCE int_number • ';'

    ';'  偏移，并进入状态 776


状态 492

  341 via_viarule: K_VIARULE $@49 • T_STRING ';' K_CUTSIZE int_number int_number ';' K_LAYERS $@50 T_STRING T_STRING T_STRING ';' K_CUTSPACING int_number int_number ';' K_ENCLOSURE int_number int_number int_number int_number ';' $@51 via_viarule_options

    T_STRING  偏移，并进入状态 777


状态 493

  358 via_other_option: K_PROPERTY $@53 • via_prop_list ';'

    T_STRING  偏移，并进入状态 778

    via_prop_list        转到状态 779
    via_name_value_pair  转到状态 780


状态 494

  396 end_via: K_END • $@57 T_STRING

    $default  使用规则 395 以归约 ($@57)

    $@57  转到状态 781


状态 495

  333 via: start_via $@48 via_option end_via •

    $default  使用规则 333 以归约 (via)


状态 496

  351 via_other_options: via_other_option via_more_options •
  353 via_more_options: via_more_options • via_other_option

    K_FOREIGN         偏移，并进入状态 276
    K_LAYER           偏移，并进入状态 277
    K_RESISTANCE      偏移，并进入状态 278
    K_TOPOFSTACKONLY  偏移，并进入状态 279
    K_PROPERTY        偏移，并进入状态 281

    $default  使用规则 351 以归约 (via_other_options)

    via_other_option  转到状态 782
    via_foreign       转到状态 286
    start_foreign     转到状态 287
    via_layer_rule    转到状态 288
    via_layer         转到状态 289


状态 497

  371 orientation: K_N •

    $default  使用规则 371 以归约 (orientation)


状态 498

  373 orientation: K_S •

    $default  使用规则 373 以归约 (orientation)


状态 499

  374 orientation: K_E •

    $default  使用规则 374 以归约 (orientation)


状态 500

  372 orientation: K_W •

    $default  使用规则 372 以归约 (orientation)


状态 501

  375 orientation: K_FN •

    $default  使用规则 375 以归约 (orientation)


状态 502

  377 orientation: K_FS •

    $default  使用规则 377 以归约 (orientation)


状态 503

  378 orientation: K_FE •

    $default  使用规则 378 以归约 (orientation)


状态 504

  376 orientation: K_FW •

    $default  使用规则 376 以归约 (orientation)


状态 505

  379 orientation: K_R0 •

    $default  使用规则 379 以归约 (orientation)


状态 506

  380 orientation: K_R90 •

    $default  使用规则 380 以归约 (orientation)


状态 507

  381 orientation: K_R180 •

    $default  使用规则 381 以归约 (orientation)


状态 508

  382 orientation: K_R270 •

    $default  使用规则 382 以归约 (orientation)


状态 509

  385 orientation: K_MX •

    $default  使用规则 385 以归约 (orientation)


状态 510

  383 orientation: K_MY •

    $default  使用规则 383 以归约 (orientation)


状态 511

  386 orientation: K_MXR90 •

    $default  使用规则 386 以归约 (orientation)


状态 512

  384 orientation: K_MYR90 •

    $default  使用规则 384 以归约 (orientation)


状态 513

  365 via_foreign: start_foreign ';' •

    $default  使用规则 365 以归约 (via_foreign)


状态 514

  525 pt: '(' • int_number int_number ')'

    NUMBER  偏移，并进入状态 97

    int_number  转到状态 783


状态 515

  524 pt: int_number • int_number

    NUMBER  偏移，并进入状态 97

    int_number  转到状态 784


状态 516

  368 via_foreign: start_foreign orientation • ';'

    ';'  偏移，并进入状态 785


状态 517

  366 via_foreign: start_foreign pt • ';'
  367            | start_foreign pt • orientation ';'

    K_N      偏移，并进入状态 497
    K_S      偏移，并进入状态 498
    K_E      偏移，并进入状态 499
    K_W      偏移，并进入状态 500
    K_FN     偏移，并进入状态 501
    K_FS     偏移，并进入状态 502
    K_FE     偏移，并进入状态 503
    K_FW     偏移，并进入状态 504
    K_R0     偏移，并进入状态 505
    K_R90    偏移，并进入状态 506
    K_R180   偏移，并进入状态 507
    K_R270   偏移，并进入状态 508
    K_MX     偏移，并进入状态 509
    K_MY     偏移，并进入状态 510
    K_MXR90  偏移，并进入状态 511
    K_MYR90  偏移，并进入状态 512
    ';'      偏移，并进入状态 786

    orientation  转到状态 787


状态 518

  387 via_layer_rule: via_layer via_geometries •
  391 via_geometries: via_geometries • via_geometry

    K_POLYGON  偏移，并进入状态 788
    K_RECT     偏移，并进入状态 789

    $default  使用规则 387 以归约 (via_layer_rule)

    via_geometry  转到状态 790


状态 519

  401 viarule_generate: viarule_keyword K_GENERATE viarule_generate_default $@59 • viarule_layer_list opt_viarule_props end_viarule

    K_LAYER  偏移，并进入状态 144

    viarule_layer_list  转到状态 791
    viarule_layer       转到状态 146
    viarule_layer_name  转到状态 147


状态 520

  422 viarule_layer_name: K_LAYER $@61 T_STRING • ';'

    ';'  偏移，并进入状态 792


状态 521

  414 viarule_prop: T_STRING • T_STRING
  415             | T_STRING • QSTRING
  416             | T_STRING • NUMBER

    T_STRING  偏移，并进入状态 793
    QSTRING   偏移，并进入状态 794
    NUMBER    偏移，并进入状态 795


状态 522

  411 viarule_prop: K_PROPERTY • $@60 viarule_prop_list ';'

    $default  使用规则 410 以归约 ($@60)

    $@60  转到状态 796


状态 523

  420 via_name: via_keyword • T_STRING ';'

    T_STRING  偏移，并进入状态 797


状态 524

  399 viarule: viarule_keyword viarule_layer_list via_names opt_viarule_props • end_viarule

    K_END  偏移，并进入状态 798

    end_viarule  转到状态 799


状态 525

  407 opt_viarule_props: viarule_props •
  409 viarule_props: viarule_props • viarule_prop

    T_STRING    偏移，并进入状态 521
    K_PROPERTY  偏移，并进入状态 522

    $default  使用规则 407 以归约 (opt_viarule_props)

    viarule_prop  转到状态 800


状态 526

  408 viarule_props: viarule_prop •

    $default  使用规则 408 以归约 (viarule_props)


状态 527

  419 via_names: via_names via_name •

    $default  使用规则 419 以归约 (via_names)


状态 528

  425 viarule_layer_option: K_DIRECTION • K_HORIZONTAL ';'
  426                     | K_DIRECTION • K_VERTICAL ';'

    K_HORIZONTAL  偏移，并进入状态 801
    K_VERTICAL    偏移，并进入状态 802


状态 529

  433 viarule_layer_option: K_METALOVERHANG • int_number ';'

    NUMBER  偏移，并进入状态 97

    int_number  转到状态 803


状态 530

  432 viarule_layer_option: K_OVERHANG • int_number ';'

    NUMBER  偏移，并进入状态 97

    int_number  转到状态 804


状态 531

  429 viarule_layer_option: K_RECT • pt pt ';'

    NUMBER  偏移，并进入状态 97
    '('     偏移，并进入状态 514

    int_number  转到状态 515
    pt          转到状态 805


状态 532

  431 viarule_layer_option: K_RESISTANCE • int_number ';'

    NUMBER  偏移，并进入状态 97

    int_number  转到状态 806


状态 533

  430 viarule_layer_option: K_SPACING • int_number K_BY int_number ';'

    NUMBER  偏移，并进入状态 97

    int_number  转到状态 807


状态 534

  428 viarule_layer_option: K_WIDTH • int_number K_TO int_number ';'

    NUMBER  偏移，并进入状态 97

    int_number  转到状态 808


状态 535

  427 viarule_layer_option: K_ENCLOSURE • int_number int_number ';'

    NUMBER  偏移，并进入状态 97

    int_number  转到状态 809


状态 536

  424 viarule_layer_options: viarule_layer_options viarule_layer_option •

    $default  使用规则 424 以归约 (viarule_layer_options)


状态 537

  438 end_spacing: K_END K_SPACING •

    $default  使用规则 438 以归约 (end_spacing)


状态 538

  441 spacing: samenet_keyword T_STRING • T_STRING int_number ';'
  442        | samenet_keyword T_STRING • T_STRING int_number K_STACK ';'

    T_STRING  偏移，并进入状态 810


状态 539

  448 end_irdrop: K_END K_IRDROP •

    $default  使用规则 448 以归约 (end_irdrop)


状态 540

  455 ir_tablename: K_TABLE T_STRING •

    $default  使用规则 455 以归约 (ir_tablename)


状态 541

  451 ir_table: ir_tablename ir_table_values • ';'
  453 ir_table_values: ir_table_values • ir_table_value

    NUMBER  偏移，并进入状态 97
    ';'     偏移，并进入状态 811

    int_number      转到状态 812
    ir_table_value  转到状态 813


状态 542

  510 site_class: K_CLASS K_CORE • ';'

    ';'  偏移，并进入状态 814


状态 543

  509 site_class: K_CLASS K_PAD • ';'

    ';'  偏移，并进入状态 815


状态 544

  511 site_class: K_CLASS K_VIRTUAL • ';'

    ';'  偏移，并进入状态 816


状态 545

  502 end_site: K_END $@72 • T_STRING

    T_STRING  偏移，并进入状态 817


状态 546

  505 site_option: K_SIZE int_number • K_BY int_number ';'

    K_BY  偏移，并进入状态 818


状态 547

  512 site_symmetry_statement: K_SYMMETRY site_symmetries • ';'
  514 site_symmetries: site_symmetries • site_symmetry

    K_X    偏移，并进入状态 819
    K_Y    偏移，并进入状态 820
    K_R90  偏移，并进入状态 821
    ';'    偏移，并进入状态 822

    site_symmetry  转到状态 823


状态 548

  519 site_rowpattern_statement: K_ROWPATTERN $@73 • site_rowpatterns ';'

    $default  使用规则 520 以归约 (site_rowpatterns)

    site_rowpatterns  转到状态 824


状态 549

  571 class_type: K_BLOCK •
  572           | K_BLOCK • K_BLACKBOX
  573           | K_BLOCK • K_SOFT

    K_BLACKBOX  偏移，并进入状态 825
    K_SOFT      偏移，并进入状态 826

    $default  使用规则 571 以归约 (class_type)


状态 550

  579 class_type: K_CORE •
  581           | K_CORE • core_type

    K_FEEDTHRU     偏移，并进入状态 827
    K_SPACER       偏移，并进入状态 828
    K_TIEHIGH      偏移，并进入状态 829
    K_TIELOW       偏移，并进入状态 830
    K_ANTENNACELL  偏移，并进入状态 831
    K_WELLTAP      偏移，并进入状态 832

    $default  使用规则 579 以归约 (class_type)

    core_type  转到状态 833


状态 551

  580 class_type: K_CORNER •

    $default  使用规则 580 以归约 (class_type)


状态 552

  568 class_type: K_COVER •
  569           | K_COVER • K_BUMP

    K_BUMP  偏移，并进入状态 834

    $default  使用规则 568 以归约 (class_type)


状态 553

  582 class_type: K_ENDCAP • endcap_type

    K_BOTTOMLEFT   偏移，并进入状态 835
    K_BOTTOMRIGHT  偏移，并进入状态 836
    K_POST         偏移，并进入状态 837
    K_PRE          偏移，并进入状态 838
    K_TOPLEFT      偏移，并进入状态 839
    K_TOPRIGHT     偏移，并进入状态 840

    endcap_type  转到状态 841


状态 554

  576 class_type: K_PAD •
  578           | K_PAD • pad_type

    K_INOUT   偏移，并进入状态 842
    K_INPUT   偏移，并进入状态 843
    K_OUTPUT  偏移，并进入状态 844
    K_POWER   偏移，并进入状态 845
    K_SPACER  偏移，并进入状态 846
    K_AREAIO  偏移，并进入状态 847

    $default  使用规则 576 以归约 (class_type)

    pad_type  转到状态 848


状态 555

  570 class_type: K_RING •

    $default  使用规则 570 以归约 (class_type)


状态 556

  577 class_type: K_VIRTUAL •

    $default  使用规则 577 以归约 (class_type)


状态 557

  574 class_type: K_NONE •

    $default  使用规则 574 以归约 (class_type)


状态 558

  575 class_type: K_BUMP •

    $default  使用规则 575 以归约 (class_type)


状态 559

  567 macro_class: K_CLASS class_type • ';'

    ';'  偏移，并进入状态 849


状态 560

  809 macro_clocktype: K_CLOCKTYPE $@103 • T_STRING ';'

    T_STRING  偏移，并进入状态 850


状态 561

  614 macro_eeq: K_EEQ $@79 • T_STRING ';'

    T_STRING  偏移，并进入状态 851


状态 562

  602 macro_generate: K_GENERATE T_STRING • T_STRING ';'

    T_STRING  偏移，并进入状态 852


状态 563

  601 macro_generator: K_GENERATOR T_STRING • ';'

    ';'  偏移，并进入状态 853


状态 564

  616 macro_leq: K_LEQ $@80 • T_STRING ';'

    T_STRING  偏移，并进入状态 854


状态 565

  607 macro_origin: K_ORIGIN pt • ';'

    ';'  偏移，并进入状态 855


状态 566

  624 start_macro_pin: K_PIN $@81 • T_STRING

    T_STRING  偏移，并进入状态 856


状态 567

  606 macro_power: K_POWER int_number • ';'

    ';'  偏移，并进入状态 857


状态 568

  621 macro_size: K_SIZE int_number • K_BY int_number ';'

    K_BY  偏移，并进入状态 858


状态 569

  605 macro_source: K_SOURCE K_BLOCK • ';'

    ';'  偏移，并进入状态 859


状态 570

  604 macro_source: K_SOURCE K_GENERATE • ';'

    ';'  偏移，并进入状态 860


状态 571

  603 macro_source: K_SOURCE K_USER • ';'

    ';'  偏移，并进入状态 861


状态 572

  558 macro_symmetry_statement: K_SYMMETRY macro_symmetries • ';'
  560 macro_symmetries: macro_symmetries • macro_symmetry

    K_X    偏移，并进入状态 862
    K_Y    偏移，并进入状态 863
    K_R90  偏移，并进入状态 864
    ';'    偏移，并进入状态 865

    macro_symmetry  转到状态 866


状态 573

  555 macro_option: K_PROPERTY $@78 • macro_prop_list ';'

    T_STRING  偏移，并进入状态 867

    macro_prop_list        转到状态 868
    macro_name_value_pair  转到状态 869


状态 574

  548 macro_option: K_FUNCTION K_BUFFER • ';'

    ';'  偏移，并进入状态 870


状态 575

  549 macro_option: K_FUNCTION K_INVERTER • ';'

    ';'  偏移，并进入状态 871


状态 576

  612 macro_fixedMask: K_FIXEDMASK ';' •

    $default  使用规则 612 以归约 (macro_fixedMask)


状态 577

  804 density_layer: K_LAYER • $@101 T_STRING ';' $@102 density_layer_rect density_layer_rects

    $default  使用规则 802 以归约 ($@101)

    $@101  转到状态 872


状态 578

  799 macro_density: K_DENSITY density_layer • density_layers K_END

    $default  使用规则 800 以归约 (density_layers)

    density_layers  转到状态 873


状态 579

  608 macro_foreign: start_foreign ';' •

    $default  使用规则 608 以归约 (macro_foreign)


状态 580

  611 macro_foreign: start_foreign orientation • ';'

    ';'  偏移，并进入状态 874


状态 581

  609 macro_foreign: start_foreign pt • ';'
  610              | start_foreign pt • orientation ';'

    K_N      偏移，并进入状态 497
    K_S      偏移，并进入状态 498
    K_E      偏移，并进入状态 499
    K_W      偏移，并进入状态 500
    K_FN     偏移，并进入状态 501
    K_FS     偏移，并进入状态 502
    K_FE     偏移，并进入状态 503
    K_FW     偏移，并进入状态 504
    K_R0     偏移，并进入状态 505
    K_R90    偏移，并进入状态 506
    K_R180   偏移，并进入状态 507
    K_R270   偏移，并进入状态 508
    K_MX     偏移，并进入状态 509
    K_MY     偏移，并进入状态 510
    K_MXR90  偏移，并进入状态 511
    K_MYR90  偏移，并进入状态 512
    ';'      偏移，并进入状态 875

    orientation  转到状态 876


状态 582

  531 end_macro: K_END • $@77 T_STRING

    $default  使用规则 530 以归约 ($@77)

    $@77  转到状态 877


状态 583

  527 macro: start_macro macro_options $@75 end_macro •

    $default  使用规则 527 以归约 (macro)


状态 584

  617 macro_site: macro_site_word T_STRING • ';'
  781 sitePattern: T_STRING • int_number int_number orientation K_DO int_number K_BY int_number K_STEP int_number int_number
  782            | T_STRING • int_number int_number orientation

    NUMBER  偏移，并进入状态 97
    ';'     偏移，并进入状态 878

    int_number  转到状态 879


状态 585

  618 macro_site: macro_site_word sitePattern • ';'

    ';'  偏移，并进入状态 880


状态 586

  622 macro_pin: start_macro_pin macro_pin_options • end_macro_pin
  628 macro_pin_options: macro_pin_options • macro_pin_option

    K_CAPACITANCE                  偏移，并进入状态 881
    K_CURRENTSOURCE                偏移，并进入状态 882
    K_DIRECTION                    偏移，并进入状态 883
    K_END                          偏移，并进入状态 884
    K_FALLSATCUR                   偏移，并进入状态 885
    K_FALLTHRESH                   偏移，并进入状态 886
    K_FOREIGN                      偏移，并进入状态 276
    K_INPUTNOISEMARGIN             偏移，并进入状态 887
    K_IV_TABLES                    偏移，并进入状态 888
    K_LEAKAGE                      偏移，并进入状态 889
    K_LEQ                          偏移，并进入状态 890
    K_MAXDELAY                     偏移，并进入状态 891
    K_MAXLOAD                      偏移，并进入状态 892
    K_MUSTJOIN                     偏移，并进入状态 893
    K_OUTPUTNOISEMARGIN            偏移，并进入状态 894
    K_PORT                         偏移，并进入状态 895
    K_POWER                        偏移，并进入状态 896
    K_PULLDOWNRES                  偏移，并进入状态 897
    K_RESISTANCE                   偏移，并进入状态 898
    K_RISESATCUR                   偏移，并进入状态 899
    K_RISETHRESH                   偏移，并进入状态 900
    K_RISEVOLTAGETHRESHOLD         偏移，并进入状态 901
    K_FALLVOLTAGETHRESHOLD         偏移，并进入状态 902
    K_SCANUSE                      偏移，并进入状态 903
    K_SHAPE                        偏移，并进入状态 904
    K_TIEOFFR                      偏移，并进入状态 905
    K_USE                          偏移，并进入状态 906
    K_VHI                          偏移，并进入状态 907
    K_VLO                          偏移，并进入状态 908
    K_PROPERTY                     偏移，并进入状态 909
    K_OUTPUTRESISTANCE             偏移，并进入状态 910
    K_TAPERRULE                    偏移，并进入状态 911
    K_ANTENNASIZE                  偏移，并进入状态 912
    K_ANTENNAMETALLENGTH           偏移，并进入状态 913
    K_ANTENNAMETALAREA             偏移，并进入状态 914
    K_RISESLEWLIMIT                偏移，并进入状态 915
    K_FALLSLEWLIMIT                偏移，并进入状态 916
    K_ANTENNAPARTIALMETALAREA      偏移，并进入状态 917
    K_ANTENNAPARTIALMETALSIDEAREA  偏移，并进入状态 918
    K_ANTENNAGATEAREA              偏移，并进入状态 919
    K_ANTENNADIFFAREA              偏移，并进入状态 920
    K_ANTENNAMAXAREACAR            偏移，并进入状态 921
    K_ANTENNAMAXSIDEAREACAR        偏移，并进入状态 922
    K_ANTENNAPARTIALCUTAREA        偏移，并进入状态 923
    K_ANTENNAMAXCUTCAR             偏移，并进入状态 924
    K_ANTENNAMODEL                 偏移，并进入状态 925
    K_GROUNDSENSITIVITY            偏移，并进入状态 926
    K_NETEXPR                      偏移，并进入状态 927
    K_SUPPLYSENSITIVITY            偏移，并进入状态 928

    start_foreign         转到状态 929
    end_macro_pin         转到状态 930
    macro_pin_option      转到状态 931
    electrical_direction  转到状态 932
    start_macro_port      转到状态 933


状态 587

  797 macro_obs: start_macro_obs K_END •

    $default  使用规则 797 以归约 (macro_obs)


状态 588

  756 geometry: K_LAYER • $@93 T_STRING $@94 layer_exceptpgnet layer_spacing ';'

    $default  使用规则 754 以归约 ($@93)

    $@93  转到状态 934


状态 589

  758 geometry: K_PATH • maskColor firstPt otherPts ';'
  759         | K_PATH • maskColor K_ITERATE firstPt otherPts stepPattern ';'

    K_MASK  偏移，并进入状态 935

    $default  使用规则 444 以归约 (maskColor)

    maskColor  转到状态 936


状态 590

  762 geometry: K_POLYGON • maskColor firstPt nextPt nextPt otherPts ';'
  763         | K_POLYGON • maskColor K_ITERATE firstPt nextPt nextPt otherPts stepPattern ';'

    K_MASK  偏移，并进入状态 935

    $default  使用规则 444 以归约 (maskColor)

    maskColor  转到状态 937


状态 591

  760 geometry: K_RECT • maskColor pt pt ';'
  761         | K_RECT • maskColor K_ITERATE pt pt stepPattern ';'

    K_MASK  偏移，并进入状态 935

    $default  使用规则 444 以归约 (maskColor)

    maskColor  转到状态 938


状态 592

  777 via_placement: K_VIA • maskColor pt $@95 T_STRING ';'
  779              | K_VIA • K_ITERATE maskColor pt $@96 T_STRING stepPattern ';'

    K_ITERATE  偏移，并进入状态 939
    K_MASK     偏移，并进入状态 935

    $default  使用规则 444 以归约 (maskColor)

    maskColor  转到状态 940


状态 593

  757 geometry: K_WIDTH • int_number ';'

    NUMBER  偏移，并进入状态 97

    int_number  转到状态 941


状态 594

  796 macro_obs: start_macro_obs geometries • K_END

    K_END  偏移，并进入状态 942


状态 595

  753 geometries: geometry • geometry_options

    $default  使用规则 765 以归约 (geometry_options)

    geometry_options  转到状态 943


状态 596

  764 geometry: via_placement •

    $default  使用规则 764 以归约 (geometry)


状态 597

  810 timing: start_timing timing_options • end_timing
  814 timing_options: timing_options • timing_option

    K_END           偏移，并进入状态 944
    K_FALL          偏移，并进入状态 945
    K_FALLCS        偏移，并进入状态 946
    K_FALLT0        偏移，并进入状态 947
    K_FALLSATT1     偏移，并进入状态 948
    K_FALLRS        偏移，并进入状态 949
    K_FROMPIN       偏移，并进入状态 950
    K_RISE          偏移，并进入状态 951
    K_RISECS        偏移，并进入状态 952
    K_RISERS        偏移，并进入状态 953
    K_RISESATT1     偏移，并进入状态 954
    K_RISET0        偏移，并进入状态 955
    K_TOPIN         偏移，并进入状态 956
    K_UNATENESS     偏移，并进入状态 957
    K_STABLE        偏移，并进入状态 958
    K_SETUP         偏移，并进入状态 959
    K_HOLD          偏移，并进入状态 960
    K_TABLEAXIS     偏移，并进入状态 961
    K_TABLEENTRIES  偏移，并进入状态 962
    K_EXTENSION     偏移，并进入状态 963
    K_RECOVERY      偏移，并进入状态 964
    K_SKEW          偏移，并进入状态 965
    K_SDFCONDSTART  偏移，并进入状态 966
    K_SDFCONDEND    偏移，并进入状态 967
    K_SDFCOND       偏移，并进入状态 968
    K_MPWH          偏移，并进入状态 969
    K_MPWL          偏移，并进入状态 970
    K_PERIOD        偏移，并进入状态 971

    end_timing       转到状态 972
    timing_option    转到状态 973
    one_pin_trigger  转到状态 974
    two_pin_trigger  转到状态 975
    risefall         转到状态 976


状态 598

  883 array_rule: K_CANPLACE $@111 • sitePattern ';'

    T_STRING  偏移，并进入状态 977

    sitePattern  转到状态 978


状态 599

  885 array_rule: K_CANNOTOCCUPY $@112 • sitePattern ';'

    T_STRING  偏移，并进入状态 977

    sitePattern  转到状态 979


状态 600

  887 array_rule: K_TRACKS $@113 • trackPattern ';'

    K_X  偏移，并进入状态 980
    K_Y  偏移，并进入状态 981

    trackPattern  转到状态 982


状态 601

  893 floorplan_start: K_FLOORPLAN T_STRING •

    $default  使用规则 893 以归约 (floorplan_start)


状态 602

  890 array_rule: K_GCELLGRID $@114 • gcellPattern ';'

    K_X  偏移，并进入状态 983
    K_Y  偏移，并进入状态 984

    gcellPattern  转到状态 985


状态 603

  891 array_rule: K_DEFAULTCAP int_number • cap_list K_END K_DEFAULTCAP

    $default  使用规则 900 以归约 (cap_list)

    cap_list  转到状态 986


状态 604

  881 array_rule: site_word $@110 • sitePattern ';'

    T_STRING  偏移，并进入状态 977

    sitePattern  转到状态 987


状态 605

  877 end_array: K_END • $@109 T_STRING

    $default  使用规则 876 以归约 ($@109)

    $@109  转到状态 988


状态 606

  873 array: start_array array_rules $@107 end_array •

    $default  使用规则 873 以归约 (array)


状态 607

  888 array_rule: floorplan_start floorplan_list • K_END T_STRING
  895 floorplan_list: floorplan_list • floorplan_element

    K_END           偏移，并进入状态 989
    K_CANPLACE      偏移，并进入状态 990
    K_CANNOTOCCUPY  偏移，并进入状态 991

    floorplan_element  转到状态 992


状态 608

  465 nd_hardspacing: K_HARDSPACING • ';'

    ';'  偏移，并进入状态 993


状态 609

  461 nondefault_rule: K_NONDEFAULTRULE $@63 T_STRING $@64 nd_hardspacing • nd_rules $@65 end_nd_rule

    $default  使用规则 466 以归约 (nd_rules)

    nd_rules  转到状态 994


状态 610

  926 expression: K_IF • b_expr then expression else expression

    QSTRING  偏移，并进入状态 615
    NUMBER   偏移，并进入状态 97
    K_IF     偏移，并进入状态 619
    K_FALSE  偏移，并进入状态 620
    K_TRUE   偏移，并进入状态 621
    K_NOT    偏移，并进入状态 622
    '-'      偏移，并进入状态 611
    '('      偏移，并进入状态 623

    int_number  转到状态 613
    expression  转到状态 624
    b_expr      转到状态 995
    s_expr      转到状态 626


状态 611

  924 expression: '-' • expression

    NUMBER  偏移，并进入状态 97
    K_IF    偏移，并进入状态 610
    '-'     偏移，并进入状态 611
    '('     偏移，并进入状态 612

    int_number  转到状态 613
    expression  转到状态 996


状态 612

  925 expression: '(' • expression ')'

    NUMBER  偏移，并进入状态 97
    K_IF    偏移，并进入状态 610
    '-'     偏移，并进入状态 611
    '('     偏移，并进入状态 612

    int_number  转到状态 613
    expression  转到状态 997


状态 613

  927 expression: int_number •

    $default  使用规则 927 以归约 (expression)


状态 614

  908 def_statement: K_DEFINE $@119 T_STRING '=' expression • dtrm
  920 expression: expression • '+' expression
  921           | expression • '-' expression
  922           | expression • '*' expression
  923           | expression • '/' expression

    '-'   偏移，并进入状态 998
    '+'   偏移，并进入状态 999
    '*'   偏移，并进入状态 1000
    '/'   偏移，并进入状态 1001
    ';'   偏移，并进入状态 1002
    '\n'  偏移，并进入状态 1003

    $default  使用规则 913 以归约 (dtrm)

    dtrm  转到状态 1004


状态 615

  946 s_expr: QSTRING •

    $default  使用规则 946 以归约 (s_expr)


状态 616

  945 s_expr: K_IF • b_expr then s_expr else s_expr

    QSTRING  偏移，并进入状态 615
    NUMBER   偏移，并进入状态 97
    K_IF     偏移，并进入状态 619
    K_FALSE  偏移，并进入状态 620
    K_TRUE   偏移，并进入状态 621
    K_NOT    偏移，并进入状态 622
    '-'      偏移，并进入状态 611
    '('      偏移，并进入状态 623

    int_number  转到状态 613
    expression  转到状态 624
    b_expr      转到状态 1005
    s_expr      转到状态 626


状态 617

  944 s_expr: '(' • s_expr ')'

    QSTRING  偏移，并进入状态 615
    K_IF     偏移，并进入状态 616
    '('      偏移，并进入状态 617

    s_expr  转到状态 1006


状态 618

  910 def_statement: K_DEFINES $@120 T_STRING '=' s_expr • dtrm
  943 s_expr: s_expr • '+' s_expr

    '+'   偏移，并进入状态 1007
    ';'   偏移，并进入状态 1002
    '\n'  偏移，并进入状态 1003

    $default  使用规则 913 以归约 (dtrm)

    dtrm  转到状态 1008


状态 619

  926 expression: K_IF • b_expr then expression else expression
  940 b_expr: K_IF • b_expr then b_expr else b_expr
  945 s_expr: K_IF • b_expr then s_expr else s_expr

    QSTRING  偏移，并进入状态 615
    NUMBER   偏移，并进入状态 97
    K_IF     偏移，并进入状态 619
    K_FALSE  偏移，并进入状态 620
    K_TRUE   偏移，并进入状态 621
    K_NOT    偏移，并进入状态 622
    '-'      偏移，并进入状态 611
    '('      偏移，并进入状态 623

    int_number  转到状态 613
    expression  转到状态 624
    b_expr      转到状态 1009
    s_expr      转到状态 626


状态 620

  942 b_expr: K_FALSE •

    $default  使用规则 942 以归约 (b_expr)


状态 621

  941 b_expr: K_TRUE •

    $default  使用规则 941 以归约 (b_expr)


状态 622

  938 b_expr: K_NOT • b_expr

    QSTRING  偏移，并进入状态 615
    NUMBER   偏移，并进入状态 97
    K_IF     偏移，并进入状态 619
    K_FALSE  偏移，并进入状态 620
    K_TRUE   偏移，并进入状态 621
    K_NOT    偏移，并进入状态 622
    '-'      偏移，并进入状态 611
    '('      偏移，并进入状态 623

    int_number  转到状态 613
    expression  转到状态 624
    b_expr      转到状态 1010
    s_expr      转到状态 626


状态 623

  925 expression: '(' • expression ')'
  939 b_expr: '(' • b_expr ')'
  944 s_expr: '(' • s_expr ')'

    QSTRING  偏移，并进入状态 615
    NUMBER   偏移，并进入状态 97
    K_IF     偏移，并进入状态 619
    K_FALSE  偏移，并进入状态 620
    K_TRUE   偏移，并进入状态 621
    K_NOT    偏移，并进入状态 622
    '-'      偏移，并进入状态 611
    '('      偏移，并进入状态 623

    int_number  转到状态 613
    expression  转到状态 1011
    b_expr      转到状态 1012
    s_expr      转到状态 1013


状态 624

  920 expression: expression • '+' expression
  921           | expression • '-' expression
  922           | expression • '*' expression
  923           | expression • '/' expression
  928 b_expr: expression • relop expression
  929       | expression • K_AND expression
  930       | expression • K_OR expression

    K_EQ   偏移，并进入状态 1014
    K_NE   偏移，并进入状态 1015
    K_LE   偏移，并进入状态 1016
    K_LT   偏移，并进入状态 1017
    K_GE   偏移，并进入状态 1018
    K_GT   偏移，并进入状态 1019
    K_OR   偏移，并进入状态 1020
    K_AND  偏移，并进入状态 1021
    '-'    偏移，并进入状态 998
    '+'    偏移，并进入状态 999
    '*'    偏移，并进入状态 1000
    '/'    偏移，并进入状态 1001
    '='    偏移，并进入状态 1022
    '<'    偏移，并进入状态 1023
    '>'    偏移，并进入状态 1024

    relop  转到状态 1025


状态 625

  912 def_statement: K_DEFINEB $@121 T_STRING '=' b_expr • dtrm
  934 b_expr: b_expr • K_EQ b_expr
  935       | b_expr • K_NE b_expr
  936       | b_expr • K_AND b_expr
  937       | b_expr • K_OR b_expr

    K_EQ   偏移，并进入状态 1026
    K_NE   偏移，并进入状态 1027
    K_OR   偏移，并进入状态 1028
    K_AND  偏移，并进入状态 1029
    ';'    偏移，并进入状态 1002
    '\n'   偏移，并进入状态 1003

    $default  使用规则 913 以归约 (dtrm)

    dtrm  转到状态 1030


状态 626

  931 b_expr: s_expr • relop s_expr
  932       | s_expr • K_AND s_expr
  933       | s_expr • K_OR s_expr
  943 s_expr: s_expr • '+' s_expr

    K_EQ   偏移，并进入状态 1014
    K_NE   偏移，并进入状态 1015
    K_LE   偏移，并进入状态 1016
    K_LT   偏移，并进入状态 1017
    K_GE   偏移，并进入状态 1018
    K_GT   偏移，并进入状态 1019
    K_OR   偏移，并进入状态 1031
    K_AND  偏移，并进入状态 1032
    '+'    偏移，并进入状态 1007
    '='    偏移，并进入状态 1022
    '<'    偏移，并进入状态 1023
    '>'    偏移，并进入状态 1024

    relop  转到状态 1033


状态 627

  957 prop_def_section: K_PROPDEF $@122 prop_stmts K_END K_PROPDEF •

    $default  使用规则 957 以归约 (prop_def_section)


状态 628

  963 prop_stmt: K_COMPONENTPIN $@124 • T_STRING prop_define ';'

    T_STRING  偏移，并进入状态 1034


状态 629

  973 prop_stmt: K_LAYER $@129 • T_STRING prop_define ';'

    T_STRING  偏移，并进入状态 1035


状态 630

  961 prop_stmt: K_LIBRARY $@123 • T_STRING prop_define ';'

    T_STRING  偏移，并进入状态 1036


状态 631

  967 prop_stmt: K_MACRO $@126 • T_STRING prop_define ';'

    T_STRING  偏移，并进入状态 1037


状态 632

  975 prop_stmt: K_NONDEFAULTRULE $@130 • T_STRING prop_define ';'

    T_STRING  偏移，并进入状态 1038


状态 633

  965 prop_stmt: K_PIN $@125 • T_STRING prop_define ';'

    T_STRING  偏移，并进入状态 1039


状态 634

  969 prop_stmt: K_VIA $@127 • T_STRING prop_define ';'

    T_STRING  偏移，并进入状态 1040


状态 635

  971 prop_stmt: K_VIARULE $@128 • T_STRING prop_define ';'

    T_STRING  偏移，并进入状态 1041


状态 636

  1055 correction_table_item: K_EDGERATE • int_number ';'

    NUMBER  偏移，并进入状态 97

    int_number  转到状态 1042


状态 637

  1058 output_list: K_OUTPUTRESISTANCE • $@144 numo_list ';' corr_victim_list

    $default  使用规则 1057 以归约 ($@144)

    $@144  转到状态 1043


状态 638

  1051 correctiontable: K_CORRECTIONTABLE int_number ';' $@143 correction_table_list • end_correctiontable dtrm
  1054 correction_table_list: correction_table_list • correction_table_item

    K_END               偏移，并进入状态 1044
    K_EDGERATE          偏移，并进入状态 636
    K_OUTPUTRESISTANCE  偏移，并进入状态 637

    end_correctiontable    转到状态 1045
    correction_table_item  转到状态 1046
    output_list            转到状态 640


状态 639

  1053 correction_table_list: correction_table_item •

    $default  使用规则 1053 以归约 (correction_table_list)


状态 640

  1056 correction_table_item: output_list •

    $default  使用规则 1056 以归约 (correction_table_item)


状态 641

  1038 noise_table_entry: K_EDGERATE • int_number ';'

    NUMBER  偏移，并进入状态 97

    int_number  转到状态 1047


状态 642

  1041 output_resistance_entry: K_OUTPUTRESISTANCE • $@141 num_list ';' victim_list

    $default  使用规则 1040 以归约 ($@141)

    $@141  转到状态 1048


状态 643

  1034 noisetable: K_NOISETABLE int_number $@140 ';' noise_table_list • end_noisetable dtrm
  1037 noise_table_list: noise_table_list • noise_table_entry

    K_END               偏移，并进入状态 1049
    K_EDGERATE          偏移，并进入状态 641
    K_OUTPUTRESISTANCE  偏移，并进入状态 642

    end_noisetable           转到状态 1050
    noise_table_entry        转到状态 1051
    output_resistance_entry  转到状态 645


状态 644

  1036 noise_table_list: noise_table_entry •

    $default  使用规则 1036 以归约 (noise_table_list)


状态 645

  1039 noise_table_entry: output_resistance_entry •

    $default  使用规则 1039 以归约 (noise_table_entry)


状态 646

  904 msg_statement: K_MESSAGE $@117 T_STRING '=' s_expr • dtrm
  943 s_expr: s_expr • '+' s_expr

    '+'   偏移，并进入状态 1007
    ';'   偏移，并进入状态 1002
    '\n'  偏移，并进入状态 1003

    $default  使用规则 913 以归约 (dtrm)

    dtrm  转到状态 1052


状态 647

  906 create_file_statement: K_CREATEFILE $@118 T_STRING '=' s_expr • dtrm
  943 s_expr: s_expr • '+' s_expr

    '+'   偏移，并进入状态 1007
    ';'   偏移，并进入状态 1002
    '\n'  偏移，并进入状态 1003

    $default  使用规则 913 以归约 (dtrm)

    dtrm  转到状态 1053


状态 648

  331 maxstack_via: K_MAXVIASTACK int_number K_RANGE $@47 T_STRING • T_STRING ';'

    T_STRING  偏移，并进入状态 1054


状态 649

   70 units_rule: K_CAPACITANCE K_PICOFARADS int_number • ';'

    ';'  偏移，并进入状态 1055


状态 650

   73 units_rule: K_CURRENT K_MILLIAMPS int_number • ';'

    ';'  偏移，并进入状态 1056


状态 651

   75 units_rule: K_DATABASE K_MICRONS int_number • ';'

    ';'  偏移，并进入状态 1057


状态 652

   72 units_rule: K_POWER K_MILLIWATTS int_number • ';'

    ';'  偏移，并进入状态 1058


状态 653

   71 units_rule: K_RESISTANCE K_OHMS int_number • ';'

    ';'  偏移，并进入状态 1059


状态 654

   69 units_rule: K_TIME K_NANOSECONDS int_number • ';'

    ';'  偏移，并进入状态 1060


状态 655

   74 units_rule: K_VOLTAGE K_VOLTS int_number • ';'

    ';'  偏移，并进入状态 1061


状态 656

   76 units_rule: K_FREQUENCY K_MEGAHERTZ NUMBER • ';'

    ';'  偏移，并进入状态 1062


状态 657

   98 layer_option: K_AREA NUMBER ';' •

    $default  使用规则 98 以归约 (layer_option)


状态 658

  107 layer_option: K_CAPACITANCE K_CPERSQDIST K_PWL • '(' cap_points ')' ';'

    '('  偏移，并进入状态 1063


状态 659

  106 layer_option: K_CAPACITANCE K_CPERSQDIST int_number • ';'

    ';'  偏移，并进入状态 1064


状态 660

  112 layer_option: K_CAPMULTIPLIER int_number ';' •

    $default  使用规则 112 以归约 (layer_option)


状态 661

  103 layer_option: K_DIRECTION layer_direction ';' •

    $default  使用规则 103 以归约 (layer_option)


状态 662

  113 layer_option: K_EDGECAPACITANCE int_number ';' •

    $default  使用规则 113 以归约 (layer_option)


状态 663

   81 end_layer: K_END $@3 T_STRING •

    $default  使用规则 81 以归约 (end_layer)


状态 664

  108 layer_option: K_HEIGHT int_number ';' •

    $default  使用规则 108 以归约 (layer_option)


状态 665

   93 layer_option: K_OFFSET int_number ';' •

    $default  使用规则 93 以归约 (layer_option)


状态 666

   94 layer_option: K_OFFSET int_number int_number • ';'

    ';'  偏移，并进入状态 1065


状态 667

   89 layer_option: K_PITCH int_number ';' •

    $default  使用规则 89 以归约 (layer_option)


状态 668

   90 layer_option: K_PITCH int_number int_number • ';'

    ';'  偏移，并进入状态 1066


状态 669

  105 layer_option: K_RESISTANCE K_RPERSQ K_PWL • '(' res_points ')' ';'

    '('  偏移，并进入状态 1067


状态 670

  104 layer_option: K_RESISTANCE K_RPERSQ int_number • ';'

    ';'  偏移，并进入状态 1068


状态 671

  182 layer_option: K_RESISTANCE int_number ';' •

    $default  使用规则 182 以归约 (layer_option)


状态 672

  111 layer_option: K_SHRINKAGE int_number ';' •

    $default  使用规则 111 以归约 (layer_option)


状态 673

  100 layer_option: K_SPACING int_number $@6 • layer_spacing_opts layer_spacing_cut_routing ';'

    K_SAMENET          偏移，并进入状态 1069
    K_CENTERTOCENTER   偏移，并进入状态 1070
    K_PARALLELOVERLAP  偏移，并进入状态 1071

    $default  使用规则 999 以归约 (layer_spacing_opts)

    layer_spacing_opts  转到状态 1072
    layer_spacing_opt   转到状态 1073


状态 674

  110 layer_option: K_THICKNESS int_number ';' •

    $default  使用规则 110 以归约 (layer_option)


状态 675

   87 layer_option: K_TYPE layer_type ';' •

    $default  使用规则 87 以归约 (layer_option)


状态 676

   97 layer_option: K_WIDTH int_number ';' •

    $default  使用规则 97 以归约 (layer_option)


状态 677

  260 layer_prop: T_STRING • T_STRING
  261           | T_STRING • QSTRING
  262           | T_STRING • NUMBER

    T_STRING  偏移，并进入状态 1074
    QSTRING   偏移，并进入状态 1075
    NUMBER    偏移，并进入状态 1076


状态 678

  119 layer_option: K_PROPERTY $@8 layer_prop_list • ';'
  259 layer_prop_list: layer_prop_list • layer_prop

    T_STRING  偏移，并进入状态 677
    ';'       偏移，并进入状态 1077

    layer_prop  转到状态 1078


状态 679

  258 layer_prop_list: layer_prop •

    $default  使用规则 258 以归约 (layer_prop_list)


状态 680

  116 layer_option: K_CURRENTDEN K_PWL '(' • current_density_pwl_list ')' ';'

    '('  偏移，并进入状态 1079

    current_density_pwl_list  转到状态 1080
    current_density_pwl       转到状态 1081


状态 681

  117 layer_option: K_CURRENTDEN '(' int_number • int_number ')' ';'

    NUMBER  偏移，并进入状态 97

    int_number  转到状态 1082


状态 682

  115 layer_option: K_CURRENTDEN int_number ';' •

    $default  使用规则 115 以归约 (layer_option)


状态 683

  114 layer_option: K_ANTENNALENGTHFACTOR int_number ';' •

    $default  使用规则 114 以归约 (layer_option)


状态 684

  109 layer_option: K_WIREEXTENSION int_number ';' •

    $default  使用规则 109 以归约 (layer_option)


状态 685

  122 layer_option: K_ACCURRENTDENSITY layer_table_type int_number • ';'

    ';'  偏移，并进入状态 1083


状态 686

  121 layer_option: K_ACCURRENTDENSITY layer_table_type $@9 • layer_frequency

    K_FREQUENCY  偏移，并进入状态 1084

    layer_frequency  转到状态 1085


状态 687

  129 layer_option: K_DCCURRENTDENSITY K_AVERAGE K_WIDTH • int_number $@12 int_number_list ';' $@13 dc_layer_table

    NUMBER  偏移，并进入状态 97

    int_number  转到状态 1086


状态 688

  126 layer_option: K_DCCURRENTDENSITY K_AVERAGE K_CUTAREA • NUMBER $@10 number_list ';' $@11 dc_layer_table

    NUMBER  偏移，并进入状态 1087


状态 689

  123 layer_option: K_DCCURRENTDENSITY K_AVERAGE int_number • ';'

    ';'  偏移，并进入状态 1088


状态 690

  130 layer_option: K_ANTENNAAREARATIO int_number ';' •

    $default  使用规则 130 以归约 (layer_option)


状态 691

  234 layer_antenna_pwl: K_PWL • '(' pt pt $@38 layer_diffusion_ratios ')'

    '('  偏移，并进入状态 1089


状态 692

  232 layer_antenna_pwl: int_number •

    $default  使用规则 232 以归约 (layer_antenna_pwl)


状态 693

  132 layer_option: K_ANTENNADIFFAREARATIO $@14 layer_antenna_pwl • ';'

    ';'  偏移，并进入状态 1090


状态 694

  133 layer_option: K_ANTENNACUMAREARATIO int_number ';' •

    $default  使用规则 133 以归约 (layer_option)


状态 695

  135 layer_option: K_ANTENNACUMDIFFAREARATIO $@15 layer_antenna_pwl • ';'

    ';'  偏移，并进入状态 1091


状态 696

  137 layer_option: K_ANTENNAAREAFACTOR int_number $@16 • layer_antenna_duo ';'

    K_DIFFUSEONLY  偏移，并进入状态 1092

    $default  使用规则 238 以归约 (layer_antenna_duo)

    layer_antenna_duo  转到状态 1093


状态 697

  138 layer_option: K_ANTENNASIDEAREARATIO int_number ';' •

    $default  使用规则 138 以归约 (layer_option)


状态 698

  140 layer_option: K_ANTENNADIFFSIDEAREARATIO $@17 layer_antenna_pwl • ';'

    ';'  偏移，并进入状态 1094


状态 699

  141 layer_option: K_ANTENNACUMSIDEAREARATIO int_number ';' •

    $default  使用规则 141 以归约 (layer_option)


状态 700

  143 layer_option: K_ANTENNACUMDIFFSIDEAREARATIO $@18 layer_antenna_pwl • ';'

    ';'  偏移，并进入状态 1095


状态 701

  145 layer_option: K_ANTENNASIDEAREAFACTOR int_number $@19 • layer_antenna_duo ';'

    K_DIFFUSEONLY  偏移，并进入状态 1092

    $default  使用规则 238 以归约 (layer_antenna_duo)

    layer_antenna_duo  转到状态 1096


状态 702

  154 layer_option: K_SLOTWIREWIDTH int_number ';' •

    $default  使用规则 154 以归约 (layer_option)


状态 703

  155 layer_option: K_SLOTWIRELENGTH int_number ';' •

    $default  使用规则 155 以归约 (layer_option)


状态 704

  156 layer_option: K_SLOTWIDTH int_number ';' •

    $default  使用规则 156 以归约 (layer_option)


状态 705

  157 layer_option: K_SLOTLENGTH int_number ';' •

    $default  使用规则 157 以归约 (layer_option)


状态 706

  158 layer_option: K_MAXADJACENTSLOTSPACING int_number ';' •

    $default  使用规则 158 以归约 (layer_option)


状态 707

  159 layer_option: K_MAXCOAXIALSLOTSPACING int_number ';' •

    $default  使用规则 159 以归约 (layer_option)


状态 708

  160 layer_option: K_MAXEDGESLOTSPACING int_number ';' •

    $default  使用规则 160 以归约 (layer_option)


状态 709

  161 layer_option: K_SPLITWIREWIDTH int_number ';' •

    $default  使用规则 161 以归约 (layer_option)


状态 710

  162 layer_option: K_MINIMUMDENSITY int_number ';' •

    $default  使用规则 162 以归约 (layer_option)


状态 711

  163 layer_option: K_MAXIMUMDENSITY int_number ';' •

    $default  使用规则 163 以归约 (layer_option)


状态 712

  164 layer_option: K_DENSITYCHECKWINDOW int_number int_number • ';'

    ';'  偏移，并进入状态 1097


状态 713

  165 layer_option: K_DENSITYCHECKSTEP int_number ';' •

    $default  使用规则 165 以归约 (layer_option)


状态 714

  166 layer_option: K_FILLACTIVESPACING int_number ';' •

    $default  使用规则 166 以归约 (layer_option)


状态 715

  172 layer_option: K_MINIMUMCUT int_number K_WIDTH • int_number $@24 layer_minimumcut_within layer_minimumcut_from layer_minimumcut_length ';'

    NUMBER  偏移，并进入状态 97

    int_number  转到状态 1098


状态 716

  284 layer_oxide: K_OXIDE1 •

    $default  使用规则 284 以归约 (layer_oxide)


状态 717

  285 layer_oxide: K_OXIDE2 •

    $default  使用规则 285 以归约 (layer_oxide)


状态 718

  286 layer_oxide: K_OXIDE3 •

    $default  使用规则 286 以归约 (layer_oxide)


状态 719

  287 layer_oxide: K_OXIDE4 •

    $default  使用规则 287 以归约 (layer_oxide)


状态 720

  288 layer_oxide: K_OXIDE5 •

    $default  使用规则 288 以归约 (layer_oxide)


状态 721

  289 layer_oxide: K_OXIDE6 •

    $default  使用规则 289 以归约 (layer_oxide)


状态 722

  290 layer_oxide: K_OXIDE7 •

    $default  使用规则 290 以归约 (layer_oxide)


状态 723

  291 layer_oxide: K_OXIDE8 •

    $default  使用规则 291 以归约 (layer_oxide)


状态 724

  292 layer_oxide: K_OXIDE9 •

    $default  使用规则 292 以归约 (layer_oxide)


状态 725

  293 layer_oxide: K_OXIDE10 •

    $default  使用规则 293 以归约 (layer_oxide)


状态 726

  294 layer_oxide: K_OXIDE11 •

    $default  使用规则 294 以归约 (layer_oxide)


状态 727

  295 layer_oxide: K_OXIDE12 •

    $default  使用规则 295 以归约 (layer_oxide)


状态 728

  296 layer_oxide: K_OXIDE13 •

    $default  使用规则 296 以归约 (layer_oxide)


状态 729

  297 layer_oxide: K_OXIDE14 •

    $default  使用规则 297 以归约 (layer_oxide)


状态 730

  298 layer_oxide: K_OXIDE15 •

    $default  使用规则 298 以归约 (layer_oxide)


状态 731

  299 layer_oxide: K_OXIDE16 •

    $default  使用规则 299 以归约 (layer_oxide)


状态 732

  300 layer_oxide: K_OXIDE17 •

    $default  使用规则 300 以归约 (layer_oxide)


状态 733

  301 layer_oxide: K_OXIDE18 •

    $default  使用规则 301 以归约 (layer_oxide)


状态 734

  302 layer_oxide: K_OXIDE19 •

    $default  使用规则 302 以归约 (layer_oxide)


状态 735

  303 layer_oxide: K_OXIDE20 •

    $default  使用规则 303 以归约 (layer_oxide)


状态 736

  304 layer_oxide: K_OXIDE21 •

    $default  使用规则 304 以归约 (layer_oxide)


状态 737

  305 layer_oxide: K_OXIDE22 •

    $default  使用规则 305 以归约 (layer_oxide)


状态 738

  306 layer_oxide: K_OXIDE23 •

    $default  使用规则 306 以归约 (layer_oxide)


状态 739

  307 layer_oxide: K_OXIDE24 •

    $default  使用规则 307 以归约 (layer_oxide)


状态 740

  308 layer_oxide: K_OXIDE25 •

    $default  使用规则 308 以归约 (layer_oxide)


状态 741

  309 layer_oxide: K_OXIDE26 •

    $default  使用规则 309 以归约 (layer_oxide)


状态 742

  310 layer_oxide: K_OXIDE27 •

    $default  使用规则 310 以归约 (layer_oxide)


状态 743

  311 layer_oxide: K_OXIDE28 •

    $default  使用规则 311 以归约 (layer_oxide)


状态 744

  312 layer_oxide: K_OXIDE29 •

    $default  使用规则 312 以归约 (layer_oxide)


状态 745

  313 layer_oxide: K_OXIDE30 •

    $default  使用规则 313 以归约 (layer_oxide)


状态 746

  314 layer_oxide: K_OXIDE31 •

    $default  使用规则 314 以归约 (layer_oxide)


状态 747

  315 layer_oxide: K_OXIDE32 •

    $default  使用规则 315 以归约 (layer_oxide)


状态 748

  147 layer_option: K_ANTENNAMODEL $@20 layer_oxide • ';'

    ';'  偏移，并进入状态 1099


状态 749

  179 layer_option: K_ENCLOSURE layer_enclosure_type_opt int_number • int_number $@27 layer_enclosure_width_opt ';'

    NUMBER  偏移，并进入状态 97

    int_number  转到状态 1100


状态 750

  167 layer_option: K_MAXWIDTH int_number ';' •

    $default  使用规则 167 以归约 (layer_option)


状态 751

  170 layer_option: K_MINENCLOSEDAREA NUMBER $@23 • layer_minen_width ';'

    K_WIDTH  偏移，并进入状态 1101

    $default  使用规则 282 以归约 (layer_minen_width)

    layer_minen_width  转到状态 1102


状态 752

  174 layer_option: K_MINSTEP int_number $@25 • layer_minstep_options ';'

    $default  使用规则 224 以归约 (layer_minstep_options)

    layer_minstep_options  转到状态 1103


状态 753

  168 layer_option: K_MINWIDTH int_number ';' •

    $default  使用规则 168 以归约 (layer_option)


状态 754

  175 layer_option: K_PROTRUSIONWIDTH int_number K_LENGTH • int_number K_WIDTH int_number ';'

    NUMBER  偏移，并进入状态 97

    int_number  转到状态 1104


状态 755

  102 layer_option: K_SPACINGTABLE K_ORTHOGONAL K_WITHIN • int_number K_SPACING int_number $@7 layer_spacingtable_opts ';'

    NUMBER  偏移，并进入状态 97

    int_number  转到状态 1105


状态 756

  202 sp_options: K_INFLUENCE • K_WIDTH int_number K_WITHIN int_number K_SPACING int_number $@36 layer_sp_influence_widths

    K_WIDTH  偏移，并进入状态 1106


状态 757

  197 sp_options: K_PARALLELRUNLENGTH • int_number $@30 int_number_list $@31 K_WIDTH int_number $@32 int_number_list $@33 layer_sp_parallel_widths

    NUMBER  偏移，并进入状态 97

    int_number  转到状态 1107


状态 758

  200 sp_options: K_TWOWIDTHS • K_WIDTH int_number layer_sp_TwoWidthsPRL int_number $@34 int_number_list $@35 layer_sp_TwoWidths

    K_WIDTH  偏移，并进入状态 1108


状态 759

  177 layer_option: K_SPACINGTABLE $@26 sp_options • ';'

    ';'  偏移，并进入状态 1109


状态 760

   88 layer_option: K_MASK int_number ';' •

    $default  使用规则 88 以归约 (layer_option)


状态 761

  183 layer_option: K_DIAGMINEDGELENGTH int_number ';' •

    $default  使用规则 183 以归约 (layer_option)


状态 762

   96 layer_option: K_DIAGSPACING int_number ';' •

    $default  使用规则 96 以归约 (layer_option)


状态 763

   91 layer_option: K_DIAGPITCH int_number ';' •

    $default  使用规则 91 以归约 (layer_option)


状态 764

   92 layer_option: K_DIAGPITCH int_number int_number • ';'

    ';'  偏移，并进入状态 1110


状态 765

   95 layer_option: K_DIAGWIDTH int_number ';' •

    $default  使用规则 95 以归约 (layer_option)


状态 766

  772 firstPt: pt •

    $default  使用规则 772 以归约 (firstPt)


状态 767

  185 layer_option: K_MINSIZE $@29 firstPt • otherPts ';'

    $default  使用规则 774 以归约 (otherPts)

    otherPts  转到状态 1111


状态 768

  181 layer_option: K_PREFERENCLOSURE layer_enclosure_type_opt int_number • int_number $@28 layer_preferenclosure_width_opt ';'

    NUMBER  偏移，并进入状态 97

    int_number  转到状态 1112


状态 769

  187 layer_arraySpacing_long: K_LONGARRAY •

    $default  使用规则 187 以归约 (layer_arraySpacing_long)


状态 770

   86 layer_option: K_ARRAYSPACING $@4 layer_arraySpacing_long • layer_arraySpacing_width K_CUTSPACING int_number $@5 layer_arraySpacing_arraycuts ';'

    K_WIDTH  偏移，并进入状态 1113

    $default  使用规则 188 以归约 (layer_arraySpacing_width)

    layer_arraySpacing_width  转到状态 1114


状态 771

  153 layer_option: K_ANTENNAAREADIFFREDUCEPWL '(' pt • pt $@21 layer_diffusion_ratios ')' ';' $@22

    NUMBER  偏移，并进入状态 97
    '('     偏移，并进入状态 514

    int_number  转到状态 515
    pt          转到状态 1115


状态 772

  150 layer_option: K_ANTENNAAREAMINUSDIFF int_number ';' •

    $default  使用规则 150 以归约 (layer_option)


状态 773

  149 layer_option: K_ANTENNAGATEPLUSDIFF int_number ';' •

    $default  使用规则 149 以归约 (layer_option)


状态 774

  370 start_foreign: K_FOREIGN $@54 T_STRING •

    $default  使用规则 370 以归约 (start_foreign)


状态 775

  389 via_layer: K_LAYER $@55 T_STRING • ';'

    ';'  偏移，并进入状态 1116


状态 776

  356 via_other_option: K_RESISTANCE int_number ';' •

    $default  使用规则 356 以归约 (via_other_option)


状态 777

  341 via_viarule: K_VIARULE $@49 T_STRING • ';' K_CUTSIZE int_number int_number ';' K_LAYERS $@50 T_STRING T_STRING T_STRING ';' K_CUTSPACING int_number int_number ';' K_ENCLOSURE int_number int_number int_number int_number ';' $@51 via_viarule_options

    ';'  偏移，并进入状态 1117


状态 778

  362 via_name_value_pair: T_STRING • NUMBER
  363                    | T_STRING • QSTRING
  364                    | T_STRING • T_STRING

    T_STRING  偏移，并进入状态 1118
    QSTRING   偏移，并进入状态 1119
    NUMBER    偏移，并进入状态 1120


状态 779

  358 via_other_option: K_PROPERTY $@53 via_prop_list • ';'
  361 via_prop_list: via_prop_list • via_name_value_pair

    T_STRING  偏移，并进入状态 778
    ';'       偏移，并进入状态 1121

    via_name_value_pair  转到状态 1122


状态 780

  360 via_prop_list: via_name_value_pair •

    $default  使用规则 360 以归约 (via_prop_list)


状态 781

  396 end_via: K_END $@57 • T_STRING

    T_STRING  偏移，并进入状态 1123


状态 782

  353 via_more_options: via_more_options via_other_option •

    $default  使用规则 353 以归约 (via_more_options)


状态 783

  525 pt: '(' int_number • int_number ')'

    NUMBER  偏移，并进入状态 97

    int_number  转到状态 1124


状态 784

  524 pt: int_number int_number •

    $default  使用规则 524 以归约 (pt)


状态 785

  368 via_foreign: start_foreign orientation ';' •

    $default  使用规则 368 以归约 (via_foreign)


状态 786

  366 via_foreign: start_foreign pt ';' •

    $default  使用规则 366 以归约 (via_foreign)


状态 787

  367 via_foreign: start_foreign pt orientation • ';'

    ';'  偏移，并进入状态 1125


状态 788

  394 via_geometry: K_POLYGON • maskColor $@56 firstPt nextPt nextPt otherPts ';'

    K_MASK  偏移，并进入状态 935

    $default  使用规则 444 以归约 (maskColor)

    maskColor  转到状态 1126


状态 789

  392 via_geometry: K_RECT • maskColor pt pt ';'

    K_MASK  偏移，并进入状态 935

    $default  使用规则 444 以归约 (maskColor)

    maskColor  转到状态 1127


状态 790

  391 via_geometries: via_geometries via_geometry •

    $default  使用规则 391 以归约 (via_geometries)


状态 791

  401 viarule_generate: viarule_keyword K_GENERATE viarule_generate_default $@59 viarule_layer_list • opt_viarule_props end_viarule
  405 viarule_layer_list: viarule_layer_list • viarule_layer

    K_LAYER     偏移，并进入状态 144
    T_STRING    偏移，并进入状态 521
    K_PROPERTY  偏移，并进入状态 522

    $default  使用规则 406 以归约 (opt_viarule_props)

    opt_viarule_props   转到状态 1128
    viarule_props       转到状态 525
    viarule_prop        转到状态 526
    viarule_layer       转到状态 293
    viarule_layer_name  转到状态 147


状态 792

  422 viarule_layer_name: K_LAYER $@61 T_STRING ';' •

    $default  使用规则 422 以归约 (viarule_layer_name)


状态 793

  414 viarule_prop: T_STRING T_STRING •

    $default  使用规则 414 以归约 (viarule_prop)


状态 794

  415 viarule_prop: T_STRING QSTRING •

    $default  使用规则 415 以归约 (viarule_prop)


状态 795

  416 viarule_prop: T_STRING NUMBER •

    $default  使用规则 416 以归约 (viarule_prop)


状态 796

  411 viarule_prop: K_PROPERTY $@60 • viarule_prop_list ';'

    T_STRING    偏移，并进入状态 521
    K_PROPERTY  偏移，并进入状态 522

    viarule_prop       转到状态 1129
    viarule_prop_list  转到状态 1130


状态 797

  420 via_name: via_keyword T_STRING • ';'

    ';'  偏移，并进入状态 1131


状态 798

  435 end_viarule: K_END • $@62 T_STRING

    $default  使用规则 434 以归约 ($@62)

    $@62  转到状态 1132


状态 799

  399 viarule: viarule_keyword viarule_layer_list via_names opt_viarule_props end_viarule •

    $default  使用规则 399 以归约 (viarule)


状态 800

  409 viarule_props: viarule_props viarule_prop •

    $default  使用规则 409 以归约 (viarule_props)


状态 801

  425 viarule_layer_option: K_DIRECTION K_HORIZONTAL • ';'

    ';'  偏移，并进入状态 1133


状态 802

  426 viarule_layer_option: K_DIRECTION K_VERTICAL • ';'

    ';'  偏移，并进入状态 1134


状态 803

  433 viarule_layer_option: K_METALOVERHANG int_number • ';'

    ';'  偏移，并进入状态 1135


状态 804

  432 viarule_layer_option: K_OVERHANG int_number • ';'

    ';'  偏移，并进入状态 1136


状态 805

  429 viarule_layer_option: K_RECT pt • pt ';'

    NUMBER  偏移，并进入状态 97
    '('     偏移，并进入状态 514

    int_number  转到状态 515
    pt          转到状态 1137


状态 806

  431 viarule_layer_option: K_RESISTANCE int_number • ';'

    ';'  偏移，并进入状态 1138


状态 807

  430 viarule_layer_option: K_SPACING int_number • K_BY int_number ';'

    K_BY  偏移，并进入状态 1139


状态 808

  428 viarule_layer_option: K_WIDTH int_number • K_TO int_number ';'

    K_TO  偏移，并进入状态 1140


状态 809

  427 viarule_layer_option: K_ENCLOSURE int_number • int_number ';'

    NUMBER  偏移，并进入状态 97

    int_number  转到状态 1141


状态 810

  441 spacing: samenet_keyword T_STRING T_STRING • int_number ';'
  442        | samenet_keyword T_STRING T_STRING • int_number K_STACK ';'

    NUMBER  偏移，并进入状态 97

    int_number  转到状态 1142


状态 811

  451 ir_table: ir_tablename ir_table_values ';' •

    $default  使用规则 451 以归约 (ir_table)


状态 812

  454 ir_table_value: int_number • int_number

    NUMBER  偏移，并进入状态 97

    int_number  转到状态 1143


状态 813

  453 ir_table_values: ir_table_values ir_table_value •

    $default  使用规则 453 以归约 (ir_table_values)


状态 814

  510 site_class: K_CLASS K_CORE ';' •

    $default  使用规则 510 以归约 (site_class)


状态 815

  509 site_class: K_CLASS K_PAD ';' •

    $default  使用规则 509 以归约 (site_class)


状态 816

  511 site_class: K_CLASS K_VIRTUAL ';' •

    $default  使用规则 511 以归约 (site_class)


状态 817

  502 end_site: K_END $@72 T_STRING •

    $default  使用规则 502 以归约 (end_site)


状态 818

  505 site_option: K_SIZE int_number K_BY • int_number ';'

    NUMBER  偏移，并进入状态 97

    int_number  转到状态 1144


状态 819

  515 site_symmetry: K_X •

    $default  使用规则 515 以归约 (site_symmetry)


状态 820

  516 site_symmetry: K_Y •

    $default  使用规则 516 以归约 (site_symmetry)


状态 821

  517 site_symmetry: K_R90 •

    $default  使用规则 517 以归约 (site_symmetry)


状态 822

  512 site_symmetry_statement: K_SYMMETRY site_symmetries ';' •

    $default  使用规则 512 以归约 (site_symmetry_statement)


状态 823

  514 site_symmetries: site_symmetries site_symmetry •

    $default  使用规则 514 以归约 (site_symmetries)


状态 824

  519 site_rowpattern_statement: K_ROWPATTERN $@73 site_rowpatterns • ';'
  521 site_rowpatterns: site_rowpatterns • site_rowpattern

    T_STRING  偏移，并进入状态 1145
    ';'       偏移，并进入状态 1146

    site_rowpattern  转到状态 1147


状态 825

  572 class_type: K_BLOCK K_BLACKBOX •

    $default  使用规则 572 以归约 (class_type)


状态 826

  573 class_type: K_BLOCK K_SOFT •

    $default  使用规则 573 以归约 (class_type)


状态 827

  589 core_type: K_FEEDTHRU •

    $default  使用规则 589 以归约 (core_type)


状态 828

  592 core_type: K_SPACER •

    $default  使用规则 592 以归约 (core_type)


状态 829

  590 core_type: K_TIEHIGH •

    $default  使用规则 590 以归约 (core_type)


状态 830

  591 core_type: K_TIELOW •

    $default  使用规则 591 以归约 (core_type)


状态 831

  593 core_type: K_ANTENNACELL •

    $default  使用规则 593 以归约 (core_type)


状态 832

  594 core_type: K_WELLTAP •

    $default  使用规则 594 以归约 (core_type)


状态 833

  581 class_type: K_CORE core_type •

    $default  使用规则 581 以归约 (class_type)


状态 834

  569 class_type: K_COVER K_BUMP •

    $default  使用规则 569 以归约 (class_type)


状态 835

  599 endcap_type: K_BOTTOMLEFT •

    $default  使用规则 599 以归约 (endcap_type)


状态 836

  600 endcap_type: K_BOTTOMRIGHT •

    $default  使用规则 600 以归约 (endcap_type)


状态 837

  596 endcap_type: K_POST •

    $default  使用规则 596 以归约 (endcap_type)


状态 838

  595 endcap_type: K_PRE •

    $default  使用规则 595 以归约 (endcap_type)


状态 839

  597 endcap_type: K_TOPLEFT •

    $default  使用规则 597 以归约 (endcap_type)


状态 840

  598 endcap_type: K_TOPRIGHT •

    $default  使用规则 598 以归约 (endcap_type)


状态 841

  582 class_type: K_ENDCAP endcap_type •

    $default  使用规则 582 以归约 (class_type)


状态 842

  585 pad_type: K_INOUT •

    $default  使用规则 585 以归约 (pad_type)


状态 843

  583 pad_type: K_INPUT •

    $default  使用规则 583 以归约 (pad_type)


状态 844

  584 pad_type: K_OUTPUT •

    $default  使用规则 584 以归约 (pad_type)


状态 845

  586 pad_type: K_POWER •

    $default  使用规则 586 以归约 (pad_type)


状态 846

  587 pad_type: K_SPACER •

    $default  使用规则 587 以归约 (pad_type)


状态 847

  588 pad_type: K_AREAIO •

    $default  使用规则 588 以归约 (pad_type)


状态 848

  578 class_type: K_PAD pad_type •

    $default  使用规则 578 以归约 (class_type)


状态 849

  567 macro_class: K_CLASS class_type ';' •

    $default  使用规则 567 以归约 (macro_class)


状态 850

  809 macro_clocktype: K_CLOCKTYPE $@103 T_STRING • ';'

    ';'  偏移，并进入状态 1148


状态 851

  614 macro_eeq: K_EEQ $@79 T_STRING • ';'

    ';'  偏移，并进入状态 1149


状态 852

  602 macro_generate: K_GENERATE T_STRING T_STRING • ';'

    ';'  偏移，并进入状态 1150


状态 853

  601 macro_generator: K_GENERATOR T_STRING ';' •

    $default  使用规则 601 以归约 (macro_generator)


状态 854

  616 macro_leq: K_LEQ $@80 T_STRING • ';'

    ';'  偏移，并进入状态 1151


状态 855

  607 macro_origin: K_ORIGIN pt ';' •

    $default  使用规则 607 以归约 (macro_origin)


状态 856

  624 start_macro_pin: K_PIN $@81 T_STRING •

    $default  使用规则 624 以归约 (start_macro_pin)


状态 857

  606 macro_power: K_POWER int_number ';' •

    $default  使用规则 606 以归约 (macro_power)


状态 858

  621 macro_size: K_SIZE int_number K_BY • int_number ';'

    NUMBER  偏移，并进入状态 97

    int_number  转到状态 1152


状态 859

  605 macro_source: K_SOURCE K_BLOCK ';' •

    $default  使用规则 605 以归约 (macro_source)


状态 860

  604 macro_source: K_SOURCE K_GENERATE ';' •

    $default  使用规则 604 以归约 (macro_source)


状态 861

  603 macro_source: K_SOURCE K_USER ';' •

    $default  使用规则 603 以归约 (macro_source)


状态 862

  561 macro_symmetry: K_X •

    $default  使用规则 561 以归约 (macro_symmetry)


状态 863

  562 macro_symmetry: K_Y •

    $default  使用规则 562 以归约 (macro_symmetry)


状态 864

  563 macro_symmetry: K_R90 •

    $default  使用规则 563 以归约 (macro_symmetry)


状态 865

  558 macro_symmetry_statement: K_SYMMETRY macro_symmetries ';' •

    $default  使用规则 558 以归约 (macro_symmetry_statement)


状态 866

  560 macro_symmetries: macro_symmetries macro_symmetry •

    $default  使用规则 560 以归约 (macro_symmetries)


状态 867

  564 macro_name_value_pair: T_STRING • NUMBER
  565                      | T_STRING • QSTRING
  566                      | T_STRING • T_STRING

    T_STRING  偏移，并进入状态 1153
    QSTRING   偏移，并进入状态 1154
    NUMBER    偏移，并进入状态 1155


状态 868

  555 macro_option: K_PROPERTY $@78 macro_prop_list • ';'
  557 macro_prop_list: macro_prop_list • macro_name_value_pair

    T_STRING  偏移，并进入状态 867
    ';'       偏移，并进入状态 1156

    macro_name_value_pair  转到状态 1157


状态 869

  556 macro_prop_list: macro_name_value_pair •

    $default  使用规则 556 以归约 (macro_prop_list)


状态 870

  548 macro_option: K_FUNCTION K_BUFFER ';' •

    $default  使用规则 548 以归约 (macro_option)


状态 871

  549 macro_option: K_FUNCTION K_INVERTER ';' •

    $default  使用规则 549 以归约 (macro_option)


状态 872

  804 density_layer: K_LAYER $@101 • T_STRING ';' $@102 density_layer_rect density_layer_rects

    T_STRING  偏移，并进入状态 1158


状态 873

  799 macro_density: K_DENSITY density_layer density_layers • K_END
  801 density_layers: density_layers • density_layer

    K_END    偏移，并进入状态 1159
    K_LAYER  偏移，并进入状态 577

    density_layer  转到状态 1160


状态 874

  611 macro_foreign: start_foreign orientation ';' •

    $default  使用规则 611 以归约 (macro_foreign)


状态 875

  609 macro_foreign: start_foreign pt ';' •

    $default  使用规则 609 以归约 (macro_foreign)


状态 876

  610 macro_foreign: start_foreign pt orientation • ';'

    ';'  偏移，并进入状态 1161


状态 877

  531 end_macro: K_END $@77 • T_STRING

    T_STRING  偏移，并进入状态 1162


状态 878

  617 macro_site: macro_site_word T_STRING ';' •

    $default  使用规则 617 以归约 (macro_site)


状态 879

  781 sitePattern: T_STRING int_number • int_number orientation K_DO int_number K_BY int_number K_STEP int_number int_number
  782            | T_STRING int_number • int_number orientation

    NUMBER  偏移，并进入状态 97

    int_number  转到状态 1163


状态 880

  618 macro_site: macro_site_word sitePattern ';' •

    $default  使用规则 618 以归约 (macro_site)


状态 881

  658 macro_pin_option: K_CAPACITANCE • int_number ';'

    NUMBER  偏移，并进入状态 97

    int_number  转到状态 1164


状态 882

  663 macro_pin_option: K_CURRENTSOURCE • K_ACTIVE ';'
  664                 | K_CURRENTSOURCE • K_RESISTIVE ';'

    K_ACTIVE     偏移，并进入状态 1165
    K_RESISTIVE  偏移，并进入状态 1166


状态 883

  731 electrical_direction: K_DIRECTION • K_INPUT ';'
  732                     | K_DIRECTION • K_OUTPUT ';'
  733                     | K_DIRECTION • K_OUTPUT K_TRISTATE ';'
  734                     | K_DIRECTION • K_INOUT ';'
  735                     | K_DIRECTION • K_FEEDTHRU ';'

    K_FEEDTHRU  偏移，并进入状态 1167
    K_INOUT     偏移，并进入状态 1168
    K_INPUT     偏移，并进入状态 1169
    K_OUTPUT    偏移，并进入状态 1170


状态 884

  626 end_macro_pin: K_END • $@82 T_STRING

    $default  使用规则 625 以归约 ($@82)

    $@82  转到状态 1171


状态 885

  645 macro_pin_option: K_FALLSATCUR • int_number ';'

    NUMBER  偏移，并进入状态 97

    int_number  转到状态 1172


状态 886

  643 macro_pin_option: K_FALLTHRESH • int_number ';'

    NUMBER  偏移，并进入状态 97

    int_number  转到状态 1173


状态 887

  657 macro_pin_option: K_INPUTNOISEMARGIN • $@87 int_number int_number ';'

    $default  使用规则 656 以归约 ($@87)

    $@87  转到状态 1174


状态 888

  667 macro_pin_option: K_IV_TABLES • T_STRING T_STRING ';'

    T_STRING  偏移，并进入状态 1175


状态 889

  641 macro_pin_option: K_LEAKAGE • int_number ';'

    NUMBER  偏移，并进入状态 97

    int_number  转到状态 1176


状态 890

  636 macro_pin_option: K_LEQ • $@83 T_STRING ';'

    $default  使用规则 635 以归约 ($@83)

    $@83  转到状态 1177


状态 891

  659 macro_pin_option: K_MAXDELAY • int_number ';'

    NUMBER  偏移，并进入状态 97

    int_number  转到状态 1178


状态 892

  660 macro_pin_option: K_MAXLOAD • int_number ';'

    NUMBER  偏移，并进入状态 97

    int_number  转到状态 1179


状态 893

  651 macro_pin_option: K_MUSTJOIN • $@84 T_STRING ';'

    $default  使用规则 650 以归约 ($@84)

    $@84  转到状态 1180


状态 894

  653 macro_pin_option: K_OUTPUTNOISEMARGIN • $@85 int_number int_number ';'

    $default  使用规则 652 以归约 ($@85)

    $@85  转到状态 1181


状态 895

  736 start_macro_port: K_PORT •

    $default  使用规则 736 以归约 (start_macro_port)


状态 896

  637 macro_pin_option: K_POWER • int_number ';'

    NUMBER  偏移，并进入状态 97

    int_number  转到状态 1182


状态 897

  662 macro_pin_option: K_PULLDOWNRES • int_number ';'

    NUMBER  偏移，并进入状态 97

    int_number  转到状态 1183


状态 898

  661 macro_pin_option: K_RESISTANCE • int_number ';'

    NUMBER  偏移，并进入状态 97

    int_number  转到状态 1184


状态 899

  644 macro_pin_option: K_RISESATCUR • int_number ';'

    NUMBER  偏移，并进入状态 97

    int_number  转到状态 1185


状态 900

  642 macro_pin_option: K_RISETHRESH • int_number ';'

    NUMBER  偏移，并进入状态 97

    int_number  转到状态 1186


状态 901

  665 macro_pin_option: K_RISEVOLTAGETHRESHOLD • int_number ';'

    NUMBER  偏移，并进入状态 97

    int_number  转到状态 1187


状态 902

  666 macro_pin_option: K_FALLVOLTAGETHRESHOLD • int_number ';'

    NUMBER  偏移，并进入状态 97

    int_number  转到状态 1188


状态 903

  640 macro_pin_option: K_SCANUSE • macro_scan_use ';'

    K_INPUT   偏移，并进入状态 1189
    K_OUTPUT  偏移，并进入状态 1190
    K_START   偏移，并进入状态 1191
    K_STOP    偏移，并进入状态 1192

    macro_scan_use  转到状态 1193


状态 904

  649 macro_pin_option: K_SHAPE • pin_shape ';'

    K_ABUTMENT  偏移，并进入状态 1194
    K_FEEDTHRU  偏移，并进入状态 1195
    K_RING      偏移，并进入状态 1196

    $default  使用规则 749 以归约 (pin_shape)

    pin_shape  转到状态 1197


状态 905

  648 macro_pin_option: K_TIEOFFR • int_number ';'

    NUMBER  偏移，并进入状态 97

    int_number  转到状态 1198


状态 906

  639 macro_pin_option: K_USE • macro_pin_use ';'

    K_ANALOG  偏移，并进入状态 1199
    K_CLOCK   偏移，并进入状态 1200
    K_DATA    偏移，并进入状态 1201
    K_GROUND  偏移，并进入状态 1202
    K_POWER   偏移，并进入状态 1203
    K_SIGNAL  偏移，并进入状态 1204

    macro_pin_use  转到状态 1205


状态 907

  647 macro_pin_option: K_VHI • int_number ';'

    NUMBER  偏移，并进入状态 97

    int_number  转到状态 1206


状态 908

  646 macro_pin_option: K_VLO • int_number ';'

    NUMBER  偏移，并进入状态 97

    int_number  转到状态 1207


状态 909

  670 macro_pin_option: K_PROPERTY • $@88 pin_prop_list ';'

    $default  使用规则 669 以归约 ($@88)

    $@88  转到状态 1208


状态 910

  655 macro_pin_option: K_OUTPUTRESISTANCE • $@86 int_number int_number ';'

    $default  使用规则 654 以归约 ($@86)

    $@86  转到状态 1209


状态 911

  668 macro_pin_option: K_TAPERRULE • T_STRING ';'

    T_STRING  偏移，并进入状态 1210


状态 912

  673 macro_pin_option: K_ANTENNASIZE • int_number opt_layer_name ';'

    NUMBER  偏移，并进入状态 97

    int_number  转到状态 1211


状态 913

  675 macro_pin_option: K_ANTENNAMETALLENGTH • int_number opt_layer_name ';'

    NUMBER  偏移，并进入状态 97

    int_number  转到状态 1212


状态 914

  674 macro_pin_option: K_ANTENNAMETALAREA • NUMBER opt_layer_name ';'

    NUMBER  偏移，并进入状态 1213


状态 915

  676 macro_pin_option: K_RISESLEWLIMIT • int_number ';'

    NUMBER  偏移，并进入状态 97

    int_number  转到状态 1214


状态 916

  677 macro_pin_option: K_FALLSLEWLIMIT • int_number ';'

    NUMBER  偏移，并进入状态 97

    int_number  转到状态 1215


状态 917

  678 macro_pin_option: K_ANTENNAPARTIALMETALAREA • NUMBER opt_layer_name ';'

    NUMBER  偏移，并进入状态 1216


状态 918

  679 macro_pin_option: K_ANTENNAPARTIALMETALSIDEAREA • NUMBER opt_layer_name ';'

    NUMBER  偏移，并进入状态 1217


状态 919

  682 macro_pin_option: K_ANTENNAGATEAREA • NUMBER opt_layer_name ';'

    NUMBER  偏移，并进入状态 1218


状态 920

  681 macro_pin_option: K_ANTENNADIFFAREA • NUMBER opt_layer_name ';'

    NUMBER  偏移，并进入状态 1219


状态 921

  683 macro_pin_option: K_ANTENNAMAXAREACAR • NUMBER req_layer_name ';'

    NUMBER  偏移，并进入状态 1220


状态 922

  684 macro_pin_option: K_ANTENNAMAXSIDEAREACAR • NUMBER req_layer_name ';'

    NUMBER  偏移，并进入状态 1221


状态 923

  680 macro_pin_option: K_ANTENNAPARTIALCUTAREA • NUMBER opt_layer_name ';'

    NUMBER  偏移，并进入状态 1222


状态 924

  685 macro_pin_option: K_ANTENNAMAXCUTCAR • NUMBER req_layer_name ';'

    NUMBER  偏移，并进入状态 1223


状态 925

  687 macro_pin_option: K_ANTENNAMODEL • $@89 pin_layer_oxide ';'

    $default  使用规则 686 以归约 ($@89)

    $@89  转到状态 1224


状态 926

  693 macro_pin_option: K_GROUNDSENSITIVITY • $@92 T_STRING ';'

    $default  使用规则 692 以归约 ($@92)

    $@92  转到状态 1225


状态 927

  689 macro_pin_option: K_NETEXPR • $@90 QSTRING ';'

    $default  使用规则 688 以归约 ($@90)

    $@90  转到状态 1226


状态 928

  691 macro_pin_option: K_SUPPLYSENSITIVITY • $@91 T_STRING ';'

    $default  使用规则 690 以归约 ($@91)

    $@91  转到状态 1227


状态 929

  629 macro_pin_option: start_foreign • ';'
  630                 | start_foreign • pt ';'
  631                 | start_foreign • pt orientation ';'
  632                 | start_foreign • K_STRUCTURE ';'
  633                 | start_foreign • K_STRUCTURE pt ';'
  634                 | start_foreign • K_STRUCTURE pt orientation ';'

    K_STRUCTURE  偏移，并进入状态 1228
    NUMBER       偏移，并进入状态 97
    ';'          偏移，并进入状态 1229
    '('          偏移，并进入状态 514

    int_number  转到状态 515
    pt          转到状态 1230


状态 930

  622 macro_pin: start_macro_pin macro_pin_options end_macro_pin •

    $default  使用规则 622 以归约 (macro_pin)


状态 931

  628 macro_pin_options: macro_pin_options macro_pin_option •

    $default  使用规则 628 以归约 (macro_pin_options)


状态 932

  638 macro_pin_option: electrical_direction •

    $default  使用规则 638 以归约 (macro_pin_option)


状态 933

  671 macro_pin_option: start_macro_port • macro_port_class_option geometries K_END
  672                 | start_macro_port • K_END

    K_CLASS  偏移，并进入状态 1231
    K_END    偏移，并进入状态 1232

    $default  使用规则 737 以归约 (macro_port_class_option)

    macro_port_class_option  转到状态 1233


状态 934

  756 geometry: K_LAYER $@93 • T_STRING $@94 layer_exceptpgnet layer_spacing ';'

    T_STRING  偏移，并进入状态 1234


状态 935

  445 maskColor: K_MASK • int_number

    NUMBER  偏移，并进入状态 97

    int_number  转到状态 1235


状态 936

  758 geometry: K_PATH maskColor • firstPt otherPts ';'
  759         | K_PATH maskColor • K_ITERATE firstPt otherPts stepPattern ';'

    K_ITERATE  偏移，并进入状态 1236
    NUMBER     偏移，并进入状态 97
    '('        偏移，并进入状态 514

    int_number  转到状态 515
    pt          转到状态 766
    firstPt     转到状态 1237


状态 937

  762 geometry: K_POLYGON maskColor • firstPt nextPt nextPt otherPts ';'
  763         | K_POLYGON maskColor • K_ITERATE firstPt nextPt nextPt otherPts stepPattern ';'

    K_ITERATE  偏移，并进入状态 1238
    NUMBER     偏移，并进入状态 97
    '('        偏移，并进入状态 514

    int_number  转到状态 515
    pt          转到状态 766
    firstPt     转到状态 1239


状态 938

  760 geometry: K_RECT maskColor • pt pt ';'
  761         | K_RECT maskColor • K_ITERATE pt pt stepPattern ';'

    K_ITERATE  偏移，并进入状态 1240
    NUMBER     偏移，并进入状态 97
    '('        偏移，并进入状态 514

    int_number  转到状态 515
    pt          转到状态 1241


状态 939

  779 via_placement: K_VIA K_ITERATE • maskColor pt $@96 T_STRING stepPattern ';'

    K_MASK  偏移，并进入状态 935

    $default  使用规则 444 以归约 (maskColor)

    maskColor  转到状态 1242


状态 940

  777 via_placement: K_VIA maskColor • pt $@95 T_STRING ';'

    NUMBER  偏移，并进入状态 97
    '('     偏移，并进入状态 514

    int_number  转到状态 515
    pt          转到状态 1243


状态 941

  757 geometry: K_WIDTH int_number • ';'

    ';'  偏移，并进入状态 1244


状态 942

  796 macro_obs: start_macro_obs geometries K_END •

    $default  使用规则 796 以归约 (macro_obs)


状态 943

  753 geometries: geometry geometry_options •
  766 geometry_options: geometry_options • geometry

    K_LAYER    偏移，并进入状态 588
    K_PATH     偏移，并进入状态 589
    K_POLYGON  偏移，并进入状态 590
    K_RECT     偏移，并进入状态 591
    K_VIA      偏移，并进入状态 592
    K_WIDTH    偏移，并进入状态 593

    $default  使用规则 753 以归约 (geometries)

    geometry       转到状态 1245
    via_placement  转到状态 596


状态 944

  812 end_timing: K_END • K_TIMING

    K_TIMING  偏移，并进入状态 1246


状态 945

  864 risefall: K_FALL •

    $default  使用规则 864 以归约 (risefall)


状态 946

  827 timing_option: K_FALLCS • int_number int_number ';'

    NUMBER  偏移，并进入状态 97

    int_number  转到状态 1247


状态 947

  831 timing_option: K_FALLT0 • int_number int_number ';'

    NUMBER  偏移，并进入状态 97

    int_number  转到状态 1248


状态 948

  829 timing_option: K_FALLSATT1 • int_number int_number ';'

    NUMBER  偏移，并进入状态 97

    int_number  转到状态 1249


状态 949

  825 timing_option: K_FALLRS • int_number int_number ';'

    NUMBER  偏移，并进入状态 97

    int_number  转到状态 1250


状态 950

  816 timing_option: K_FROMPIN • $@104 list_of_from_strings ';'

    $default  使用规则 815 以归约 ($@104)

    $@104  转到状态 1251


状态 951

  863 risefall: K_RISE •

    $default  使用规则 863 以归约 (risefall)


状态 952

  826 timing_option: K_RISECS • int_number int_number ';'

    NUMBER  偏移，并进入状态 97

    int_number  转到状态 1252


状态 953

  824 timing_option: K_RISERS • int_number int_number ';'

    NUMBER  偏移，并进入状态 97

    int_number  转到状态 1253


状态 954

  828 timing_option: K_RISESATT1 • int_number int_number ';'

    NUMBER  偏移，并进入状态 97

    int_number  转到状态 1254


状态 955

  830 timing_option: K_RISET0 • int_number int_number ';'

    NUMBER  偏移，并进入状态 97

    int_number  转到状态 1255


状态 956

  818 timing_option: K_TOPIN • $@105 list_of_to_strings ';'

    $default  使用规则 817 以归约 ($@105)

    $@105  转到状态 1256


状态 957

  832 timing_option: K_UNATENESS • unateness ';'

    K_INVERT     偏移，并进入状态 1257
    K_NONINVERT  偏移，并进入状态 1258
    K_NONUNATE   偏移，并进入状态 1259

    unateness  转到状态 1260


状态 958

  833 timing_option: K_STABLE • K_SETUP int_number K_HOLD int_number risefall ';'

    K_SETUP  偏移，并进入状态 1261


状态 959

  843 two_pin_trigger: K_SETUP •

    $default  使用规则 843 以归约 (two_pin_trigger)


状态 960

  844 two_pin_trigger: K_HOLD •

    $default  使用规则 844 以归约 (two_pin_trigger)


状态 961

  822 timing_option: K_TABLEAXIS • list_of_table_axis_dnumbers ';'

    NUMBER  偏移，并进入状态 97

    int_number                   转到状态 1262
    list_of_table_axis_dnumbers  转到状态 1263


状态 962

  823 timing_option: K_TABLEENTRIES • list_of_table_entries ';'

    '('  偏移，并进入状态 1264

    list_of_table_entries  转到状态 1265
    table_entry            转到状态 1266


状态 963

  839 timing_option: K_EXTENSION • ';'

    ';'  偏移，并进入状态 1267


状态 964

  845 two_pin_trigger: K_RECOVERY •

    $default  使用规则 845 以归约 (two_pin_trigger)


状态 965

  846 two_pin_trigger: K_SKEW •

    $default  使用规则 846 以归约 (two_pin_trigger)


状态 966

  836 timing_option: K_SDFCONDSTART • QSTRING ';'

    QSTRING  偏移，并进入状态 1268


状态 967

  837 timing_option: K_SDFCONDEND • QSTRING ';'

    QSTRING  偏移，并进入状态 1269


状态 968

  838 timing_option: K_SDFCOND • QSTRING ';'

    QSTRING  偏移，并进入状态 1270


状态 969

  840 one_pin_trigger: K_MPWH •

    $default  使用规则 840 以归约 (one_pin_trigger)


状态 970

  841 one_pin_trigger: K_MPWL •

    $default  使用规则 841 以归约 (one_pin_trigger)


状态 971

  842 one_pin_trigger: K_PERIOD •

    $default  使用规则 842 以归约 (one_pin_trigger)


状态 972

  810 timing: start_timing timing_options end_timing •

    $default  使用规则 810 以归约 (timing)


状态 973

  814 timing_options: timing_options timing_option •

    $default  使用规则 814 以归约 (timing_options)


状态 974

  835 timing_option: one_pin_trigger • K_TABLEDIMENSION int_number int_number int_number ';'

    K_TABLEDIMENSION  偏移，并进入状态 1271


状态 975

  834 timing_option: two_pin_trigger • from_pin_trigger to_pin_trigger K_TABLEDIMENSION int_number int_number int_number ';'

    K_ANYEDGE  偏移，并进入状态 1272
    K_POSEDGE  偏移，并进入状态 1273
    K_NEGEDGE  偏移，并进入状态 1274

    from_pin_trigger  转到状态 1275


状态 976

  820 timing_option: risefall • K_INTRINSIC int_number int_number $@106 slew_spec K_VARIABLE int_number int_number ';'
  821              | risefall • delay_or_transition K_UNATENESS unateness K_TABLEDIMENSION int_number int_number int_number ';'

    K_INTRINSIC       偏移，并进入状态 1276
    K_DELAY           偏移，并进入状态 1277
    K_TRANSITIONTIME  偏移，并进入状态 1278

    delay_or_transition  转到状态 1279


状态 977

  781 sitePattern: T_STRING • int_number int_number orientation K_DO int_number K_BY int_number K_STEP int_number int_number
  782            | T_STRING • int_number int_number orientation

    NUMBER  偏移，并进入状态 97

    int_number  转到状态 879


状态 978

  883 array_rule: K_CANPLACE $@111 sitePattern • ';'

    ';'  偏移，并进入状态 1280


状态 979

  885 array_rule: K_CANNOTOCCUPY $@112 sitePattern • ';'

    ';'  偏移，并进入状态 1281


状态 980

  785 trackPattern: K_X • int_number K_DO int_number K_STEP int_number $@97 K_LAYER $@98 trackLayers
  789             | K_X • int_number K_DO int_number K_STEP int_number

    NUMBER  偏移，并进入状态 97

    int_number  转到状态 1282


状态 981

  788 trackPattern: K_Y • int_number K_DO int_number K_STEP int_number $@99 K_LAYER $@100 trackLayers
  790             | K_Y • int_number K_DO int_number K_STEP int_number

    NUMBER  偏移，并进入状态 97

    int_number  转到状态 1283


状态 982

  887 array_rule: K_TRACKS $@113 trackPattern • ';'

    ';'  偏移，并进入状态 1284


状态 983

  794 gcellPattern: K_X • int_number K_DO int_number K_STEP int_number

    NUMBER  偏移，并进入状态 97

    int_number  转到状态 1285


状态 984

  795 gcellPattern: K_Y • int_number K_DO int_number K_STEP int_number

    NUMBER  偏移，并进入状态 97

    int_number  转到状态 1286


状态 985

  890 array_rule: K_GCELLGRID $@114 gcellPattern • ';'

    ';'  偏移，并进入状态 1287


状态 986

  891 array_rule: K_DEFAULTCAP int_number cap_list • K_END K_DEFAULTCAP
  901 cap_list: cap_list • one_cap

    K_END      偏移，并进入状态 1288
    K_MINPINS  偏移，并进入状态 1289

    one_cap  转到状态 1290


状态 987

  881 array_rule: site_word $@110 sitePattern • ';'

    ';'  偏移，并进入状态 1291


状态 988

  877 end_array: K_END $@109 • T_STRING

    T_STRING  偏移，并进入状态 1292


状态 989

  888 array_rule: floorplan_start floorplan_list K_END • T_STRING

    T_STRING  偏移，并进入状态 1293


状态 990

  897 floorplan_element: K_CANPLACE • $@115 sitePattern ';'

    $default  使用规则 896 以归约 ($@115)

    $@115  转到状态 1294


状态 991

  899 floorplan_element: K_CANNOTOCCUPY • $@116 sitePattern ';'

    $default  使用规则 898 以归约 ($@116)

    $@116  转到状态 1295


状态 992

  895 floorplan_list: floorplan_list floorplan_element •

    $default  使用规则 895 以归约 (floorplan_list)


状态 993

  465 nd_hardspacing: K_HARDSPACING ';' •

    $default  使用规则 465 以归约 (nd_hardspacing)


状态 994

  461 nondefault_rule: K_NONDEFAULTRULE $@63 T_STRING $@64 nd_hardspacing nd_rules • $@65 end_nd_rule
  467 nd_rules: nd_rules • nd_rule

    K_LAYER       偏移，并进入状态 1296
    K_SPACING     偏移，并进入状态 14
    K_VIA         偏移，并进入状态 16
    T_STRING      偏移，并进入状态 1297
    K_PROPERTY    偏移，并进入状态 1298
    K_MINCUTS     偏移，并进入状态 1299
    K_USEVIA      偏移，并进入状态 1300
    K_USEVIARULE  偏移，并进入状态 1301

    $default  使用规则 460 以归约 ($@65)

    via            转到状态 1302
    via_keyword    转到状态 61
    start_via      转到状态 62
    spacing_rule   转到状态 1303
    start_spacing  转到状态 67
    $@65           转到状态 1304
    nd_rule        转到状态 1305
    usevia         转到状态 1306
    useviarule     转到状态 1307
    mincuts        转到状态 1308
    nd_prop        转到状态 1309
    nd_layer       转到状态 1310


状态 995

  926 expression: K_IF b_expr • then expression else expression
  934 b_expr: b_expr • K_EQ b_expr
  935       | b_expr • K_NE b_expr
  936       | b_expr • K_AND b_expr
  937       | b_expr • K_OR b_expr

    K_THEN  偏移，并进入状态 1311
    K_EQ    偏移，并进入状态 1026
    K_NE    偏移，并进入状态 1027
    K_OR    偏移，并进入状态 1028
    K_AND   偏移，并进入状态 1029
    '\n'    偏移，并进入状态 1312

    then  转到状态 1313


状态 996

  920 expression: expression • '+' expression
  921           | expression • '-' expression
  922           | expression • '*' expression
  923           | expression • '/' expression
  924           | '-' expression •

    $default  使用规则 924 以归约 (expression)


状态 997

  920 expression: expression • '+' expression
  921           | expression • '-' expression
  922           | expression • '*' expression
  923           | expression • '/' expression
  925           | '(' expression • ')'

    '-'  偏移，并进入状态 998
    '+'  偏移，并进入状态 999
    '*'  偏移，并进入状态 1000
    '/'  偏移，并进入状态 1001
    ')'  偏移，并进入状态 1314


状态 998

  921 expression: expression '-' • expression

    NUMBER  偏移，并进入状态 97
    K_IF    偏移，并进入状态 610
    '-'     偏移，并进入状态 611
    '('     偏移，并进入状态 612

    int_number  转到状态 613
    expression  转到状态 1315


状态 999

  920 expression: expression '+' • expression

    NUMBER  偏移，并进入状态 97
    K_IF    偏移，并进入状态 610
    '-'     偏移，并进入状态 611
    '('     偏移，并进入状态 612

    int_number  转到状态 613
    expression  转到状态 1316


状态 1000

  922 expression: expression '*' • expression

    NUMBER  偏移，并进入状态 97
    K_IF    偏移，并进入状态 610
    '-'     偏移，并进入状态 611
    '('     偏移，并进入状态 612

    int_number  转到状态 613
    expression  转到状态 1317


状态 1001

  923 expression: expression '/' • expression

    NUMBER  偏移，并进入状态 97
    K_IF    偏移，并进入状态 610
    '-'     偏移，并进入状态 611
    '('     偏移，并进入状态 612

    int_number  转到状态 613
    expression  转到状态 1318


状态 1002

  914 dtrm: ';' •

    $default  使用规则 914 以归约 (dtrm)


状态 1003

  915 dtrm: '\n' •

    $default  使用规则 915 以归约 (dtrm)


状态 1004

  908 def_statement: K_DEFINE $@119 T_STRING '=' expression dtrm •

    $default  使用规则 908 以归约 (def_statement)


状态 1005

  934 b_expr: b_expr • K_EQ b_expr
  935       | b_expr • K_NE b_expr
  936       | b_expr • K_AND b_expr
  937       | b_expr • K_OR b_expr
  945 s_expr: K_IF b_expr • then s_expr else s_expr

    K_THEN  偏移，并进入状态 1311
    K_EQ    偏移，并进入状态 1026
    K_NE    偏移，并进入状态 1027
    K_OR    偏移，并进入状态 1028
    K_AND   偏移，并进入状态 1029
    '\n'    偏移，并进入状态 1312

    then  转到状态 1319


状态 1006

  943 s_expr: s_expr • '+' s_expr
  944       | '(' s_expr • ')'

    '+'  偏移，并进入状态 1007
    ')'  偏移，并进入状态 1320


状态 1007

  943 s_expr: s_expr '+' • s_expr

    QSTRING  偏移，并进入状态 615
    K_IF     偏移，并进入状态 616
    '('      偏移，并进入状态 617

    s_expr  转到状态 1321


状态 1008

  910 def_statement: K_DEFINES $@120 T_STRING '=' s_expr dtrm •

    $default  使用规则 910 以归约 (def_statement)


状态 1009

  926 expression: K_IF b_expr • then expression else expression
  934 b_expr: b_expr • K_EQ b_expr
  935       | b_expr • K_NE b_expr
  936       | b_expr • K_AND b_expr
  937       | b_expr • K_OR b_expr
  940       | K_IF b_expr • then b_expr else b_expr
  945 s_expr: K_IF b_expr • then s_expr else s_expr

    K_THEN  偏移，并进入状态 1311
    K_EQ    偏移，并进入状态 1026
    K_NE    偏移，并进入状态 1027
    K_OR    偏移，并进入状态 1028
    K_AND   偏移，并进入状态 1029
    '\n'    偏移，并进入状态 1312

    then  转到状态 1322


状态 1010

  934 b_expr: b_expr • K_EQ b_expr
  935       | b_expr • K_NE b_expr
  936       | b_expr • K_AND b_expr
  937       | b_expr • K_OR b_expr
  938       | K_NOT b_expr •

    $default  使用规则 938 以归约 (b_expr)


状态 1011

  920 expression: expression • '+' expression
  921           | expression • '-' expression
  922           | expression • '*' expression
  923           | expression • '/' expression
  925           | '(' expression • ')'
  928 b_expr: expression • relop expression
  929       | expression • K_AND expression
  930       | expression • K_OR expression

    K_EQ   偏移，并进入状态 1014
    K_NE   偏移，并进入状态 1015
    K_LE   偏移，并进入状态 1016
    K_LT   偏移，并进入状态 1017
    K_GE   偏移，并进入状态 1018
    K_GT   偏移，并进入状态 1019
    K_OR   偏移，并进入状态 1020
    K_AND  偏移，并进入状态 1021
    '-'    偏移，并进入状态 998
    '+'    偏移，并进入状态 999
    '*'    偏移，并进入状态 1000
    '/'    偏移，并进入状态 1001
    ')'    偏移，并进入状态 1314
    '='    偏移，并进入状态 1022
    '<'    偏移，并进入状态 1023
    '>'    偏移，并进入状态 1024

    relop  转到状态 1025


状态 1012

  934 b_expr: b_expr • K_EQ b_expr
  935       | b_expr • K_NE b_expr
  936       | b_expr • K_AND b_expr
  937       | b_expr • K_OR b_expr
  939       | '(' b_expr • ')'

    K_EQ   偏移，并进入状态 1026
    K_NE   偏移，并进入状态 1027
    K_OR   偏移，并进入状态 1028
    K_AND  偏移，并进入状态 1029
    ')'    偏移，并进入状态 1323


状态 1013

  931 b_expr: s_expr • relop s_expr
  932       | s_expr • K_AND s_expr
  933       | s_expr • K_OR s_expr
  943 s_expr: s_expr • '+' s_expr
  944       | '(' s_expr • ')'

    K_EQ   偏移，并进入状态 1014
    K_NE   偏移，并进入状态 1015
    K_LE   偏移，并进入状态 1016
    K_LT   偏移，并进入状态 1017
    K_GE   偏移，并进入状态 1018
    K_GT   偏移，并进入状态 1019
    K_OR   偏移，并进入状态 1031
    K_AND  偏移，并进入状态 1032
    '+'    偏移，并进入状态 1007
    ')'    偏移，并进入状态 1320
    '='    偏移，并进入状态 1022
    '<'    偏移，并进入状态 1023
    '>'    偏移，并进入状态 1024

    relop  转到状态 1033


状态 1014

  951 relop: K_EQ •

    $default  使用规则 951 以归约 (relop)


状态 1015

  952 relop: K_NE •

    $default  使用规则 952 以归约 (relop)


状态 1016

  947 relop: K_LE •

    $default  使用规则 947 以归约 (relop)


状态 1017

  948 relop: K_LT •

    $default  使用规则 948 以归约 (relop)


状态 1018

  949 relop: K_GE •

    $default  使用规则 949 以归约 (relop)


状态 1019

  950 relop: K_GT •

    $default  使用规则 950 以归约 (relop)


状态 1020

  930 b_expr: expression K_OR • expression

    NUMBER  偏移，并进入状态 97
    K_IF    偏移，并进入状态 610
    '-'     偏移，并进入状态 611
    '('     偏移，并进入状态 612

    int_number  转到状态 613
    expression  转到状态 1324


状态 1021

  929 b_expr: expression K_AND • expression

    NUMBER  偏移，并进入状态 97
    K_IF    偏移，并进入状态 610
    '-'     偏移，并进入状态 611
    '('     偏移，并进入状态 612

    int_number  转到状态 613
    expression  转到状态 1325


状态 1022

  953 relop: '=' •

    $default  使用规则 953 以归约 (relop)


状态 1023

  954 relop: '<' •

    $default  使用规则 954 以归约 (relop)


状态 1024

  955 relop: '>' •

    $default  使用规则 955 以归约 (relop)


状态 1025

  928 b_expr: expression relop • expression

    NUMBER  偏移，并进入状态 97
    K_IF    偏移，并进入状态 610
    '-'     偏移，并进入状态 611
    '('     偏移，并进入状态 612

    int_number  转到状态 613
    expression  转到状态 1326


状态 1026

  934 b_expr: b_expr K_EQ • b_expr

    QSTRING  偏移，并进入状态 615
    NUMBER   偏移，并进入状态 97
    K_IF     偏移，并进入状态 619
    K_FALSE  偏移，并进入状态 620
    K_TRUE   偏移，并进入状态 621
    K_NOT    偏移，并进入状态 622
    '-'      偏移，并进入状态 611
    '('      偏移，并进入状态 623

    int_number  转到状态 613
    expression  转到状态 624
    b_expr      转到状态 1327
    s_expr      转到状态 626


状态 1027

  935 b_expr: b_expr K_NE • b_expr

    QSTRING  偏移，并进入状态 615
    NUMBER   偏移，并进入状态 97
    K_IF     偏移，并进入状态 619
    K_FALSE  偏移，并进入状态 620
    K_TRUE   偏移，并进入状态 621
    K_NOT    偏移，并进入状态 622
    '-'      偏移，并进入状态 611
    '('      偏移，并进入状态 623

    int_number  转到状态 613
    expression  转到状态 624
    b_expr      转到状态 1328
    s_expr      转到状态 626


状态 1028

  937 b_expr: b_expr K_OR • b_expr

    QSTRING  偏移，并进入状态 615
    NUMBER   偏移，并进入状态 97
    K_IF     偏移，并进入状态 619
    K_FALSE  偏移，并进入状态 620
    K_TRUE   偏移，并进入状态 621
    K_NOT    偏移，并进入状态 622
    '-'      偏移，并进入状态 611
    '('      偏移，并进入状态 623

    int_number  转到状态 613
    expression  转到状态 624
    b_expr      转到状态 1329
    s_expr      转到状态 626


状态 1029

  936 b_expr: b_expr K_AND • b_expr

    QSTRING  偏移，并进入状态 615
    NUMBER   偏移，并进入状态 97
    K_IF     偏移，并进入状态 619
    K_FALSE  偏移，并进入状态 620
    K_TRUE   偏移，并进入状态 621
    K_NOT    偏移，并进入状态 622
    '-'      偏移，并进入状态 611
    '('      偏移，并进入状态 623

    int_number  转到状态 613
    expression  转到状态 624
    b_expr      转到状态 1330
    s_expr      转到状态 626


状态 1030

  912 def_statement: K_DEFINEB $@121 T_STRING '=' b_expr dtrm •

    $default  使用规则 912 以归约 (def_statement)


状态 1031

  933 b_expr: s_expr K_OR • s_expr

    QSTRING  偏移，并进入状态 615
    K_IF     偏移，并进入状态 616
    '('      偏移，并进入状态 617

    s_expr  转到状态 1331


状态 1032

  932 b_expr: s_expr K_AND • s_expr

    QSTRING  偏移，并进入状态 615
    K_IF     偏移，并进入状态 616
    '('      偏移，并进入状态 617

    s_expr  转到状态 1332


状态 1033

  931 b_expr: s_expr relop • s_expr

    QSTRING  偏移，并进入状态 615
    K_IF     偏移，并进入状态 616
    '('      偏移，并进入状态 617

    s_expr  转到状态 1333


状态 1034

  963 prop_stmt: K_COMPONENTPIN $@124 T_STRING • prop_define ';'

    K_STRING         偏移，并进入状态 1334
    K_INTEGER        偏移，并进入状态 1335
    K_REAL           偏移，并进入状态 1336
    K_NAMEMAPSTRING  偏移，并进入状态 1337

    prop_define  转到状态 1338


状态 1035

  973 prop_stmt: K_LAYER $@129 T_STRING • prop_define ';'

    K_STRING         偏移，并进入状态 1334
    K_INTEGER        偏移，并进入状态 1335
    K_REAL           偏移，并进入状态 1336
    K_NAMEMAPSTRING  偏移，并进入状态 1337

    prop_define  转到状态 1339


状态 1036

  961 prop_stmt: K_LIBRARY $@123 T_STRING • prop_define ';'

    K_STRING         偏移，并进入状态 1334
    K_INTEGER        偏移，并进入状态 1335
    K_REAL           偏移，并进入状态 1336
    K_NAMEMAPSTRING  偏移，并进入状态 1337

    prop_define  转到状态 1340


状态 1037

  967 prop_stmt: K_MACRO $@126 T_STRING • prop_define ';'

    K_STRING         偏移，并进入状态 1334
    K_INTEGER        偏移，并进入状态 1335
    K_REAL           偏移，并进入状态 1336
    K_NAMEMAPSTRING  偏移，并进入状态 1337

    prop_define  转到状态 1341


状态 1038

  975 prop_stmt: K_NONDEFAULTRULE $@130 T_STRING • prop_define ';'

    K_STRING         偏移，并进入状态 1334
    K_INTEGER        偏移，并进入状态 1335
    K_REAL           偏移，并进入状态 1336
    K_NAMEMAPSTRING  偏移，并进入状态 1337

    prop_define  转到状态 1342


状态 1039

  965 prop_stmt: K_PIN $@125 T_STRING • prop_define ';'

    K_STRING         偏移，并进入状态 1334
    K_INTEGER        偏移，并进入状态 1335
    K_REAL           偏移，并进入状态 1336
    K_NAMEMAPSTRING  偏移，并进入状态 1337

    prop_define  转到状态 1343


状态 1040

  969 prop_stmt: K_VIA $@127 T_STRING • prop_define ';'

    K_STRING         偏移，并进入状态 1334
    K_INTEGER        偏移，并进入状态 1335
    K_REAL           偏移，并进入状态 1336
    K_NAMEMAPSTRING  偏移，并进入状态 1337

    prop_define  转到状态 1344


状态 1041

  971 prop_stmt: K_VIARULE $@128 T_STRING • prop_define ';'

    K_STRING         偏移，并进入状态 1334
    K_INTEGER        偏移，并进入状态 1335
    K_REAL           偏移，并进入状态 1336
    K_NAMEMAPSTRING  偏移，并进入状态 1337

    prop_define  转到状态 1345


状态 1042

  1055 correction_table_item: K_EDGERATE int_number • ';'

    ';'  偏移，并进入状态 1346


状态 1043

  1058 output_list: K_OUTPUTRESISTANCE $@144 • numo_list ';' corr_victim_list

    NUMBER  偏移，并进入状态 97

    int_number  转到状态 1347
    numo_list   转到状态 1348


状态 1044

  1052 end_correctiontable: K_END • K_CORRECTIONTABLE

    K_CORRECTIONTABLE  偏移，并进入状态 1349


状态 1045

  1051 correctiontable: K_CORRECTIONTABLE int_number ';' $@143 correction_table_list end_correctiontable • dtrm

    ';'   偏移，并进入状态 1002
    '\n'  偏移，并进入状态 1003

    $default  使用规则 913 以归约 (dtrm)

    dtrm  转到状态 1350


状态 1046

  1054 correction_table_list: correction_table_list correction_table_item •

    $default  使用规则 1054 以归约 (correction_table_list)


状态 1047

  1038 noise_table_entry: K_EDGERATE int_number • ';'

    ';'  偏移，并进入状态 1351


状态 1048

  1041 output_resistance_entry: K_OUTPUTRESISTANCE $@141 • num_list ';' victim_list

    NUMBER  偏移，并进入状态 97

    int_number  转到状态 1352
    num_list    转到状态 1353


状态 1049

  1035 end_noisetable: K_END • K_NOISETABLE

    K_NOISETABLE  偏移，并进入状态 1354


状态 1050

  1034 noisetable: K_NOISETABLE int_number $@140 ';' noise_table_list end_noisetable • dtrm

    ';'   偏移，并进入状态 1002
    '\n'  偏移，并进入状态 1003

    $default  使用规则 913 以归约 (dtrm)

    dtrm  转到状态 1355


状态 1051

  1037 noise_table_list: noise_table_list noise_table_entry •

    $default  使用规则 1037 以归约 (noise_table_list)


状态 1052

  904 msg_statement: K_MESSAGE $@117 T_STRING '=' s_expr dtrm •

    $default  使用规则 904 以归约 (msg_statement)


状态 1053

  906 create_file_statement: K_CREATEFILE $@118 T_STRING '=' s_expr dtrm •

    $default  使用规则 906 以归约 (create_file_statement)


状态 1054

  331 maxstack_via: K_MAXVIASTACK int_number K_RANGE $@47 T_STRING T_STRING • ';'

    ';'  偏移，并进入状态 1356


状态 1055

   70 units_rule: K_CAPACITANCE K_PICOFARADS int_number ';' •

    $default  使用规则 70 以归约 (units_rule)


状态 1056

   73 units_rule: K_CURRENT K_MILLIAMPS int_number ';' •

    $default  使用规则 73 以归约 (units_rule)


状态 1057

   75 units_rule: K_DATABASE K_MICRONS int_number ';' •

    $default  使用规则 75 以归约 (units_rule)


状态 1058

   72 units_rule: K_POWER K_MILLIWATTS int_number ';' •

    $default  使用规则 72 以归约 (units_rule)


状态 1059

   71 units_rule: K_RESISTANCE K_OHMS int_number ';' •

    $default  使用规则 71 以归约 (units_rule)


状态 1060

   69 units_rule: K_TIME K_NANOSECONDS int_number ';' •

    $default  使用规则 69 以归约 (units_rule)


状态 1061

   74 units_rule: K_VOLTAGE K_VOLTS int_number ';' •

    $default  使用规则 74 以归约 (units_rule)


状态 1062

   76 units_rule: K_FREQUENCY K_MEGAHERTZ NUMBER ';' •

    $default  使用规则 76 以归约 (units_rule)


状态 1063

  107 layer_option: K_CAPACITANCE K_CPERSQDIST K_PWL '(' • cap_points ')' ';'

    '('  偏移，并进入状态 1357

    cap_points  转到状态 1358
    cap_point   转到状态 1359


状态 1064

  106 layer_option: K_CAPACITANCE K_CPERSQDIST int_number ';' •

    $default  使用规则 106 以归约 (layer_option)


状态 1065

   94 layer_option: K_OFFSET int_number int_number ';' •

    $default  使用规则 94 以归约 (layer_option)


状态 1066

   90 layer_option: K_PITCH int_number int_number ';' •

    $default  使用规则 90 以归约 (layer_option)


状态 1067

  105 layer_option: K_RESISTANCE K_RPERSQ K_PWL '(' • res_points ')' ';'

    '('  偏移，并进入状态 1360

    res_points  转到状态 1361
    res_point   转到状态 1362


状态 1068

  104 layer_option: K_RESISTANCE K_RPERSQ int_number ';' •

    $default  使用规则 104 以归约 (layer_option)


状态 1069

  1003 layer_spacing_opt: K_SAMENET • $@132 opt_samenetPGonly

    $default  使用规则 1002 以归约 ($@132)

    $@132  转到状态 1363


状态 1070

  1001 layer_spacing_opt: K_CENTERTOCENTER •

    $default  使用规则 1001 以归约 (layer_spacing_opt)


状态 1071

  1004 layer_spacing_opt: K_PARALLELOVERLAP •

    $default  使用规则 1004 以归约 (layer_spacing_opt)


状态 1072

  100 layer_option: K_SPACING int_number $@6 layer_spacing_opts • layer_spacing_cut_routing ';'

    K_AREA             偏移，并进入状态 1364
    K_LAYER            偏移，并进入状态 1365
    K_RANGE            偏移，并进入状态 1366
    K_LENGTHTHRESHOLD  偏移，并进入状态 1367
    K_ADJACENTCUTS     偏移，并进入状态 1368
    K_ENDOFLINE        偏移，并进入状态 1369
    K_ENDOFNOTCHWIDTH  偏移，并进入状态 1370
    K_NOTCHLENGTH      偏移，并进入状态 1371

    $default  使用规则 1005 以归约 (layer_spacing_cut_routing)

    layer_spacing_cut_routing  转到状态 1372


状态 1073

  1000 layer_spacing_opts: layer_spacing_opt • layer_spacing_opts

    K_SAMENET          偏移，并进入状态 1069
    K_CENTERTOCENTER   偏移，并进入状态 1070
    K_PARALLELOVERLAP  偏移，并进入状态 1071

    $default  使用规则 999 以归约 (layer_spacing_opts)

    layer_spacing_opts  转到状态 1373
    layer_spacing_opt   转到状态 1073


状态 1074

  260 layer_prop: T_STRING T_STRING •

    $default  使用规则 260 以归约 (layer_prop)


状态 1075

  261 layer_prop: T_STRING QSTRING •

    $default  使用规则 261 以归约 (layer_prop)


状态 1076

  262 layer_prop: T_STRING NUMBER •

    $default  使用规则 262 以归约 (layer_prop)


状态 1077

  119 layer_option: K_PROPERTY $@8 layer_prop_list ';' •

    $default  使用规则 119 以归约 (layer_option)


状态 1078

  259 layer_prop_list: layer_prop_list layer_prop •

    $default  使用规则 259 以归约 (layer_prop_list)


状态 1079

  265 current_density_pwl: '(' • int_number int_number ')'

    NUMBER  偏移，并进入状态 97

    int_number  转到状态 1374


状态 1080

  116 layer_option: K_CURRENTDEN K_PWL '(' current_density_pwl_list • ')' ';'
  264 current_density_pwl_list: current_density_pwl_list • current_density_pwl

    '('  偏移，并进入状态 1079
    ')'  偏移，并进入状态 1375

    current_density_pwl  转到状态 1376


状态 1081

  263 current_density_pwl_list: current_density_pwl •

    $default  使用规则 263 以归约 (current_density_pwl_list)


状态 1082

  117 layer_option: K_CURRENTDEN '(' int_number int_number • ')' ';'

    ')'  偏移，并进入状态 1377


状态 1083

  122 layer_option: K_ACCURRENTDENSITY layer_table_type int_number ';' •

    $default  使用规则 122 以归约 (layer_option)


状态 1084

  246 layer_frequency: K_FREQUENCY • NUMBER $@39 number_list ';' $@40 ac_layer_table_opt K_TABLEENTRIES NUMBER $@41 number_list ';'

    NUMBER  偏移，并进入状态 1378


状态 1085

  121 layer_option: K_ACCURRENTDENSITY layer_table_type $@9 layer_frequency •

    $default  使用规则 121 以归约 (layer_option)


状态 1086

  129 layer_option: K_DCCURRENTDENSITY K_AVERAGE K_WIDTH int_number • $@12 int_number_list ';' $@13 dc_layer_table

    $default  使用规则 127 以归约 ($@12)

    $@12  转到状态 1379


状态 1087

  126 layer_option: K_DCCURRENTDENSITY K_AVERAGE K_CUTAREA NUMBER • $@10 number_list ';' $@11 dc_layer_table

    $default  使用规则 124 以归约 ($@10)

    $@10  转到状态 1380


状态 1088

  123 layer_option: K_DCCURRENTDENSITY K_AVERAGE int_number ';' •

    $default  使用规则 123 以归约 (layer_option)


状态 1089

  234 layer_antenna_pwl: K_PWL '(' • pt pt $@38 layer_diffusion_ratios ')'

    NUMBER  偏移，并进入状态 97
    '('     偏移，并进入状态 514

    int_number  转到状态 515
    pt          转到状态 1381


状态 1090

  132 layer_option: K_ANTENNADIFFAREARATIO $@14 layer_antenna_pwl ';' •

    $default  使用规则 132 以归约 (layer_option)


状态 1091

  135 layer_option: K_ANTENNACUMDIFFAREARATIO $@15 layer_antenna_pwl ';' •

    $default  使用规则 135 以归约 (layer_option)


状态 1092

  239 layer_antenna_duo: K_DIFFUSEONLY •

    $default  使用规则 239 以归约 (layer_antenna_duo)


状态 1093

  137 layer_option: K_ANTENNAAREAFACTOR int_number $@16 layer_antenna_duo • ';'

    ';'  偏移，并进入状态 1382


状态 1094

  140 layer_option: K_ANTENNADIFFSIDEAREARATIO $@17 layer_antenna_pwl ';' •

    $default  使用规则 140 以归约 (layer_option)


状态 1095

  143 layer_option: K_ANTENNACUMDIFFSIDEAREARATIO $@18 layer_antenna_pwl ';' •

    $default  使用规则 143 以归约 (layer_option)


状态 1096

  145 layer_option: K_ANTENNASIDEAREAFACTOR int_number $@19 layer_antenna_duo • ';'

    ';'  偏移，并进入状态 1383


状态 1097

  164 layer_option: K_DENSITYCHECKWINDOW int_number int_number ';' •

    $default  使用规则 164 以归约 (layer_option)


状态 1098

  172 layer_option: K_MINIMUMCUT int_number K_WIDTH int_number • $@24 layer_minimumcut_within layer_minimumcut_from layer_minimumcut_length ';'

    $default  使用规则 171 以归约 ($@24)

    $@24  转到状态 1384


状态 1099

  147 layer_option: K_ANTENNAMODEL $@20 layer_oxide ';' •

    $default  使用规则 147 以归约 (layer_option)


状态 1100

  179 layer_option: K_ENCLOSURE layer_enclosure_type_opt int_number int_number • $@27 layer_enclosure_width_opt ';'

    $default  使用规则 178 以归约 ($@27)

    $@27  转到状态 1385


状态 1101

  283 layer_minen_width: K_WIDTH • int_number

    NUMBER  偏移，并进入状态 97

    int_number  转到状态 1386


状态 1102

  170 layer_option: K_MINENCLOSEDAREA NUMBER $@23 layer_minen_width • ';'

    ';'  偏移，并进入状态 1387


状态 1103

  174 layer_option: K_MINSTEP int_number $@25 layer_minstep_options • ';'
  225 layer_minstep_options: layer_minstep_options • layer_minstep_option

    K_STEP           偏移，并进入状态 1388
    K_INSIDECORNER   偏移，并进入状态 1389
    K_LENGTHSUM      偏移，并进入状态 1390
    K_OUTSIDECORNER  偏移，并进入状态 1391
    K_MAXEDGES       偏移，并进入状态 1392
    ';'              偏移，并进入状态 1393

    layer_minstep_option  转到状态 1394
    layer_minstep_type    转到状态 1395


状态 1104

  175 layer_option: K_PROTRUSIONWIDTH int_number K_LENGTH int_number • K_WIDTH int_number ';'

    K_WIDTH  偏移，并进入状态 1396


状态 1105

  102 layer_option: K_SPACINGTABLE K_ORTHOGONAL K_WITHIN int_number • K_SPACING int_number $@7 layer_spacingtable_opts ';'

    K_SPACING  偏移，并进入状态 1397


状态 1106

  202 sp_options: K_INFLUENCE K_WIDTH • int_number K_WITHIN int_number K_SPACING int_number $@36 layer_sp_influence_widths

    NUMBER  偏移，并进入状态 97

    int_number  转到状态 1398


状态 1107

  197 sp_options: K_PARALLELRUNLENGTH int_number • $@30 int_number_list $@31 K_WIDTH int_number $@32 int_number_list $@33 layer_sp_parallel_widths

    $default  使用规则 193 以归约 ($@30)

    $@30  转到状态 1399


状态 1108

  200 sp_options: K_TWOWIDTHS K_WIDTH • int_number layer_sp_TwoWidthsPRL int_number $@34 int_number_list $@35 layer_sp_TwoWidths

    NUMBER  偏移，并进入状态 97

    int_number  转到状态 1400


状态 1109

  177 layer_option: K_SPACINGTABLE $@26 sp_options ';' •

    $default  使用规则 177 以归约 (layer_option)


状态 1110

   92 layer_option: K_DIAGPITCH int_number int_number ';' •

    $default  使用规则 92 以归约 (layer_option)


状态 1111

  185 layer_option: K_MINSIZE $@29 firstPt otherPts • ';'
  775 otherPts: otherPts • nextPt

    NUMBER  偏移，并进入状态 97
    ';'     偏移，并进入状态 1401
    '('     偏移，并进入状态 514

    int_number  转到状态 515
    pt          转到状态 1402
    nextPt      转到状态 1403


状态 1112

  181 layer_option: K_PREFERENCLOSURE layer_enclosure_type_opt int_number int_number • $@28 layer_preferenclosure_width_opt ';'

    $default  使用规则 180 以归约 ($@28)

    $@28  转到状态 1404


状态 1113

  189 layer_arraySpacing_width: K_WIDTH • int_number

    NUMBER  偏移，并进入状态 97

    int_number  转到状态 1405


状态 1114

   86 layer_option: K_ARRAYSPACING $@4 layer_arraySpacing_long layer_arraySpacing_width • K_CUTSPACING int_number $@5 layer_arraySpacing_arraycuts ';'

    K_CUTSPACING  偏移，并进入状态 1406


状态 1115

  153 layer_option: K_ANTENNAAREADIFFREDUCEPWL '(' pt pt • $@21 layer_diffusion_ratios ')' ';' $@22

    $default  使用规则 151 以归约 ($@21)

    $@21  转到状态 1407


状态 1116

  389 via_layer: K_LAYER $@55 T_STRING ';' •

    $default  使用规则 389 以归约 (via_layer)


状态 1117

  341 via_viarule: K_VIARULE $@49 T_STRING ';' • K_CUTSIZE int_number int_number ';' K_LAYERS $@50 T_STRING T_STRING T_STRING ';' K_CUTSPACING int_number int_number ';' K_ENCLOSURE int_number int_number int_number int_number ';' $@51 via_viarule_options

    K_CUTSIZE  偏移，并进入状态 1408


状态 1118

  364 via_name_value_pair: T_STRING T_STRING •

    $default  使用规则 364 以归约 (via_name_value_pair)


状态 1119

  363 via_name_value_pair: T_STRING QSTRING •

    $default  使用规则 363 以归约 (via_name_value_pair)


状态 1120

  362 via_name_value_pair: T_STRING NUMBER •

    $default  使用规则 362 以归约 (via_name_value_pair)


状态 1121

  358 via_other_option: K_PROPERTY $@53 via_prop_list ';' •

    $default  使用规则 358 以归约 (via_other_option)


状态 1122

  361 via_prop_list: via_prop_list via_name_value_pair •

    $default  使用规则 361 以归约 (via_prop_list)


状态 1123

  396 end_via: K_END $@57 T_STRING •

    $default  使用规则 396 以归约 (end_via)


状态 1124

  525 pt: '(' int_number int_number • ')'

    ')'  偏移，并进入状态 1409


状态 1125

  367 via_foreign: start_foreign pt orientation ';' •

    $default  使用规则 367 以归约 (via_foreign)


状态 1126

  394 via_geometry: K_POLYGON maskColor • $@56 firstPt nextPt nextPt otherPts ';'

    $default  使用规则 393 以归约 ($@56)

    $@56  转到状态 1410


状态 1127

  392 via_geometry: K_RECT maskColor • pt pt ';'

    NUMBER  偏移，并进入状态 97
    '('     偏移，并进入状态 514

    int_number  转到状态 515
    pt          转到状态 1411


状态 1128

  401 viarule_generate: viarule_keyword K_GENERATE viarule_generate_default $@59 viarule_layer_list opt_viarule_props • end_viarule

    K_END  偏移，并进入状态 798

    end_viarule  转到状态 1412


状态 1129

  412 viarule_prop_list: viarule_prop •

    $default  使用规则 412 以归约 (viarule_prop_list)


状态 1130

  411 viarule_prop: K_PROPERTY $@60 viarule_prop_list • ';'
  413 viarule_prop_list: viarule_prop_list • viarule_prop

    T_STRING    偏移，并进入状态 521
    K_PROPERTY  偏移，并进入状态 522
    ';'         偏移，并进入状态 1413

    viarule_prop  转到状态 1414


状态 1131

  420 via_name: via_keyword T_STRING ';' •

    $default  使用规则 420 以归约 (via_name)


状态 1132

  435 end_viarule: K_END $@62 • T_STRING

    T_STRING  偏移，并进入状态 1415


状态 1133

  425 viarule_layer_option: K_DIRECTION K_HORIZONTAL ';' •

    $default  使用规则 425 以归约 (viarule_layer_option)


状态 1134

  426 viarule_layer_option: K_DIRECTION K_VERTICAL ';' •

    $default  使用规则 426 以归约 (viarule_layer_option)


状态 1135

  433 viarule_layer_option: K_METALOVERHANG int_number ';' •

    $default  使用规则 433 以归约 (viarule_layer_option)


状态 1136

  432 viarule_layer_option: K_OVERHANG int_number ';' •

    $default  使用规则 432 以归约 (viarule_layer_option)


状态 1137

  429 viarule_layer_option: K_RECT pt pt • ';'

    ';'  偏移，并进入状态 1416


状态 1138

  431 viarule_layer_option: K_RESISTANCE int_number ';' •

    $default  使用规则 431 以归约 (viarule_layer_option)


状态 1139

  430 viarule_layer_option: K_SPACING int_number K_BY • int_number ';'

    NUMBER  偏移，并进入状态 97

    int_number  转到状态 1417


状态 1140

  428 viarule_layer_option: K_WIDTH int_number K_TO • int_number ';'

    NUMBER  偏移，并进入状态 97

    int_number  转到状态 1418


状态 1141

  427 viarule_layer_option: K_ENCLOSURE int_number int_number • ';'

    ';'  偏移，并进入状态 1419


状态 1142

  441 spacing: samenet_keyword T_STRING T_STRING int_number • ';'
  442        | samenet_keyword T_STRING T_STRING int_number • K_STACK ';'

    K_STACK  偏移，并进入状态 1420
    ';'      偏移，并进入状态 1421


状态 1143

  454 ir_table_value: int_number int_number •

    $default  使用规则 454 以归约 (ir_table_value)


状态 1144

  505 site_option: K_SIZE int_number K_BY int_number • ';'

    ';'  偏移，并进入状态 1422


状态 1145

  523 site_rowpattern: T_STRING • orientation $@74

    K_N      偏移，并进入状态 497
    K_S      偏移，并进入状态 498
    K_E      偏移，并进入状态 499
    K_W      偏移，并进入状态 500
    K_FN     偏移，并进入状态 501
    K_FS     偏移，并进入状态 502
    K_FE     偏移，并进入状态 503
    K_FW     偏移，并进入状态 504
    K_R0     偏移，并进入状态 505
    K_R90    偏移，并进入状态 506
    K_R180   偏移，并进入状态 507
    K_R270   偏移，并进入状态 508
    K_MX     偏移，并进入状态 509
    K_MY     偏移，并进入状态 510
    K_MXR90  偏移，并进入状态 511
    K_MYR90  偏移，并进入状态 512

    orientation  转到状态 1423


状态 1146

  519 site_rowpattern_statement: K_ROWPATTERN $@73 site_rowpatterns ';' •

    $default  使用规则 519 以归约 (site_rowpattern_statement)


状态 1147

  521 site_rowpatterns: site_rowpatterns site_rowpattern •

    $default  使用规则 521 以归约 (site_rowpatterns)


状态 1148

  809 macro_clocktype: K_CLOCKTYPE $@103 T_STRING ';' •

    $default  使用规则 809 以归约 (macro_clocktype)


状态 1149

  614 macro_eeq: K_EEQ $@79 T_STRING ';' •

    $default  使用规则 614 以归约 (macro_eeq)


状态 1150

  602 macro_generate: K_GENERATE T_STRING T_STRING ';' •

    $default  使用规则 602 以归约 (macro_generate)


状态 1151

  616 macro_leq: K_LEQ $@80 T_STRING ';' •

    $default  使用规则 616 以归约 (macro_leq)


状态 1152

  621 macro_size: K_SIZE int_number K_BY int_number • ';'

    ';'  偏移，并进入状态 1424


状态 1153

  566 macro_name_value_pair: T_STRING T_STRING •

    $default  使用规则 566 以归约 (macro_name_value_pair)


状态 1154

  565 macro_name_value_pair: T_STRING QSTRING •

    $default  使用规则 565 以归约 (macro_name_value_pair)


状态 1155

  564 macro_name_value_pair: T_STRING NUMBER •

    $default  使用规则 564 以归约 (macro_name_value_pair)


状态 1156

  555 macro_option: K_PROPERTY $@78 macro_prop_list ';' •

    $default  使用规则 555 以归约 (macro_option)


状态 1157

  557 macro_prop_list: macro_prop_list macro_name_value_pair •

    $default  使用规则 557 以归约 (macro_prop_list)


状态 1158

  804 density_layer: K_LAYER $@101 T_STRING • ';' $@102 density_layer_rect density_layer_rects

    ';'  偏移，并进入状态 1425


状态 1159

  799 macro_density: K_DENSITY density_layer density_layers K_END •

    $default  使用规则 799 以归约 (macro_density)


状态 1160

  801 density_layers: density_layers density_layer •

    $default  使用规则 801 以归约 (density_layers)


状态 1161

  610 macro_foreign: start_foreign pt orientation ';' •

    $default  使用规则 610 以归约 (macro_foreign)


状态 1162

  531 end_macro: K_END $@77 T_STRING •

    $default  使用规则 531 以归约 (end_macro)


状态 1163

  781 sitePattern: T_STRING int_number int_number • orientation K_DO int_number K_BY int_number K_STEP int_number int_number
  782            | T_STRING int_number int_number • orientation

    K_N      偏移，并进入状态 497
    K_S      偏移，并进入状态 498
    K_E      偏移，并进入状态 499
    K_W      偏移，并进入状态 500
    K_FN     偏移，并进入状态 501
    K_FS     偏移，并进入状态 502
    K_FE     偏移，并进入状态 503
    K_FW     偏移，并进入状态 504
    K_R0     偏移，并进入状态 505
    K_R90    偏移，并进入状态 506
    K_R180   偏移，并进入状态 507
    K_R270   偏移，并进入状态 508
    K_MX     偏移，并进入状态 509
    K_MY     偏移，并进入状态 510
    K_MXR90  偏移，并进入状态 511
    K_MYR90  偏移，并进入状态 512

    orientation  转到状态 1426


状态 1164

  658 macro_pin_option: K_CAPACITANCE int_number • ';'

    ';'  偏移，并进入状态 1427


状态 1165

  663 macro_pin_option: K_CURRENTSOURCE K_ACTIVE • ';'

    ';'  偏移，并进入状态 1428


状态 1166

  664 macro_pin_option: K_CURRENTSOURCE K_RESISTIVE • ';'

    ';'  偏移，并进入状态 1429


状态 1167

  735 electrical_direction: K_DIRECTION K_FEEDTHRU • ';'

    ';'  偏移，并进入状态 1430


状态 1168

  734 electrical_direction: K_DIRECTION K_INOUT • ';'

    ';'  偏移，并进入状态 1431


状态 1169

  731 electrical_direction: K_DIRECTION K_INPUT • ';'

    ';'  偏移，并进入状态 1432


状态 1170

  732 electrical_direction: K_DIRECTION K_OUTPUT • ';'
  733                     | K_DIRECTION K_OUTPUT • K_TRISTATE ';'

    K_TRISTATE  偏移，并进入状态 1433
    ';'         偏移，并进入状态 1434


状态 1171

  626 end_macro_pin: K_END $@82 • T_STRING

    T_STRING  偏移，并进入状态 1435


状态 1172

  645 macro_pin_option: K_FALLSATCUR int_number • ';'

    ';'  偏移，并进入状态 1436


状态 1173

  643 macro_pin_option: K_FALLTHRESH int_number • ';'

    ';'  偏移，并进入状态 1437


状态 1174

  657 macro_pin_option: K_INPUTNOISEMARGIN $@87 • int_number int_number ';'

    NUMBER  偏移，并进入状态 97

    int_number  转到状态 1438


状态 1175

  667 macro_pin_option: K_IV_TABLES T_STRING • T_STRING ';'

    T_STRING  偏移，并进入状态 1439


状态 1176

  641 macro_pin_option: K_LEAKAGE int_number • ';'

    ';'  偏移，并进入状态 1440


状态 1177

  636 macro_pin_option: K_LEQ $@83 • T_STRING ';'

    T_STRING  偏移，并进入状态 1441


状态 1178

  659 macro_pin_option: K_MAXDELAY int_number • ';'

    ';'  偏移，并进入状态 1442


状态 1179

  660 macro_pin_option: K_MAXLOAD int_number • ';'

    ';'  偏移，并进入状态 1443


状态 1180

  651 macro_pin_option: K_MUSTJOIN $@84 • T_STRING ';'

    T_STRING  偏移，并进入状态 1444


状态 1181

  653 macro_pin_option: K_OUTPUTNOISEMARGIN $@85 • int_number int_number ';'

    NUMBER  偏移，并进入状态 97

    int_number  转到状态 1445


状态 1182

  637 macro_pin_option: K_POWER int_number • ';'

    ';'  偏移，并进入状态 1446


状态 1183

  662 macro_pin_option: K_PULLDOWNRES int_number • ';'

    ';'  偏移，并进入状态 1447


状态 1184

  661 macro_pin_option: K_RESISTANCE int_number • ';'

    ';'  偏移，并进入状态 1448


状态 1185

  644 macro_pin_option: K_RISESATCUR int_number • ';'

    ';'  偏移，并进入状态 1449


状态 1186

  642 macro_pin_option: K_RISETHRESH int_number • ';'

    ';'  偏移，并进入状态 1450


状态 1187

  665 macro_pin_option: K_RISEVOLTAGETHRESHOLD int_number • ';'

    ';'  偏移，并进入状态 1451


状态 1188

  666 macro_pin_option: K_FALLVOLTAGETHRESHOLD int_number • ';'

    ';'  偏移，并进入状态 1452


状态 1189

  745 macro_scan_use: K_INPUT •

    $default  使用规则 745 以归约 (macro_scan_use)


状态 1190

  746 macro_scan_use: K_OUTPUT •

    $default  使用规则 746 以归约 (macro_scan_use)


状态 1191

  747 macro_scan_use: K_START •

    $default  使用规则 747 以归约 (macro_scan_use)


状态 1192

  748 macro_scan_use: K_STOP •

    $default  使用规则 748 以归约 (macro_scan_use)


状态 1193

  640 macro_pin_option: K_SCANUSE macro_scan_use • ';'

    ';'  偏移，并进入状态 1453


状态 1194

  750 pin_shape: K_ABUTMENT •

    $default  使用规则 750 以归约 (pin_shape)


状态 1195

  752 pin_shape: K_FEEDTHRU •

    $default  使用规则 752 以归约 (pin_shape)


状态 1196

  751 pin_shape: K_RING •

    $default  使用规则 751 以归约 (pin_shape)


状态 1197

  649 macro_pin_option: K_SHAPE pin_shape • ';'

    ';'  偏移，并进入状态 1454


状态 1198

  648 macro_pin_option: K_TIEOFFR int_number • ';'

    ';'  偏移，并进入状态 1455


状态 1199

  740 macro_pin_use: K_ANALOG •

    $default  使用规则 740 以归约 (macro_pin_use)


状态 1200

  743 macro_pin_use: K_CLOCK •

    $default  使用规则 743 以归约 (macro_pin_use)


状态 1201

  744 macro_pin_use: K_DATA •

    $default  使用规则 744 以归约 (macro_pin_use)


状态 1202

  742 macro_pin_use: K_GROUND •

    $default  使用规则 742 以归约 (macro_pin_use)


状态 1203

  741 macro_pin_use: K_POWER •

    $default  使用规则 741 以归约 (macro_pin_use)


状态 1204

  739 macro_pin_use: K_SIGNAL •

    $default  使用规则 739 以归约 (macro_pin_use)


状态 1205

  639 macro_pin_option: K_USE macro_pin_use • ';'

    ';'  偏移，并进入状态 1456


状态 1206

  647 macro_pin_option: K_VHI int_number • ';'

    ';'  偏移，并进入状态 1457


状态 1207

  646 macro_pin_option: K_VLO int_number • ';'

    ';'  偏移，并进入状态 1458


状态 1208

  670 macro_pin_option: K_PROPERTY $@88 • pin_prop_list ';'

    T_STRING  偏移，并进入状态 1459

    pin_prop_list        转到状态 1460
    pin_name_value_pair  转到状态 1461


状态 1209

  655 macro_pin_option: K_OUTPUTRESISTANCE $@86 • int_number int_number ';'

    NUMBER  偏移，并进入状态 97

    int_number  转到状态 1462


状态 1210

  668 macro_pin_option: K_TAPERRULE T_STRING • ';'

    ';'  偏移，并进入状态 1463


状态 1211

  673 macro_pin_option: K_ANTENNASIZE int_number • opt_layer_name ';'

    K_LAYER  偏移，并进入状态 1464

    $default  使用规则 1024 以归约 (opt_layer_name)

    opt_layer_name  转到状态 1465


状态 1212

  675 macro_pin_option: K_ANTENNAMETALLENGTH int_number • opt_layer_name ';'

    K_LAYER  偏移，并进入状态 1464

    $default  使用规则 1024 以归约 (opt_layer_name)

    opt_layer_name  转到状态 1466


状态 1213

  674 macro_pin_option: K_ANTENNAMETALAREA NUMBER • opt_layer_name ';'

    K_LAYER  偏移，并进入状态 1464

    $default  使用规则 1024 以归约 (opt_layer_name)

    opt_layer_name  转到状态 1467


状态 1214

  676 macro_pin_option: K_RISESLEWLIMIT int_number • ';'

    ';'  偏移，并进入状态 1468


状态 1215

  677 macro_pin_option: K_FALLSLEWLIMIT int_number • ';'

    ';'  偏移，并进入状态 1469


状态 1216

  678 macro_pin_option: K_ANTENNAPARTIALMETALAREA NUMBER • opt_layer_name ';'

    K_LAYER  偏移，并进入状态 1464

    $default  使用规则 1024 以归约 (opt_layer_name)

    opt_layer_name  转到状态 1470


状态 1217

  679 macro_pin_option: K_ANTENNAPARTIALMETALSIDEAREA NUMBER • opt_layer_name ';'

    K_LAYER  偏移，并进入状态 1464

    $default  使用规则 1024 以归约 (opt_layer_name)

    opt_layer_name  转到状态 1471


状态 1218

  682 macro_pin_option: K_ANTENNAGATEAREA NUMBER • opt_layer_name ';'

    K_LAYER  偏移，并进入状态 1464

    $default  使用规则 1024 以归约 (opt_layer_name)

    opt_layer_name  转到状态 1472


状态 1219

  681 macro_pin_option: K_ANTENNADIFFAREA NUMBER • opt_layer_name ';'

    K_LAYER  偏移，并进入状态 1464

    $default  使用规则 1024 以归约 (opt_layer_name)

    opt_layer_name  转到状态 1473


状态 1220

  683 macro_pin_option: K_ANTENNAMAXAREACAR NUMBER • req_layer_name ';'

    K_LAYER  偏移，并进入状态 1474

    req_layer_name  转到状态 1475


状态 1221

  684 macro_pin_option: K_ANTENNAMAXSIDEAREACAR NUMBER • req_layer_name ';'

    K_LAYER  偏移，并进入状态 1474

    req_layer_name  转到状态 1476


状态 1222

  680 macro_pin_option: K_ANTENNAPARTIALCUTAREA NUMBER • opt_layer_name ';'

    K_LAYER  偏移，并进入状态 1464

    $default  使用规则 1024 以归约 (opt_layer_name)

    opt_layer_name  转到状态 1477


状态 1223

  685 macro_pin_option: K_ANTENNAMAXCUTCAR NUMBER • req_layer_name ';'

    K_LAYER  偏移，并进入状态 1474

    req_layer_name  转到状态 1478


状态 1224

  687 macro_pin_option: K_ANTENNAMODEL $@89 • pin_layer_oxide ';'

    K_OXIDE1   偏移，并进入状态 1479
    K_OXIDE2   偏移，并进入状态 1480
    K_OXIDE3   偏移，并进入状态 1481
    K_OXIDE4   偏移，并进入状态 1482
    K_OXIDE5   偏移，并进入状态 1483
    K_OXIDE6   偏移，并进入状态 1484
    K_OXIDE7   偏移，并进入状态 1485
    K_OXIDE8   偏移，并进入状态 1486
    K_OXIDE9   偏移，并进入状态 1487
    K_OXIDE10  偏移，并进入状态 1488
    K_OXIDE11  偏移，并进入状态 1489
    K_OXIDE12  偏移，并进入状态 1490
    K_OXIDE13  偏移，并进入状态 1491
    K_OXIDE14  偏移，并进入状态 1492
    K_OXIDE15  偏移，并进入状态 1493
    K_OXIDE16  偏移，并进入状态 1494
    K_OXIDE17  偏移，并进入状态 1495
    K_OXIDE18  偏移，并进入状态 1496
    K_OXIDE19  偏移，并进入状态 1497
    K_OXIDE20  偏移，并进入状态 1498
    K_OXIDE21  偏移，并进入状态 1499
    K_OXIDE22  偏移，并进入状态 1500
    K_OXIDE23  偏移，并进入状态 1501
    K_OXIDE24  偏移，并进入状态 1502
    K_OXIDE25  偏移，并进入状态 1503
    K_OXIDE26  偏移，并进入状态 1504
    K_OXIDE27  偏移，并进入状态 1505
    K_OXIDE28  偏移，并进入状态 1506
    K_OXIDE29  偏移，并进入状态 1507
    K_OXIDE30  偏移，并进入状态 1508
    K_OXIDE31  偏移，并进入状态 1509
    K_OXIDE32  偏移，并进入状态 1510

    pin_layer_oxide  转到状态 1511


状态 1225

  693 macro_pin_option: K_GROUNDSENSITIVITY $@92 • T_STRING ';'

    T_STRING  偏移，并进入状态 1512


状态 1226

  689 macro_pin_option: K_NETEXPR $@90 • QSTRING ';'

    QSTRING  偏移，并进入状态 1513


状态 1227

  691 macro_pin_option: K_SUPPLYSENSITIVITY $@91 • T_STRING ';'

    T_STRING  偏移，并进入状态 1514


状态 1228

  632 macro_pin_option: start_foreign K_STRUCTURE • ';'
  633                 | start_foreign K_STRUCTURE • pt ';'
  634                 | start_foreign K_STRUCTURE • pt orientation ';'

    NUMBER  偏移，并进入状态 97
    ';'     偏移，并进入状态 1515
    '('     偏移，并进入状态 514

    int_number  转到状态 515
    pt          转到状态 1516


状态 1229

  629 macro_pin_option: start_foreign ';' •

    $default  使用规则 629 以归约 (macro_pin_option)


状态 1230

  630 macro_pin_option: start_foreign pt • ';'
  631                 | start_foreign pt • orientation ';'

    K_N      偏移，并进入状态 497
    K_S      偏移，并进入状态 498
    K_E      偏移，并进入状态 499
    K_W      偏移，并进入状态 500
    K_FN     偏移，并进入状态 501
    K_FS     偏移，并进入状态 502
    K_FE     偏移，并进入状态 503
    K_FW     偏移，并进入状态 504
    K_R0     偏移，并进入状态 505
    K_R90    偏移，并进入状态 506
    K_R180   偏移，并进入状态 507
    K_R270   偏移，并进入状态 508
    K_MX     偏移，并进入状态 509
    K_MY     偏移，并进入状态 510
    K_MXR90  偏移，并进入状态 511
    K_MYR90  偏移，并进入状态 512
    ';'      偏移，并进入状态 1517

    orientation  转到状态 1518


状态 1231

  738 macro_port_class_option: K_CLASS • class_type ';'

    K_BLOCK    偏移，并进入状态 549
    K_CORE     偏移，并进入状态 550
    K_CORNER   偏移，并进入状态 551
    K_COVER    偏移，并进入状态 552
    K_ENDCAP   偏移，并进入状态 553
    K_PAD      偏移，并进入状态 554
    K_RING     偏移，并进入状态 555
    K_VIRTUAL  偏移，并进入状态 556
    K_NONE     偏移，并进入状态 557
    K_BUMP     偏移，并进入状态 558

    class_type  转到状态 1519


状态 1232

  672 macro_pin_option: start_macro_port K_END •

    $default  使用规则 672 以归约 (macro_pin_option)


状态 1233

  671 macro_pin_option: start_macro_port macro_port_class_option • geometries K_END

    K_LAYER    偏移，并进入状态 588
    K_PATH     偏移，并进入状态 589
    K_POLYGON  偏移，并进入状态 590
    K_RECT     偏移，并进入状态 591
    K_VIA      偏移，并进入状态 592
    K_WIDTH    偏移，并进入状态 593

    geometries     转到状态 1520
    geometry       转到状态 595
    via_placement  转到状态 596


状态 1234

  756 geometry: K_LAYER $@93 T_STRING • $@94 layer_exceptpgnet layer_spacing ';'

    $default  使用规则 755 以归约 ($@94)

    $@94  转到状态 1521


状态 1235

  445 maskColor: K_MASK int_number •

    $default  使用规则 445 以归约 (maskColor)


状态 1236

  759 geometry: K_PATH maskColor K_ITERATE • firstPt otherPts stepPattern ';'

    NUMBER  偏移，并进入状态 97
    '('     偏移，并进入状态 514

    int_number  转到状态 515
    pt          转到状态 766
    firstPt     转到状态 1522


状态 1237

  758 geometry: K_PATH maskColor firstPt • otherPts ';'

    $default  使用规则 774 以归约 (otherPts)

    otherPts  转到状态 1523


状态 1238

  763 geometry: K_POLYGON maskColor K_ITERATE • firstPt nextPt nextPt otherPts stepPattern ';'

    NUMBER  偏移，并进入状态 97
    '('     偏移，并进入状态 514

    int_number  转到状态 515
    pt          转到状态 766
    firstPt     转到状态 1524


状态 1239

  762 geometry: K_POLYGON maskColor firstPt • nextPt nextPt otherPts ';'

    NUMBER  偏移，并进入状态 97
    '('     偏移，并进入状态 514

    int_number  转到状态 515
    pt          转到状态 1402
    nextPt      转到状态 1525


状态 1240

  761 geometry: K_RECT maskColor K_ITERATE • pt pt stepPattern ';'

    NUMBER  偏移，并进入状态 97
    '('     偏移，并进入状态 514

    int_number  转到状态 515
    pt          转到状态 1526


状态 1241

  760 geometry: K_RECT maskColor pt • pt ';'

    NUMBER  偏移，并进入状态 97
    '('     偏移，并进入状态 514

    int_number  转到状态 515
    pt          转到状态 1527


状态 1242

  779 via_placement: K_VIA K_ITERATE maskColor • pt $@96 T_STRING stepPattern ';'

    NUMBER  偏移，并进入状态 97
    '('     偏移，并进入状态 514

    int_number  转到状态 515
    pt          转到状态 1528


状态 1243

  777 via_placement: K_VIA maskColor pt • $@95 T_STRING ';'

    $default  使用规则 776 以归约 ($@95)

    $@95  转到状态 1529


状态 1244

  757 geometry: K_WIDTH int_number ';' •

    $default  使用规则 757 以归约 (geometry)


状态 1245

  766 geometry_options: geometry_options geometry •

    $default  使用规则 766 以归约 (geometry_options)


状态 1246

  812 end_timing: K_END K_TIMING •

    $default  使用规则 812 以归约 (end_timing)


状态 1247

  827 timing_option: K_FALLCS int_number • int_number ';'

    NUMBER  偏移，并进入状态 97

    int_number  转到状态 1530


状态 1248

  831 timing_option: K_FALLT0 int_number • int_number ';'

    NUMBER  偏移，并进入状态 97

    int_number  转到状态 1531


状态 1249

  829 timing_option: K_FALLSATT1 int_number • int_number ';'

    NUMBER  偏移，并进入状态 97

    int_number  转到状态 1532


状态 1250

  825 timing_option: K_FALLRS int_number • int_number ';'

    NUMBER  偏移，并进入状态 97

    int_number  转到状态 1533


状态 1251

  816 timing_option: K_FROMPIN $@104 • list_of_from_strings ';'

    T_STRING  偏移，并进入状态 1534

    list_of_from_strings  转到状态 1535


状态 1252

  826 timing_option: K_RISECS int_number • int_number ';'

    NUMBER  偏移，并进入状态 97

    int_number  转到状态 1536


状态 1253

  824 timing_option: K_RISERS int_number • int_number ';'

    NUMBER  偏移，并进入状态 97

    int_number  转到状态 1537


状态 1254

  828 timing_option: K_RISESATT1 int_number • int_number ';'

    NUMBER  偏移，并进入状态 97

    int_number  转到状态 1538


状态 1255

  830 timing_option: K_RISET0 int_number • int_number ';'

    NUMBER  偏移，并进入状态 97

    int_number  转到状态 1539


状态 1256

  818 timing_option: K_TOPIN $@105 • list_of_to_strings ';'

    T_STRING  偏移，并进入状态 1540

    list_of_to_strings  转到状态 1541


状态 1257

  865 unateness: K_INVERT •

    $default  使用规则 865 以归约 (unateness)


状态 1258

  866 unateness: K_NONINVERT •

    $default  使用规则 866 以归约 (unateness)


状态 1259

  867 unateness: K_NONUNATE •

    $default  使用规则 867 以归约 (unateness)


状态 1260

  832 timing_option: K_UNATENESS unateness • ';'

    ';'  偏移，并进入状态 1542


状态 1261

  833 timing_option: K_STABLE K_SETUP • int_number K_HOLD int_number risefall ';'

    NUMBER  偏移，并进入状态 97

    int_number  转到状态 1543


状态 1262

  858 list_of_table_axis_dnumbers: int_number •

    $default  使用规则 858 以归约 (list_of_table_axis_dnumbers)


状态 1263

  822 timing_option: K_TABLEAXIS list_of_table_axis_dnumbers • ';'
  859 list_of_table_axis_dnumbers: list_of_table_axis_dnumbers • int_number

    NUMBER  偏移，并进入状态 97
    ';'     偏移，并进入状态 1544

    int_number  转到状态 1545


状态 1264

  857 table_entry: '(' • int_number int_number int_number ')'

    NUMBER  偏移，并进入状态 97

    int_number  转到状态 1546


状态 1265

  823 timing_option: K_TABLEENTRIES list_of_table_entries • ';'
  856 list_of_table_entries: list_of_table_entries • table_entry

    ';'  偏移，并进入状态 1547
    '('  偏移，并进入状态 1264

    table_entry  转到状态 1548


状态 1266

  855 list_of_table_entries: table_entry •

    $default  使用规则 855 以归约 (list_of_table_entries)


状态 1267

  839 timing_option: K_EXTENSION ';' •

    $default  使用规则 839 以归约 (timing_option)


状态 1268

  836 timing_option: K_SDFCONDSTART QSTRING • ';'

    ';'  偏移，并进入状态 1549


状态 1269

  837 timing_option: K_SDFCONDEND QSTRING • ';'

    ';'  偏移，并进入状态 1550


状态 1270

  838 timing_option: K_SDFCOND QSTRING • ';'

    ';'  偏移，并进入状态 1551


状态 1271

  835 timing_option: one_pin_trigger K_TABLEDIMENSION • int_number int_number int_number ';'

    NUMBER  偏移，并进入状态 97

    int_number  转到状态 1552


状态 1272

  847 from_pin_trigger: K_ANYEDGE •

    $default  使用规则 847 以归约 (from_pin_trigger)


状态 1273

  848 from_pin_trigger: K_POSEDGE •

    $default  使用规则 848 以归约 (from_pin_trigger)


状态 1274

  849 from_pin_trigger: K_NEGEDGE •

    $default  使用规则 849 以归约 (from_pin_trigger)


状态 1275

  834 timing_option: two_pin_trigger from_pin_trigger • to_pin_trigger K_TABLEDIMENSION int_number int_number int_number ';'

    K_ANYEDGE  偏移，并进入状态 1553
    K_POSEDGE  偏移，并进入状态 1554
    K_NEGEDGE  偏移，并进入状态 1555

    to_pin_trigger  转到状态 1556


状态 1276

  820 timing_option: risefall K_INTRINSIC • int_number int_number $@106 slew_spec K_VARIABLE int_number int_number ';'

    NUMBER  偏移，并进入状态 97

    int_number  转到状态 1557


状态 1277

  853 delay_or_transition: K_DELAY •

    $default  使用规则 853 以归约 (delay_or_transition)


状态 1278

  854 delay_or_transition: K_TRANSITIONTIME •

    $default  使用规则 854 以归约 (delay_or_transition)


状态 1279

  821 timing_option: risefall delay_or_transition • K_UNATENESS unateness K_TABLEDIMENSION int_number int_number int_number ';'

    K_UNATENESS  偏移，并进入状态 1558


状态 1280

  883 array_rule: K_CANPLACE $@111 sitePattern ';' •

    $default  使用规则 883 以归约 (array_rule)


状态 1281

  885 array_rule: K_CANNOTOCCUPY $@112 sitePattern ';' •

    $default  使用规则 885 以归约 (array_rule)


状态 1282

  785 trackPattern: K_X int_number • K_DO int_number K_STEP int_number $@97 K_LAYER $@98 trackLayers
  789             | K_X int_number • K_DO int_number K_STEP int_number

    K_DO  偏移，并进入状态 1559


状态 1283

  788 trackPattern: K_Y int_number • K_DO int_number K_STEP int_number $@99 K_LAYER $@100 trackLayers
  790             | K_Y int_number • K_DO int_number K_STEP int_number

    K_DO  偏移，并进入状态 1560


状态 1284

  887 array_rule: K_TRACKS $@113 trackPattern ';' •

    $default  使用规则 887 以归约 (array_rule)


状态 1285

  794 gcellPattern: K_X int_number • K_DO int_number K_STEP int_number

    K_DO  偏移，并进入状态 1561


状态 1286

  795 gcellPattern: K_Y int_number • K_DO int_number K_STEP int_number

    K_DO  偏移，并进入状态 1562


状态 1287

  890 array_rule: K_GCELLGRID $@114 gcellPattern ';' •

    $default  使用规则 890 以归约 (array_rule)


状态 1288

  891 array_rule: K_DEFAULTCAP int_number cap_list K_END • K_DEFAULTCAP

    K_DEFAULTCAP  偏移，并进入状态 1563


状态 1289

  902 one_cap: K_MINPINS • int_number K_WIRECAP int_number ';'

    NUMBER  偏移，并进入状态 97

    int_number  转到状态 1564


状态 1290

  901 cap_list: cap_list one_cap •

    $default  使用规则 901 以归约 (cap_list)


状态 1291

  881 array_rule: site_word $@110 sitePattern ';' •

    $default  使用规则 881 以归约 (array_rule)


状态 1292

  877 end_array: K_END $@109 T_STRING •

    $default  使用规则 877 以归约 (end_array)


状态 1293

  888 array_rule: floorplan_start floorplan_list K_END T_STRING •

    $default  使用规则 888 以归约 (array_rule)


状态 1294

  897 floorplan_element: K_CANPLACE $@115 • sitePattern ';'

    T_STRING  偏移，并进入状态 977

    sitePattern  转到状态 1565


状态 1295

  899 floorplan_element: K_CANNOTOCCUPY $@116 • sitePattern ';'

    T_STRING  偏移，并进入状态 977

    sitePattern  转到状态 1566


状态 1296

  489 nd_layer: K_LAYER • $@67 T_STRING $@68 K_WIDTH int_number ';' $@69 nd_layer_stmts K_END $@70 T_STRING

    $default  使用规则 485 以归约 ($@67)

    $@67  转到状态 1567


状态 1297

  482 nd_prop: T_STRING • T_STRING
  483        | T_STRING • QSTRING
  484        | T_STRING • NUMBER

    T_STRING  偏移，并进入状态 1568
    QSTRING   偏移，并进入状态 1569
    NUMBER    偏移，并进入状态 1570


状态 1298

  479 nd_prop: K_PROPERTY • $@66 nd_prop_list ';'

    $default  使用规则 478 以归约 ($@66)

    $@66  转到状态 1571


状态 1299

  477 mincuts: K_MINCUTS • T_STRING int_number ';'

    T_STRING  偏移，并进入状态 1572


状态 1300

  475 usevia: K_USEVIA • T_STRING ';'

    T_STRING  偏移，并进入状态 1573


状态 1301

  476 useviarule: K_USEVIARULE • T_STRING ';'

    T_STRING  偏移，并进入状态 1574


状态 1302

  469 nd_rule: via •

    $default  使用规则 469 以归约 (nd_rule)


状态 1303

  470 nd_rule: spacing_rule •

    $default  使用规则 470 以归约 (nd_rule)


状态 1304

  461 nondefault_rule: K_NONDEFAULTRULE $@63 T_STRING $@64 nd_hardspacing nd_rules $@65 • end_nd_rule

    K_END  偏移，并进入状态 1575

    end_nd_rule  转到状态 1576


状态 1305

  467 nd_rules: nd_rules nd_rule •

    $default  使用规则 467 以归约 (nd_rules)


状态 1306

  472 nd_rule: usevia •

    $default  使用规则 472 以归约 (nd_rule)


状态 1307

  473 nd_rule: useviarule •

    $default  使用规则 473 以归约 (nd_rule)


状态 1308

  474 nd_rule: mincuts •

    $default  使用规则 474 以归约 (nd_rule)


状态 1309

  471 nd_rule: nd_prop •

    $default  使用规则 471 以归约 (nd_rule)


状态 1310

  468 nd_rule: nd_layer •

    $default  使用规则 468 以归约 (nd_rule)


状态 1311

  916 then: K_THEN •

    $default  使用规则 916 以归约 (then)


状态 1312

  917 then: '\n' • K_THEN

    K_THEN  偏移，并进入状态 1577


状态 1313

  926 expression: K_IF b_expr then • expression else expression

    NUMBER  偏移，并进入状态 97
    K_IF    偏移，并进入状态 610
    '-'     偏移，并进入状态 611
    '('     偏移，并进入状态 612

    int_number  转到状态 613
    expression  转到状态 1578


状态 1314

  925 expression: '(' expression ')' •

    $default  使用规则 925 以归约 (expression)


状态 1315

  920 expression: expression • '+' expression
  921           | expression • '-' expression
  921           | expression '-' expression •
  922           | expression • '*' expression
  923           | expression • '/' expression

    '*'  偏移，并进入状态 1000
    '/'  偏移，并进入状态 1001

    $default  使用规则 921 以归约 (expression)


状态 1316

  920 expression: expression • '+' expression
  920           | expression '+' expression •
  921           | expression • '-' expression
  922           | expression • '*' expression
  923           | expression • '/' expression

    '*'  偏移，并进入状态 1000
    '/'  偏移，并进入状态 1001

    $default  使用规则 920 以归约 (expression)


状态 1317

  920 expression: expression • '+' expression
  921           | expression • '-' expression
  922           | expression • '*' expression
  922           | expression '*' expression •
  923           | expression • '/' expression

    $default  使用规则 922 以归约 (expression)


状态 1318

  920 expression: expression • '+' expression
  921           | expression • '-' expression
  922           | expression • '*' expression
  923           | expression • '/' expression
  923           | expression '/' expression •

    $default  使用规则 923 以归约 (expression)


状态 1319

  945 s_expr: K_IF b_expr then • s_expr else s_expr

    QSTRING  偏移，并进入状态 615
    K_IF     偏移，并进入状态 616
    '('      偏移，并进入状态 617

    s_expr  转到状态 1579


状态 1320

  944 s_expr: '(' s_expr ')' •

    $default  使用规则 944 以归约 (s_expr)


状态 1321

  943 s_expr: s_expr • '+' s_expr
  943       | s_expr '+' s_expr •

    $default  使用规则 943 以归约 (s_expr)


状态 1322

  926 expression: K_IF b_expr then • expression else expression
  940 b_expr: K_IF b_expr then • b_expr else b_expr
  945 s_expr: K_IF b_expr then • s_expr else s_expr

    QSTRING  偏移，并进入状态 615
    NUMBER   偏移，并进入状态 97
    K_IF     偏移，并进入状态 619
    K_FALSE  偏移，并进入状态 620
    K_TRUE   偏移，并进入状态 621
    K_NOT    偏移，并进入状态 622
    '-'      偏移，并进入状态 611
    '('      偏移，并进入状态 623

    int_number  转到状态 613
    expression  转到状态 1580
    b_expr      转到状态 1581
    s_expr      转到状态 1582


状态 1323

  939 b_expr: '(' b_expr ')' •

    $default  使用规则 939 以归约 (b_expr)


状态 1324

  920 expression: expression • '+' expression
  921           | expression • '-' expression
  922           | expression • '*' expression
  923           | expression • '/' expression
  930 b_expr: expression K_OR expression •

    '-'  偏移，并进入状态 998
    '+'  偏移，并进入状态 999
    '*'  偏移，并进入状态 1000
    '/'  偏移，并进入状态 1001

    $default  使用规则 930 以归约 (b_expr)


状态 1325

  920 expression: expression • '+' expression
  921           | expression • '-' expression
  922           | expression • '*' expression
  923           | expression • '/' expression
  929 b_expr: expression K_AND expression •

    '-'  偏移，并进入状态 998
    '+'  偏移，并进入状态 999
    '*'  偏移，并进入状态 1000
    '/'  偏移，并进入状态 1001

    $default  使用规则 929 以归约 (b_expr)


状态 1326

  920 expression: expression • '+' expression
  921           | expression • '-' expression
  922           | expression • '*' expression
  923           | expression • '/' expression
  928 b_expr: expression relop expression •

    '-'  偏移，并进入状态 998
    '+'  偏移，并进入状态 999
    '*'  偏移，并进入状态 1000
    '/'  偏移，并进入状态 1001

    $default  使用规则 928 以归约 (b_expr)


状态 1327

  934 b_expr: b_expr • K_EQ b_expr
  934       | b_expr K_EQ b_expr •
  935       | b_expr • K_NE b_expr
  936       | b_expr • K_AND b_expr
  937       | b_expr • K_OR b_expr

    $default  使用规则 934 以归约 (b_expr)


状态 1328

  934 b_expr: b_expr • K_EQ b_expr
  935       | b_expr • K_NE b_expr
  935       | b_expr K_NE b_expr •
  936       | b_expr • K_AND b_expr
  937       | b_expr • K_OR b_expr

    $default  使用规则 935 以归约 (b_expr)


状态 1329

  934 b_expr: b_expr • K_EQ b_expr
  935       | b_expr • K_NE b_expr
  936       | b_expr • K_AND b_expr
  937       | b_expr • K_OR b_expr
  937       | b_expr K_OR b_expr •

    K_EQ  偏移，并进入状态 1026
    K_NE  偏移，并进入状态 1027

    $default  使用规则 937 以归约 (b_expr)


状态 1330

  934 b_expr: b_expr • K_EQ b_expr
  935       | b_expr • K_NE b_expr
  936       | b_expr • K_AND b_expr
  936       | b_expr K_AND b_expr •
  937       | b_expr • K_OR b_expr

    K_EQ  偏移，并进入状态 1026
    K_NE  偏移，并进入状态 1027
    K_OR  偏移，并进入状态 1028

    $default  使用规则 936 以归约 (b_expr)


状态 1331

  933 b_expr: s_expr K_OR s_expr •
  943 s_expr: s_expr • '+' s_expr

    '+'  偏移，并进入状态 1007

    $default  使用规则 933 以归约 (b_expr)


状态 1332

  932 b_expr: s_expr K_AND s_expr •
  943 s_expr: s_expr • '+' s_expr

    '+'  偏移，并进入状态 1007

    $default  使用规则 932 以归约 (b_expr)


状态 1333

  931 b_expr: s_expr relop s_expr •
  943 s_expr: s_expr • '+' s_expr

    '+'  偏移，并进入状态 1007

    $default  使用规则 931 以归约 (b_expr)


状态 1334

  978 prop_define: K_STRING •
  979            | K_STRING • QSTRING

    QSTRING  偏移，并进入状态 1583

    $default  使用规则 978 以归约 (prop_define)


状态 1335

  976 prop_define: K_INTEGER • opt_def_range opt_def_dvalue

    K_RANGE  偏移，并进入状态 1584

    $default  使用规则 993 以归约 (opt_def_range)

    opt_def_range  转到状态 1585


状态 1336

  977 prop_define: K_REAL • opt_def_range opt_def_value

    K_RANGE  偏移，并进入状态 1584

    $default  使用规则 993 以归约 (opt_def_range)

    opt_def_range  转到状态 1586


状态 1337

  980 prop_define: K_NAMEMAPSTRING • T_STRING

    T_STRING  偏移，并进入状态 1587


状态 1338

  963 prop_stmt: K_COMPONENTPIN $@124 T_STRING prop_define • ';'

    ';'  偏移，并进入状态 1588


状态 1339

  973 prop_stmt: K_LAYER $@129 T_STRING prop_define • ';'

    ';'  偏移，并进入状态 1589


状态 1340

  961 prop_stmt: K_LIBRARY $@123 T_STRING prop_define • ';'

    ';'  偏移，并进入状态 1590


状态 1341

  967 prop_stmt: K_MACRO $@126 T_STRING prop_define • ';'

    ';'  偏移，并进入状态 1591


状态 1342

  975 prop_stmt: K_NONDEFAULTRULE $@130 T_STRING prop_define • ';'

    ';'  偏移，并进入状态 1592


状态 1343

  965 prop_stmt: K_PIN $@125 T_STRING prop_define • ';'

    ';'  偏移，并进入状态 1593


状态 1344

  969 prop_stmt: K_VIA $@127 T_STRING prop_define • ';'

    ';'  偏移，并进入状态 1594


状态 1345

  971 prop_stmt: K_VIARULE $@128 T_STRING prop_define • ';'

    ';'  偏移，并进入状态 1595


状态 1346

  1055 correction_table_item: K_EDGERATE int_number ';' •

    $default  使用规则 1055 以归约 (correction_table_item)


状态 1347

  1059 numo_list: int_number •

    $default  使用规则 1059 以归约 (numo_list)


状态 1348

  1058 output_list: K_OUTPUTRESISTANCE $@144 numo_list • ';' corr_victim_list
  1060 numo_list: numo_list • int_number

    NUMBER  偏移，并进入状态 97
    ';'     偏移，并进入状态 1596

    int_number  转到状态 1597


状态 1349

  1052 end_correctiontable: K_END K_CORRECTIONTABLE •

    $default  使用规则 1052 以归约 (end_correctiontable)


状态 1350

  1051 correctiontable: K_CORRECTIONTABLE int_number ';' $@143 correction_table_list end_correctiontable dtrm •

    $default  使用规则 1051 以归约 (correctiontable)


状态 1351

  1038 noise_table_entry: K_EDGERATE int_number ';' •

    $default  使用规则 1038 以归约 (noise_table_entry)


状态 1352

  1042 num_list: int_number •

    $default  使用规则 1042 以归约 (num_list)


状态 1353

  1041 output_resistance_entry: K_OUTPUTRESISTANCE $@141 num_list • ';' victim_list
  1043 num_list: num_list • int_number

    NUMBER  偏移，并进入状态 97
    ';'     偏移，并进入状态 1598

    int_number  转到状态 1599


状态 1354

  1035 end_noisetable: K_END K_NOISETABLE •

    $default  使用规则 1035 以归约 (end_noisetable)


状态 1355

  1034 noisetable: K_NOISETABLE int_number $@140 ';' noise_table_list end_noisetable dtrm •

    $default  使用规则 1034 以归约 (noisetable)


状态 1356

  331 maxstack_via: K_MAXVIASTACK int_number K_RANGE $@47 T_STRING T_STRING ';' •

    $default  使用规则 331 以归约 (maxstack_via)


状态 1357

  268 cap_point: '(' • int_number int_number ')'

    NUMBER  偏移，并进入状态 97

    int_number  转到状态 1600


状态 1358

  107 layer_option: K_CAPACITANCE K_CPERSQDIST K_PWL '(' cap_points • ')' ';'
  267 cap_points: cap_points • cap_point

    '('  偏移，并进入状态 1357
    ')'  偏移，并进入状态 1601

    cap_point  转到状态 1602


状态 1359

  266 cap_points: cap_point •

    $default  使用规则 266 以归约 (cap_points)


状态 1360

  271 res_point: '(' • int_number int_number ')'

    NUMBER  偏移，并进入状态 97

    int_number  转到状态 1603


状态 1361

  105 layer_option: K_RESISTANCE K_RPERSQ K_PWL '(' res_points • ')' ';'
  270 res_points: res_points • res_point

    '('  偏移，并进入状态 1360
    ')'  偏移，并进入状态 1604

    res_point  转到状态 1605


状态 1362

  269 res_points: res_point •

    $default  使用规则 269 以归约 (res_points)


状态 1363

  1003 layer_spacing_opt: K_SAMENET $@132 • opt_samenetPGonly

    K_PGONLY  偏移，并进入状态 1606

    $default  使用规则 991 以归约 (opt_samenetPGonly)

    opt_samenetPGonly  转到状态 1607


状态 1364

  1011 layer_spacing_cut_routing: K_AREA • NUMBER

    NUMBER  偏移，并进入状态 1608


状态 1365

  1008 layer_spacing_cut_routing: K_LAYER • $@133 T_STRING $@134 spacing_cut_layer_opt

    $default  使用规则 1006 以归约 ($@133)

    $@133  转到状态 1609


状态 1366

  1013 layer_spacing_cut_routing: K_RANGE • int_number int_number $@136 opt_range_second

    NUMBER  偏移，并进入状态 97

    int_number  转到状态 1610


状态 1367

  1014 layer_spacing_cut_routing: K_LENGTHTHRESHOLD • int_number
  1015                          | K_LENGTHTHRESHOLD • int_number K_RANGE int_number int_number

    NUMBER  偏移，并进入状态 97

    int_number  转到状态 1611


状态 1368

  1010 layer_spacing_cut_routing: K_ADJACENTCUTS • int_number K_WITHIN int_number $@135 opt_adjacentcuts_exceptsame

    NUMBER  偏移，并进入状态 97

    int_number  转到状态 1612


状态 1369

  1017 layer_spacing_cut_routing: K_ENDOFLINE • int_number K_WITHIN int_number $@137 opt_endofline

    NUMBER  偏移，并进入状态 97

    int_number  转到状态 1613


状态 1370

  1019 layer_spacing_cut_routing: K_ENDOFNOTCHWIDTH • int_number K_NOTCHSPACING int_number K_NOTCHLENGTH int_number

    NUMBER  偏移，并进入状态 97

    int_number  转到状态 1614


状态 1371

  1018 layer_spacing_cut_routing: K_NOTCHLENGTH • int_number

    NUMBER  偏移，并进入状态 97

    int_number  转到状态 1615


状态 1372

  100 layer_option: K_SPACING int_number $@6 layer_spacing_opts layer_spacing_cut_routing • ';'

    ';'  偏移，并进入状态 1616


状态 1373

  1000 layer_spacing_opts: layer_spacing_opt layer_spacing_opts •

    $default  使用规则 1000 以归约 (layer_spacing_opts)


状态 1374

  265 current_density_pwl: '(' int_number • int_number ')'

    NUMBER  偏移，并进入状态 97

    int_number  转到状态 1617


状态 1375

  116 layer_option: K_CURRENTDEN K_PWL '(' current_density_pwl_list ')' • ';'

    ';'  偏移，并进入状态 1618


状态 1376

  264 current_density_pwl_list: current_density_pwl_list current_density_pwl •

    $default  使用规则 264 以归约 (current_density_pwl_list)


状态 1377

  117 layer_option: K_CURRENTDEN '(' int_number int_number ')' • ';'

    ';'  偏移，并进入状态 1619


状态 1378

  246 layer_frequency: K_FREQUENCY NUMBER • $@39 number_list ';' $@40 ac_layer_table_opt K_TABLEENTRIES NUMBER $@41 number_list ';'

    $default  使用规则 243 以归约 ($@39)

    $@39  转到状态 1620


状态 1379

  129 layer_option: K_DCCURRENTDENSITY K_AVERAGE K_WIDTH int_number $@12 • int_number_list ';' $@13 dc_layer_table

    $default  使用规则 254 以归约 (int_number_list)

    int_number_list  转到状态 1621


状态 1380

  126 layer_option: K_DCCURRENTDENSITY K_AVERAGE K_CUTAREA NUMBER $@10 • number_list ';' $@11 dc_layer_table

    $default  使用规则 256 以归约 (number_list)

    number_list  转到状态 1622


状态 1381

  234 layer_antenna_pwl: K_PWL '(' pt • pt $@38 layer_diffusion_ratios ')'

    NUMBER  偏移，并进入状态 97
    '('     偏移，并进入状态 514

    int_number  转到状态 515
    pt          转到状态 1623


状态 1382

  137 layer_option: K_ANTENNAAREAFACTOR int_number $@16 layer_antenna_duo ';' •

    $default  使用规则 137 以归约 (layer_option)


状态 1383

  145 layer_option: K_ANTENNASIDEAREAFACTOR int_number $@19 layer_antenna_duo ';' •

    $default  使用规则 145 以归约 (layer_option)


状态 1384

  172 layer_option: K_MINIMUMCUT int_number K_WIDTH int_number $@24 • layer_minimumcut_within layer_minimumcut_from layer_minimumcut_length ';'

    K_WITHIN  偏移，并进入状态 1624

    $default  使用规则 217 以归约 (layer_minimumcut_within)

    layer_minimumcut_within  转到状态 1625


状态 1385

  179 layer_option: K_ENCLOSURE layer_enclosure_type_opt int_number int_number $@27 • layer_enclosure_width_opt ';'

    K_WIDTH   偏移，并进入状态 1626
    K_LENGTH  偏移，并进入状态 1627

    $default  使用规则 209 以归约 (layer_enclosure_width_opt)

    layer_enclosure_width_opt  转到状态 1628


状态 1386

  283 layer_minen_width: K_WIDTH int_number •

    $default  使用规则 283 以归约 (layer_minen_width)


状态 1387

  170 layer_option: K_MINENCLOSEDAREA NUMBER $@23 layer_minen_width ';' •

    $default  使用规则 170 以归约 (layer_option)


状态 1388

  231 layer_minstep_type: K_STEP •

    $default  使用规则 231 以归约 (layer_minstep_type)


状态 1389

  229 layer_minstep_type: K_INSIDECORNER •

    $default  使用规则 229 以归约 (layer_minstep_type)


状态 1390

  227 layer_minstep_option: K_LENGTHSUM • int_number

    NUMBER  偏移，并进入状态 97

    int_number  转到状态 1629


状态 1391

  230 layer_minstep_type: K_OUTSIDECORNER •

    $default  使用规则 230 以归约 (layer_minstep_type)


状态 1392

  228 layer_minstep_option: K_MAXEDGES • int_number

    NUMBER  偏移，并进入状态 97

    int_number  转到状态 1630


状态 1393

  174 layer_option: K_MINSTEP int_number $@25 layer_minstep_options ';' •

    $default  使用规则 174 以归约 (layer_option)


状态 1394

  225 layer_minstep_options: layer_minstep_options layer_minstep_option •

    $default  使用规则 225 以归约 (layer_minstep_options)


状态 1395

  226 layer_minstep_option: layer_minstep_type •

    $default  使用规则 226 以归约 (layer_minstep_option)


状态 1396

  175 layer_option: K_PROTRUSIONWIDTH int_number K_LENGTH int_number K_WIDTH • int_number ';'

    NUMBER  偏移，并进入状态 97

    int_number  转到状态 1631


状态 1397

  102 layer_option: K_SPACINGTABLE K_ORTHOGONAL K_WITHIN int_number K_SPACING • int_number $@7 layer_spacingtable_opts ';'

    NUMBER  偏移，并进入状态 97

    int_number  转到状态 1632


状态 1398

  202 sp_options: K_INFLUENCE K_WIDTH int_number • K_WITHIN int_number K_SPACING int_number $@36 layer_sp_influence_widths

    K_WITHIN  偏移，并进入状态 1633


状态 1399

  197 sp_options: K_PARALLELRUNLENGTH int_number $@30 • int_number_list $@31 K_WIDTH int_number $@32 int_number_list $@33 layer_sp_parallel_widths

    $default  使用规则 254 以归约 (int_number_list)

    int_number_list  转到状态 1634


状态 1400

  200 sp_options: K_TWOWIDTHS K_WIDTH int_number • layer_sp_TwoWidthsPRL int_number $@34 int_number_list $@35 layer_sp_TwoWidths

    K_PRL  偏移，并进入状态 1635

    $default  使用规则 324 以归约 (layer_sp_TwoWidthsPRL)

    layer_sp_TwoWidthsPRL  转到状态 1636


状态 1401

  185 layer_option: K_MINSIZE $@29 firstPt otherPts ';' •

    $default  使用规则 185 以归约 (layer_option)


状态 1402

  773 nextPt: pt •

    $default  使用规则 773 以归约 (nextPt)


状态 1403

  775 otherPts: otherPts nextPt •

    $default  使用规则 775 以归约 (otherPts)


状态 1404

  181 layer_option: K_PREFERENCLOSURE layer_enclosure_type_opt int_number int_number $@28 • layer_preferenclosure_width_opt ';'

    K_WIDTH  偏移，并进入状态 1637

    $default  使用规则 215 以归约 (layer_preferenclosure_width_opt)

    layer_preferenclosure_width_opt  转到状态 1638


状态 1405

  189 layer_arraySpacing_width: K_WIDTH int_number •

    $default  使用规则 189 以归约 (layer_arraySpacing_width)


状态 1406

   86 layer_option: K_ARRAYSPACING $@4 layer_arraySpacing_long layer_arraySpacing_width K_CUTSPACING • int_number $@5 layer_arraySpacing_arraycuts ';'

    NUMBER  偏移，并进入状态 97

    int_number  转到状态 1639


状态 1407

  153 layer_option: K_ANTENNAAREADIFFREDUCEPWL '(' pt pt $@21 • layer_diffusion_ratios ')' ';' $@22

    $default  使用规则 235 以归约 (layer_diffusion_ratios)

    layer_diffusion_ratios  转到状态 1640


状态 1408

  341 via_viarule: K_VIARULE $@49 T_STRING ';' K_CUTSIZE • int_number int_number ';' K_LAYERS $@50 T_STRING T_STRING T_STRING ';' K_CUTSPACING int_number int_number ';' K_ENCLOSURE int_number int_number int_number int_number ';' $@51 via_viarule_options

    NUMBER  偏移，并进入状态 97

    int_number  转到状态 1641


状态 1409

  525 pt: '(' int_number int_number ')' •

    $default  使用规则 525 以归约 (pt)


状态 1410

  394 via_geometry: K_POLYGON maskColor $@56 • firstPt nextPt nextPt otherPts ';'

    NUMBER  偏移，并进入状态 97
    '('     偏移，并进入状态 514

    int_number  转到状态 515
    pt          转到状态 766
    firstPt     转到状态 1642


状态 1411

  392 via_geometry: K_RECT maskColor pt • pt ';'

    NUMBER  偏移，并进入状态 97
    '('     偏移，并进入状态 514

    int_number  转到状态 515
    pt          转到状态 1643


状态 1412

  401 viarule_generate: viarule_keyword K_GENERATE viarule_generate_default $@59 viarule_layer_list opt_viarule_props end_viarule •

    $default  使用规则 401 以归约 (viarule_generate)


状态 1413

  411 viarule_prop: K_PROPERTY $@60 viarule_prop_list ';' •

    $default  使用规则 411 以归约 (viarule_prop)


状态 1414

  413 viarule_prop_list: viarule_prop_list viarule_prop •

    $default  使用规则 413 以归约 (viarule_prop_list)


状态 1415

  435 end_viarule: K_END $@62 T_STRING •

    $default  使用规则 435 以归约 (end_viarule)


状态 1416

  429 viarule_layer_option: K_RECT pt pt ';' •

    $default  使用规则 429 以归约 (viarule_layer_option)


状态 1417

  430 viarule_layer_option: K_SPACING int_number K_BY int_number • ';'

    ';'  偏移，并进入状态 1644


状态 1418

  428 viarule_layer_option: K_WIDTH int_number K_TO int_number • ';'

    ';'  偏移，并进入状态 1645


状态 1419

  427 viarule_layer_option: K_ENCLOSURE int_number int_number ';' •

    $default  使用规则 427 以归约 (viarule_layer_option)


状态 1420

  442 spacing: samenet_keyword T_STRING T_STRING int_number K_STACK • ';'

    ';'  偏移，并进入状态 1646


状态 1421

  441 spacing: samenet_keyword T_STRING T_STRING int_number ';' •

    $default  使用规则 441 以归约 (spacing)


状态 1422

  505 site_option: K_SIZE int_number K_BY int_number ';' •

    $default  使用规则 505 以归约 (site_option)


状态 1423

  523 site_rowpattern: T_STRING orientation • $@74

    $default  使用规则 522 以归约 ($@74)

    $@74  转到状态 1647


状态 1424

  621 macro_size: K_SIZE int_number K_BY int_number ';' •

    $default  使用规则 621 以归约 (macro_size)


状态 1425

  804 density_layer: K_LAYER $@101 T_STRING ';' • $@102 density_layer_rect density_layer_rects

    $default  使用规则 803 以归约 ($@102)

    $@102  转到状态 1648


状态 1426

  781 sitePattern: T_STRING int_number int_number orientation • K_DO int_number K_BY int_number K_STEP int_number int_number
  782            | T_STRING int_number int_number orientation •

    K_DO  偏移，并进入状态 1649

    $default  使用规则 782 以归约 (sitePattern)


状态 1427

  658 macro_pin_option: K_CAPACITANCE int_number ';' •

    $default  使用规则 658 以归约 (macro_pin_option)


状态 1428

  663 macro_pin_option: K_CURRENTSOURCE K_ACTIVE ';' •

    $default  使用规则 663 以归约 (macro_pin_option)


状态 1429

  664 macro_pin_option: K_CURRENTSOURCE K_RESISTIVE ';' •

    $default  使用规则 664 以归约 (macro_pin_option)


状态 1430

  735 electrical_direction: K_DIRECTION K_FEEDTHRU ';' •

    $default  使用规则 735 以归约 (electrical_direction)


状态 1431

  734 electrical_direction: K_DIRECTION K_INOUT ';' •

    $default  使用规则 734 以归约 (electrical_direction)


状态 1432

  731 electrical_direction: K_DIRECTION K_INPUT ';' •

    $default  使用规则 731 以归约 (electrical_direction)


状态 1433

  733 electrical_direction: K_DIRECTION K_OUTPUT K_TRISTATE • ';'

    ';'  偏移，并进入状态 1650


状态 1434

  732 electrical_direction: K_DIRECTION K_OUTPUT ';' •

    $default  使用规则 732 以归约 (electrical_direction)


状态 1435

  626 end_macro_pin: K_END $@82 T_STRING •

    $default  使用规则 626 以归约 (end_macro_pin)


状态 1436

  645 macro_pin_option: K_FALLSATCUR int_number ';' •

    $default  使用规则 645 以归约 (macro_pin_option)


状态 1437

  643 macro_pin_option: K_FALLTHRESH int_number ';' •

    $default  使用规则 643 以归约 (macro_pin_option)


状态 1438

  657 macro_pin_option: K_INPUTNOISEMARGIN $@87 int_number • int_number ';'

    NUMBER  偏移，并进入状态 97

    int_number  转到状态 1651


状态 1439

  667 macro_pin_option: K_IV_TABLES T_STRING T_STRING • ';'

    ';'  偏移，并进入状态 1652


状态 1440

  641 macro_pin_option: K_LEAKAGE int_number ';' •

    $default  使用规则 641 以归约 (macro_pin_option)


状态 1441

  636 macro_pin_option: K_LEQ $@83 T_STRING • ';'

    ';'  偏移，并进入状态 1653


状态 1442

  659 macro_pin_option: K_MAXDELAY int_number ';' •

    $default  使用规则 659 以归约 (macro_pin_option)


状态 1443

  660 macro_pin_option: K_MAXLOAD int_number ';' •

    $default  使用规则 660 以归约 (macro_pin_option)


状态 1444

  651 macro_pin_option: K_MUSTJOIN $@84 T_STRING • ';'

    ';'  偏移，并进入状态 1654


状态 1445

  653 macro_pin_option: K_OUTPUTNOISEMARGIN $@85 int_number • int_number ';'

    NUMBER  偏移，并进入状态 97

    int_number  转到状态 1655


状态 1446

  637 macro_pin_option: K_POWER int_number ';' •

    $default  使用规则 637 以归约 (macro_pin_option)


状态 1447

  662 macro_pin_option: K_PULLDOWNRES int_number ';' •

    $default  使用规则 662 以归约 (macro_pin_option)


状态 1448

  661 macro_pin_option: K_RESISTANCE int_number ';' •

    $default  使用规则 661 以归约 (macro_pin_option)


状态 1449

  644 macro_pin_option: K_RISESATCUR int_number ';' •

    $default  使用规则 644 以归约 (macro_pin_option)


状态 1450

  642 macro_pin_option: K_RISETHRESH int_number ';' •

    $default  使用规则 642 以归约 (macro_pin_option)


状态 1451

  665 macro_pin_option: K_RISEVOLTAGETHRESHOLD int_number ';' •

    $default  使用规则 665 以归约 (macro_pin_option)


状态 1452

  666 macro_pin_option: K_FALLVOLTAGETHRESHOLD int_number ';' •

    $default  使用规则 666 以归约 (macro_pin_option)


状态 1453

  640 macro_pin_option: K_SCANUSE macro_scan_use ';' •

    $default  使用规则 640 以归约 (macro_pin_option)


状态 1454

  649 macro_pin_option: K_SHAPE pin_shape ';' •

    $default  使用规则 649 以归约 (macro_pin_option)


状态 1455

  648 macro_pin_option: K_TIEOFFR int_number ';' •

    $default  使用规则 648 以归约 (macro_pin_option)


状态 1456

  639 macro_pin_option: K_USE macro_pin_use ';' •

    $default  使用规则 639 以归约 (macro_pin_option)


状态 1457

  647 macro_pin_option: K_VHI int_number ';' •

    $default  使用规则 647 以归约 (macro_pin_option)


状态 1458

  646 macro_pin_option: K_VLO int_number ';' •

    $default  使用规则 646 以归约 (macro_pin_option)


状态 1459

  728 pin_name_value_pair: T_STRING • NUMBER
  729                    | T_STRING • QSTRING
  730                    | T_STRING • T_STRING

    T_STRING  偏移，并进入状态 1656
    QSTRING   偏移，并进入状态 1657
    NUMBER    偏移，并进入状态 1658


状态 1460

  670 macro_pin_option: K_PROPERTY $@88 pin_prop_list • ';'
  727 pin_prop_list: pin_prop_list • pin_name_value_pair

    T_STRING  偏移，并进入状态 1459
    ';'       偏移，并进入状态 1659

    pin_name_value_pair  转到状态 1660


状态 1461

  726 pin_prop_list: pin_name_value_pair •

    $default  使用规则 726 以归约 (pin_prop_list)


状态 1462

  655 macro_pin_option: K_OUTPUTRESISTANCE $@86 int_number • int_number ';'

    NUMBER  偏移，并进入状态 97

    int_number  转到状态 1661


状态 1463

  668 macro_pin_option: K_TAPERRULE T_STRING ';' •

    $default  使用规则 668 以归约 (macro_pin_option)


状态 1464

  1026 opt_layer_name: K_LAYER • $@138 T_STRING

    $default  使用规则 1025 以归约 ($@138)

    $@138  转到状态 1662


状态 1465

  673 macro_pin_option: K_ANTENNASIZE int_number opt_layer_name • ';'

    ';'  偏移，并进入状态 1663


状态 1466

  675 macro_pin_option: K_ANTENNAMETALLENGTH int_number opt_layer_name • ';'

    ';'  偏移，并进入状态 1664


状态 1467

  674 macro_pin_option: K_ANTENNAMETALAREA NUMBER opt_layer_name • ';'

    ';'  偏移，并进入状态 1665


状态 1468

  676 macro_pin_option: K_RISESLEWLIMIT int_number ';' •

    $default  使用规则 676 以归约 (macro_pin_option)


状态 1469

  677 macro_pin_option: K_FALLSLEWLIMIT int_number ';' •

    $default  使用规则 677 以归约 (macro_pin_option)


状态 1470

  678 macro_pin_option: K_ANTENNAPARTIALMETALAREA NUMBER opt_layer_name • ';'

    ';'  偏移，并进入状态 1666


状态 1471

  679 macro_pin_option: K_ANTENNAPARTIALMETALSIDEAREA NUMBER opt_layer_name • ';'

    ';'  偏移，并进入状态 1667


状态 1472

  682 macro_pin_option: K_ANTENNAGATEAREA NUMBER opt_layer_name • ';'

    ';'  偏移，并进入状态 1668


状态 1473

  681 macro_pin_option: K_ANTENNADIFFAREA NUMBER opt_layer_name • ';'

    ';'  偏移，并进入状态 1669


状态 1474

  1028 req_layer_name: K_LAYER • $@139 T_STRING

    $default  使用规则 1027 以归约 ($@139)

    $@139  转到状态 1670


状态 1475

  683 macro_pin_option: K_ANTENNAMAXAREACAR NUMBER req_layer_name • ';'

    ';'  偏移，并进入状态 1671


状态 1476

  684 macro_pin_option: K_ANTENNAMAXSIDEAREACAR NUMBER req_layer_name • ';'

    ';'  偏移，并进入状态 1672


状态 1477

  680 macro_pin_option: K_ANTENNAPARTIALCUTAREA NUMBER opt_layer_name • ';'

    ';'  偏移，并进入状态 1673


状态 1478

  685 macro_pin_option: K_ANTENNAMAXCUTCAR NUMBER req_layer_name • ';'

    ';'  偏移，并进入状态 1674


状态 1479

  694 pin_layer_oxide: K_OXIDE1 •

    $default  使用规则 694 以归约 (pin_layer_oxide)


状态 1480

  695 pin_layer_oxide: K_OXIDE2 •

    $default  使用规则 695 以归约 (pin_layer_oxide)


状态 1481

  696 pin_layer_oxide: K_OXIDE3 •

    $default  使用规则 696 以归约 (pin_layer_oxide)


状态 1482

  697 pin_layer_oxide: K_OXIDE4 •

    $default  使用规则 697 以归约 (pin_layer_oxide)


状态 1483

  698 pin_layer_oxide: K_OXIDE5 •

    $default  使用规则 698 以归约 (pin_layer_oxide)


状态 1484

  699 pin_layer_oxide: K_OXIDE6 •

    $default  使用规则 699 以归约 (pin_layer_oxide)


状态 1485

  700 pin_layer_oxide: K_OXIDE7 •

    $default  使用规则 700 以归约 (pin_layer_oxide)


状态 1486

  701 pin_layer_oxide: K_OXIDE8 •

    $default  使用规则 701 以归约 (pin_layer_oxide)


状态 1487

  702 pin_layer_oxide: K_OXIDE9 •

    $default  使用规则 702 以归约 (pin_layer_oxide)


状态 1488

  703 pin_layer_oxide: K_OXIDE10 •

    $default  使用规则 703 以归约 (pin_layer_oxide)


状态 1489

  704 pin_layer_oxide: K_OXIDE11 •

    $default  使用规则 704 以归约 (pin_layer_oxide)


状态 1490

  705 pin_layer_oxide: K_OXIDE12 •

    $default  使用规则 705 以归约 (pin_layer_oxide)


状态 1491

  706 pin_layer_oxide: K_OXIDE13 •

    $default  使用规则 706 以归约 (pin_layer_oxide)


状态 1492

  707 pin_layer_oxide: K_OXIDE14 •

    $default  使用规则 707 以归约 (pin_layer_oxide)


状态 1493

  708 pin_layer_oxide: K_OXIDE15 •

    $default  使用规则 708 以归约 (pin_layer_oxide)


状态 1494

  709 pin_layer_oxide: K_OXIDE16 •

    $default  使用规则 709 以归约 (pin_layer_oxide)


状态 1495

  710 pin_layer_oxide: K_OXIDE17 •

    $default  使用规则 710 以归约 (pin_layer_oxide)


状态 1496

  711 pin_layer_oxide: K_OXIDE18 •

    $default  使用规则 711 以归约 (pin_layer_oxide)


状态 1497

  712 pin_layer_oxide: K_OXIDE19 •

    $default  使用规则 712 以归约 (pin_layer_oxide)


状态 1498

  713 pin_layer_oxide: K_OXIDE20 •

    $default  使用规则 713 以归约 (pin_layer_oxide)


状态 1499

  714 pin_layer_oxide: K_OXIDE21 •

    $default  使用规则 714 以归约 (pin_layer_oxide)


状态 1500

  715 pin_layer_oxide: K_OXIDE22 •

    $default  使用规则 715 以归约 (pin_layer_oxide)


状态 1501

  716 pin_layer_oxide: K_OXIDE23 •

    $default  使用规则 716 以归约 (pin_layer_oxide)


状态 1502

  717 pin_layer_oxide: K_OXIDE24 •

    $default  使用规则 717 以归约 (pin_layer_oxide)


状态 1503

  718 pin_layer_oxide: K_OXIDE25 •

    $default  使用规则 718 以归约 (pin_layer_oxide)


状态 1504

  719 pin_layer_oxide: K_OXIDE26 •

    $default  使用规则 719 以归约 (pin_layer_oxide)


状态 1505

  720 pin_layer_oxide: K_OXIDE27 •

    $default  使用规则 720 以归约 (pin_layer_oxide)


状态 1506

  721 pin_layer_oxide: K_OXIDE28 •

    $default  使用规则 721 以归约 (pin_layer_oxide)


状态 1507

  722 pin_layer_oxide: K_OXIDE29 •

    $default  使用规则 722 以归约 (pin_layer_oxide)


状态 1508

  723 pin_layer_oxide: K_OXIDE30 •

    $default  使用规则 723 以归约 (pin_layer_oxide)


状态 1509

  724 pin_layer_oxide: K_OXIDE31 •

    $default  使用规则 724 以归约 (pin_layer_oxide)


状态 1510

  725 pin_layer_oxide: K_OXIDE32 •

    $default  使用规则 725 以归约 (pin_layer_oxide)


状态 1511

  687 macro_pin_option: K_ANTENNAMODEL $@89 pin_layer_oxide • ';'

    ';'  偏移，并进入状态 1675


状态 1512

  693 macro_pin_option: K_GROUNDSENSITIVITY $@92 T_STRING • ';'

    ';'  偏移，并进入状态 1676


状态 1513

  689 macro_pin_option: K_NETEXPR $@90 QSTRING • ';'

    ';'  偏移，并进入状态 1677


状态 1514

  691 macro_pin_option: K_SUPPLYSENSITIVITY $@91 T_STRING • ';'

    ';'  偏移，并进入状态 1678


状态 1515

  632 macro_pin_option: start_foreign K_STRUCTURE ';' •

    $default  使用规则 632 以归约 (macro_pin_option)


状态 1516

  633 macro_pin_option: start_foreign K_STRUCTURE pt • ';'
  634                 | start_foreign K_STRUCTURE pt • orientation ';'

    K_N      偏移，并进入状态 497
    K_S      偏移，并进入状态 498
    K_E      偏移，并进入状态 499
    K_W      偏移，并进入状态 500
    K_FN     偏移，并进入状态 501
    K_FS     偏移，并进入状态 502
    K_FE     偏移，并进入状态 503
    K_FW     偏移，并进入状态 504
    K_R0     偏移，并进入状态 505
    K_R90    偏移，并进入状态 506
    K_R180   偏移，并进入状态 507
    K_R270   偏移，并进入状态 508
    K_MX     偏移，并进入状态 509
    K_MY     偏移，并进入状态 510
    K_MXR90  偏移，并进入状态 511
    K_MYR90  偏移，并进入状态 512
    ';'      偏移，并进入状态 1679

    orientation  转到状态 1680


状态 1517

  630 macro_pin_option: start_foreign pt ';' •

    $default  使用规则 630 以归约 (macro_pin_option)


状态 1518

  631 macro_pin_option: start_foreign pt orientation • ';'

    ';'  偏移，并进入状态 1681


状态 1519

  738 macro_port_class_option: K_CLASS class_type • ';'

    ';'  偏移，并进入状态 1682


状态 1520

  671 macro_pin_option: start_macro_port macro_port_class_option geometries • K_END

    K_END  偏移，并进入状态 1683


状态 1521

  756 geometry: K_LAYER $@93 T_STRING $@94 • layer_exceptpgnet layer_spacing ';'

    K_EXCEPTPGNET  偏移，并进入状态 1684

    $default  使用规则 767 以归约 (layer_exceptpgnet)

    layer_exceptpgnet  转到状态 1685


状态 1522

  759 geometry: K_PATH maskColor K_ITERATE firstPt • otherPts stepPattern ';'

    $default  使用规则 774 以归约 (otherPts)

    otherPts  转到状态 1686


状态 1523

  758 geometry: K_PATH maskColor firstPt otherPts • ';'
  775 otherPts: otherPts • nextPt

    NUMBER  偏移，并进入状态 97
    ';'     偏移，并进入状态 1687
    '('     偏移，并进入状态 514

    int_number  转到状态 515
    pt          转到状态 1402
    nextPt      转到状态 1403


状态 1524

  763 geometry: K_POLYGON maskColor K_ITERATE firstPt • nextPt nextPt otherPts stepPattern ';'

    NUMBER  偏移，并进入状态 97
    '('     偏移，并进入状态 514

    int_number  转到状态 515
    pt          转到状态 1402
    nextPt      转到状态 1688


状态 1525

  762 geometry: K_POLYGON maskColor firstPt nextPt • nextPt otherPts ';'

    NUMBER  偏移，并进入状态 97
    '('     偏移，并进入状态 514

    int_number  转到状态 515
    pt          转到状态 1402
    nextPt      转到状态 1689


状态 1526

  761 geometry: K_RECT maskColor K_ITERATE pt • pt stepPattern ';'

    NUMBER  偏移，并进入状态 97
    '('     偏移，并进入状态 514

    int_number  转到状态 515
    pt          转到状态 1690


状态 1527

  760 geometry: K_RECT maskColor pt pt • ';'

    ';'  偏移，并进入状态 1691


状态 1528

  779 via_placement: K_VIA K_ITERATE maskColor pt • $@96 T_STRING stepPattern ';'

    $default  使用规则 778 以归约 ($@96)

    $@96  转到状态 1692


状态 1529

  777 via_placement: K_VIA maskColor pt $@95 • T_STRING ';'

    T_STRING  偏移，并进入状态 1693


状态 1530

  827 timing_option: K_FALLCS int_number int_number • ';'

    ';'  偏移，并进入状态 1694


状态 1531

  831 timing_option: K_FALLT0 int_number int_number • ';'

    ';'  偏移，并进入状态 1695


状态 1532

  829 timing_option: K_FALLSATT1 int_number int_number • ';'

    ';'  偏移，并进入状态 1696


状态 1533

  825 timing_option: K_FALLRS int_number int_number • ';'

    ';'  偏移，并进入状态 1697


状态 1534

  868 list_of_from_strings: T_STRING •

    $default  使用规则 868 以归约 (list_of_from_strings)


状态 1535

  816 timing_option: K_FROMPIN $@104 list_of_from_strings • ';'
  869 list_of_from_strings: list_of_from_strings • T_STRING

    T_STRING  偏移，并进入状态 1698
    ';'       偏移，并进入状态 1699


状态 1536

  826 timing_option: K_RISECS int_number int_number • ';'

    ';'  偏移，并进入状态 1700


状态 1537

  824 timing_option: K_RISERS int_number int_number • ';'

    ';'  偏移，并进入状态 1701


状态 1538

  828 timing_option: K_RISESATT1 int_number int_number • ';'

    ';'  偏移，并进入状态 1702


状态 1539

  830 timing_option: K_RISET0 int_number int_number • ';'

    ';'  偏移，并进入状态 1703


状态 1540

  870 list_of_to_strings: T_STRING •

    $default  使用规则 870 以归约 (list_of_to_strings)


状态 1541

  818 timing_option: K_TOPIN $@105 list_of_to_strings • ';'
  871 list_of_to_strings: list_of_to_strings • T_STRING

    T_STRING  偏移，并进入状态 1704
    ';'       偏移，并进入状态 1705


状态 1542

  832 timing_option: K_UNATENESS unateness ';' •

    $default  使用规则 832 以归约 (timing_option)


状态 1543

  833 timing_option: K_STABLE K_SETUP int_number • K_HOLD int_number risefall ';'

    K_HOLD  偏移，并进入状态 1706


状态 1544

  822 timing_option: K_TABLEAXIS list_of_table_axis_dnumbers ';' •

    $default  使用规则 822 以归约 (timing_option)


状态 1545

  859 list_of_table_axis_dnumbers: list_of_table_axis_dnumbers int_number •

    $default  使用规则 859 以归约 (list_of_table_axis_dnumbers)


状态 1546

  857 table_entry: '(' int_number • int_number int_number ')'

    NUMBER  偏移，并进入状态 97

    int_number  转到状态 1707


状态 1547

  823 timing_option: K_TABLEENTRIES list_of_table_entries ';' •

    $default  使用规则 823 以归约 (timing_option)


状态 1548

  856 list_of_table_entries: list_of_table_entries table_entry •

    $default  使用规则 856 以归约 (list_of_table_entries)


状态 1549

  836 timing_option: K_SDFCONDSTART QSTRING ';' •

    $default  使用规则 836 以归约 (timing_option)


状态 1550

  837 timing_option: K_SDFCONDEND QSTRING ';' •

    $default  使用规则 837 以归约 (timing_option)


状态 1551

  838 timing_option: K_SDFCOND QSTRING ';' •

    $default  使用规则 838 以归约 (timing_option)


状态 1552

  835 timing_option: one_pin_trigger K_TABLEDIMENSION int_number • int_number int_number ';'

    NUMBER  偏移，并进入状态 97

    int_number  转到状态 1708


状态 1553

  850 to_pin_trigger: K_ANYEDGE •

    $default  使用规则 850 以归约 (to_pin_trigger)


状态 1554

  851 to_pin_trigger: K_POSEDGE •

    $default  使用规则 851 以归约 (to_pin_trigger)


状态 1555

  852 to_pin_trigger: K_NEGEDGE •

    $default  使用规则 852 以归约 (to_pin_trigger)


状态 1556

  834 timing_option: two_pin_trigger from_pin_trigger to_pin_trigger • K_TABLEDIMENSION int_number int_number int_number ';'

    K_TABLEDIMENSION  偏移，并进入状态 1709


状态 1557

  820 timing_option: risefall K_INTRINSIC int_number • int_number $@106 slew_spec K_VARIABLE int_number int_number ';'

    NUMBER  偏移，并进入状态 97

    int_number  转到状态 1710


状态 1558

  821 timing_option: risefall delay_or_transition K_UNATENESS • unateness K_TABLEDIMENSION int_number int_number int_number ';'

    K_INVERT     偏移，并进入状态 1257
    K_NONINVERT  偏移，并进入状态 1258
    K_NONUNATE   偏移，并进入状态 1259

    unateness  转到状态 1711


状态 1559

  785 trackPattern: K_X int_number K_DO • int_number K_STEP int_number $@97 K_LAYER $@98 trackLayers
  789             | K_X int_number K_DO • int_number K_STEP int_number

    NUMBER  偏移，并进入状态 97

    int_number  转到状态 1712


状态 1560

  788 trackPattern: K_Y int_number K_DO • int_number K_STEP int_number $@99 K_LAYER $@100 trackLayers
  790             | K_Y int_number K_DO • int_number K_STEP int_number

    NUMBER  偏移，并进入状态 97

    int_number  转到状态 1713


状态 1561

  794 gcellPattern: K_X int_number K_DO • int_number K_STEP int_number

    NUMBER  偏移，并进入状态 97

    int_number  转到状态 1714


状态 1562

  795 gcellPattern: K_Y int_number K_DO • int_number K_STEP int_number

    NUMBER  偏移，并进入状态 97

    int_number  转到状态 1715


状态 1563

  891 array_rule: K_DEFAULTCAP int_number cap_list K_END K_DEFAULTCAP •

    $default  使用规则 891 以归约 (array_rule)


状态 1564

  902 one_cap: K_MINPINS int_number • K_WIRECAP int_number ';'

    K_WIRECAP  偏移，并进入状态 1716


状态 1565

  897 floorplan_element: K_CANPLACE $@115 sitePattern • ';'

    ';'  偏移，并进入状态 1717


状态 1566

  899 floorplan_element: K_CANNOTOCCUPY $@116 sitePattern • ';'

    ';'  偏移，并进入状态 1718


状态 1567

  489 nd_layer: K_LAYER $@67 • T_STRING $@68 K_WIDTH int_number ';' $@69 nd_layer_stmts K_END $@70 T_STRING

    T_STRING  偏移，并进入状态 1719


状态 1568

  482 nd_prop: T_STRING T_STRING •

    $default  使用规则 482 以归约 (nd_prop)


状态 1569

  483 nd_prop: T_STRING QSTRING •

    $default  使用规则 483 以归约 (nd_prop)


状态 1570

  484 nd_prop: T_STRING NUMBER •

    $default  使用规则 484 以归约 (nd_prop)


状态 1571

  479 nd_prop: K_PROPERTY $@66 • nd_prop_list ';'

    T_STRING    偏移，并进入状态 1297
    K_PROPERTY  偏移，并进入状态 1298

    nd_prop       转到状态 1720
    nd_prop_list  转到状态 1721


状态 1572

  477 mincuts: K_MINCUTS T_STRING • int_number ';'

    NUMBER  偏移，并进入状态 97

    int_number  转到状态 1722


状态 1573

  475 usevia: K_USEVIA T_STRING • ';'

    ';'  偏移，并进入状态 1723


状态 1574

  476 useviarule: K_USEVIARULE T_STRING • ';'

    ';'  偏移，并进入状态 1724


状态 1575

  462 end_nd_rule: K_END •
  463            | K_END • T_STRING

    T_STRING  偏移，并进入状态 1725

    $default  使用规则 462 以归约 (end_nd_rule)


状态 1576

  461 nondefault_rule: K_NONDEFAULTRULE $@63 T_STRING $@64 nd_hardspacing nd_rules $@65 end_nd_rule •

    $default  使用规则 461 以归约 (nondefault_rule)


状态 1577

  917 then: '\n' K_THEN •

    $default  使用规则 917 以归约 (then)


状态 1578

  920 expression: expression • '+' expression
  921           | expression • '-' expression
  922           | expression • '*' expression
  923           | expression • '/' expression
  926           | K_IF b_expr then expression • else expression

    K_ELSE  偏移，并进入状态 1726
    '-'     偏移，并进入状态 998
    '+'     偏移，并进入状态 999
    '*'     偏移，并进入状态 1000
    '/'     偏移，并进入状态 1001
    '\n'    偏移，并进入状态 1727

    else  转到状态 1728


状态 1579

  943 s_expr: s_expr • '+' s_expr
  945       | K_IF b_expr then s_expr • else s_expr

    K_ELSE  偏移，并进入状态 1726
    '+'     偏移，并进入状态 1007
    '\n'    偏移，并进入状态 1727

    else  转到状态 1729


状态 1580

  920 expression: expression • '+' expression
  921           | expression • '-' expression
  922           | expression • '*' expression
  923           | expression • '/' expression
  926           | K_IF b_expr then expression • else expression
  928 b_expr: expression • relop expression
  929       | expression • K_AND expression
  930       | expression • K_OR expression

    K_ELSE  偏移，并进入状态 1726
    K_EQ    偏移，并进入状态 1014
    K_NE    偏移，并进入状态 1015
    K_LE    偏移，并进入状态 1016
    K_LT    偏移，并进入状态 1017
    K_GE    偏移，并进入状态 1018
    K_GT    偏移，并进入状态 1019
    K_OR    偏移，并进入状态 1020
    K_AND   偏移，并进入状态 1021
    '-'     偏移，并进入状态 998
    '+'     偏移，并进入状态 999
    '*'     偏移，并进入状态 1000
    '/'     偏移，并进入状态 1001
    '='     偏移，并进入状态 1022
    '\n'    偏移，并进入状态 1727
    '<'     偏移，并进入状态 1023
    '>'     偏移，并进入状态 1024

    else   转到状态 1728
    relop  转到状态 1025


状态 1581

  934 b_expr: b_expr • K_EQ b_expr
  935       | b_expr • K_NE b_expr
  936       | b_expr • K_AND b_expr
  937       | b_expr • K_OR b_expr
  940       | K_IF b_expr then b_expr • else b_expr

    K_ELSE  偏移，并进入状态 1726
    K_EQ    偏移，并进入状态 1026
    K_NE    偏移，并进入状态 1027
    K_OR    偏移，并进入状态 1028
    K_AND   偏移，并进入状态 1029
    '\n'    偏移，并进入状态 1727

    else  转到状态 1730


状态 1582

  931 b_expr: s_expr • relop s_expr
  932       | s_expr • K_AND s_expr
  933       | s_expr • K_OR s_expr
  943 s_expr: s_expr • '+' s_expr
  945       | K_IF b_expr then s_expr • else s_expr

    K_ELSE  偏移，并进入状态 1726
    K_EQ    偏移，并进入状态 1014
    K_NE    偏移，并进入状态 1015
    K_LE    偏移，并进入状态 1016
    K_LT    偏移，并进入状态 1017
    K_GE    偏移，并进入状态 1018
    K_GT    偏移，并进入状态 1019
    K_OR    偏移，并进入状态 1031
    K_AND   偏移，并进入状态 1032
    '+'     偏移，并进入状态 1007
    '='     偏移，并进入状态 1022
    '\n'    偏移，并进入状态 1727
    '<'     偏移，并进入状态 1023
    '>'     偏移，并进入状态 1024

    else   转到状态 1729
    relop  转到状态 1033


状态 1583

  979 prop_define: K_STRING QSTRING •

    $default  使用规则 979 以归约 (prop_define)


状态 1584

  994 opt_def_range: K_RANGE • int_number int_number

    NUMBER  偏移，并进入状态 97

    int_number  转到状态 1731


状态 1585

  976 prop_define: K_INTEGER opt_def_range • opt_def_dvalue

    NUMBER  偏移，并进入状态 97

    $default  使用规则 997 以归约 (opt_def_dvalue)

    int_number      转到状态 1732
    opt_def_dvalue  转到状态 1733


状态 1586

  977 prop_define: K_REAL opt_def_range • opt_def_value

    NUMBER  偏移，并进入状态 1734

    $default  使用规则 995 以归约 (opt_def_value)

    opt_def_value  转到状态 1735


状态 1587

  980 prop_define: K_NAMEMAPSTRING T_STRING •

    $default  使用规则 980 以归约 (prop_define)


状态 1588

  963 prop_stmt: K_COMPONENTPIN $@124 T_STRING prop_define ';' •

    $default  使用规则 963 以归约 (prop_stmt)


状态 1589

  973 prop_stmt: K_LAYER $@129 T_STRING prop_define ';' •

    $default  使用规则 973 以归约 (prop_stmt)


状态 1590

  961 prop_stmt: K_LIBRARY $@123 T_STRING prop_define ';' •

    $default  使用规则 961 以归约 (prop_stmt)


状态 1591

  967 prop_stmt: K_MACRO $@126 T_STRING prop_define ';' •

    $default  使用规则 967 以归约 (prop_stmt)


状态 1592

  975 prop_stmt: K_NONDEFAULTRULE $@130 T_STRING prop_define ';' •

    $default  使用规则 975 以归约 (prop_stmt)


状态 1593

  965 prop_stmt: K_PIN $@125 T_STRING prop_define ';' •

    $default  使用规则 965 以归约 (prop_stmt)


状态 1594

  969 prop_stmt: K_VIA $@127 T_STRING prop_define ';' •

    $default  使用规则 969 以归约 (prop_stmt)


状态 1595

  971 prop_stmt: K_VIARULE $@128 T_STRING prop_define ';' •

    $default  使用规则 971 以归约 (prop_stmt)


状态 1596

  1058 output_list: K_OUTPUTRESISTANCE $@144 numo_list ';' • corr_victim_list

    K_VICTIMLENGTH  偏移，并进入状态 1736

    corr_victim_list  转到状态 1737
    corr_victim       转到状态 1738


状态 1597

  1060 numo_list: numo_list int_number •

    $default  使用规则 1060 以归约 (numo_list)


状态 1598

  1041 output_resistance_entry: K_OUTPUTRESISTANCE $@141 num_list ';' • victim_list

    K_VICTIMLENGTH  偏移，并进入状态 1739

    victim_list  转到状态 1740
    victim       转到状态 1741


状态 1599

  1043 num_list: num_list int_number •

    $default  使用规则 1043 以归约 (num_list)


状态 1600

  268 cap_point: '(' int_number • int_number ')'

    NUMBER  偏移，并进入状态 97

    int_number  转到状态 1742


状态 1601

  107 layer_option: K_CAPACITANCE K_CPERSQDIST K_PWL '(' cap_points ')' • ';'

    ';'  偏移，并进入状态 1743


状态 1602

  267 cap_points: cap_points cap_point •

    $default  使用规则 267 以归约 (cap_points)


状态 1603

  271 res_point: '(' int_number • int_number ')'

    NUMBER  偏移，并进入状态 97

    int_number  转到状态 1744


状态 1604

  105 layer_option: K_RESISTANCE K_RPERSQ K_PWL '(' res_points ')' • ';'

    ';'  偏移，并进入状态 1745


状态 1605

  270 res_points: res_points res_point •

    $default  使用规则 270 以归约 (res_points)


状态 1606

  992 opt_samenetPGonly: K_PGONLY •

    $default  使用规则 992 以归约 (opt_samenetPGonly)


状态 1607

  1003 layer_spacing_opt: K_SAMENET $@132 opt_samenetPGonly •

    $default  使用规则 1003 以归约 (layer_spacing_opt)


状态 1608

  1011 layer_spacing_cut_routing: K_AREA NUMBER •

    $default  使用规则 1011 以归约 (layer_spacing_cut_routing)


状态 1609

  1008 layer_spacing_cut_routing: K_LAYER $@133 • T_STRING $@134 spacing_cut_layer_opt

    T_STRING  偏移，并进入状态 1746


状态 1610

  1013 layer_spacing_cut_routing: K_RANGE int_number • int_number $@136 opt_range_second

    NUMBER  偏移，并进入状态 97

    int_number  转到状态 1747


状态 1611

  1014 layer_spacing_cut_routing: K_LENGTHTHRESHOLD int_number •
  1015                          | K_LENGTHTHRESHOLD int_number • K_RANGE int_number int_number

    K_RANGE  偏移，并进入状态 1748

    $default  使用规则 1014 以归约 (layer_spacing_cut_routing)


状态 1612

  1010 layer_spacing_cut_routing: K_ADJACENTCUTS int_number • K_WITHIN int_number $@135 opt_adjacentcuts_exceptsame

    K_WITHIN  偏移，并进入状态 1749


状态 1613

  1017 layer_spacing_cut_routing: K_ENDOFLINE int_number • K_WITHIN int_number $@137 opt_endofline

    K_WITHIN  偏移，并进入状态 1750


状态 1614

  1019 layer_spacing_cut_routing: K_ENDOFNOTCHWIDTH int_number • K_NOTCHSPACING int_number K_NOTCHLENGTH int_number

    K_NOTCHSPACING  偏移，并进入状态 1751


状态 1615

  1018 layer_spacing_cut_routing: K_NOTCHLENGTH int_number •

    $default  使用规则 1018 以归约 (layer_spacing_cut_routing)


状态 1616

  100 layer_option: K_SPACING int_number $@6 layer_spacing_opts layer_spacing_cut_routing ';' •

    $default  使用规则 100 以归约 (layer_option)


状态 1617

  265 current_density_pwl: '(' int_number int_number • ')'

    ')'  偏移，并进入状态 1752


状态 1618

  116 layer_option: K_CURRENTDEN K_PWL '(' current_density_pwl_list ')' ';' •

    $default  使用规则 116 以归约 (layer_option)


状态 1619

  117 layer_option: K_CURRENTDEN '(' int_number int_number ')' ';' •

    $default  使用规则 117 以归约 (layer_option)


状态 1620

  246 layer_frequency: K_FREQUENCY NUMBER $@39 • number_list ';' $@40 ac_layer_table_opt K_TABLEENTRIES NUMBER $@41 number_list ';'

    $default  使用规则 256 以归约 (number_list)

    number_list  转到状态 1753


状态 1621

  129 layer_option: K_DCCURRENTDENSITY K_AVERAGE K_WIDTH int_number $@12 int_number_list • ';' $@13 dc_layer_table
  255 int_number_list: int_number_list • int_number

    NUMBER  偏移，并进入状态 97
    ';'     偏移，并进入状态 1754

    int_number  转到状态 1755


状态 1622

  126 layer_option: K_DCCURRENTDENSITY K_AVERAGE K_CUTAREA NUMBER $@10 number_list • ';' $@11 dc_layer_table
  257 number_list: number_list • NUMBER

    NUMBER  偏移，并进入状态 1756
    ';'     偏移，并进入状态 1757


状态 1623

  234 layer_antenna_pwl: K_PWL '(' pt pt • $@38 layer_diffusion_ratios ')'

    $default  使用规则 233 以归约 ($@38)

    $@38  转到状态 1758


状态 1624

  218 layer_minimumcut_within: K_WITHIN • int_number

    NUMBER  偏移，并进入状态 97

    int_number  转到状态 1759


状态 1625

  172 layer_option: K_MINIMUMCUT int_number K_WIDTH int_number $@24 layer_minimumcut_within • layer_minimumcut_from layer_minimumcut_length ';'

    K_FROMABOVE  偏移，并进入状态 1760
    K_FROMBELOW  偏移，并进入状态 1761

    $default  使用规则 219 以归约 (layer_minimumcut_from)

    layer_minimumcut_from  转到状态 1762


状态 1626

  211 layer_enclosure_width_opt: K_WIDTH • int_number $@37 layer_enclosure_width_except_opt

    NUMBER  偏移，并进入状态 97

    int_number  转到状态 1763


状态 1627

  212 layer_enclosure_width_opt: K_LENGTH • int_number

    NUMBER  偏移，并进入状态 97

    int_number  转到状态 1764


状态 1628

  179 layer_option: K_ENCLOSURE layer_enclosure_type_opt int_number int_number $@27 layer_enclosure_width_opt • ';'

    ';'  偏移，并进入状态 1765


状态 1629

  227 layer_minstep_option: K_LENGTHSUM int_number •

    $default  使用规则 227 以归约 (layer_minstep_option)


状态 1630

  228 layer_minstep_option: K_MAXEDGES int_number •

    $default  使用规则 228 以归约 (layer_minstep_option)


状态 1631

  175 layer_option: K_PROTRUSIONWIDTH int_number K_LENGTH int_number K_WIDTH int_number • ';'

    ';'  偏移，并进入状态 1766


状态 1632

  102 layer_option: K_SPACINGTABLE K_ORTHOGONAL K_WITHIN int_number K_SPACING int_number • $@7 layer_spacingtable_opts ';'

    $default  使用规则 101 以归约 ($@7)

    $@7  转到状态 1767


状态 1633

  202 sp_options: K_INFLUENCE K_WIDTH int_number K_WITHIN • int_number K_SPACING int_number $@36 layer_sp_influence_widths

    NUMBER  偏移，并进入状态 97

    int_number  转到状态 1768


状态 1634

  197 sp_options: K_PARALLELRUNLENGTH int_number $@30 int_number_list • $@31 K_WIDTH int_number $@32 int_number_list $@33 layer_sp_parallel_widths
  255 int_number_list: int_number_list • int_number

    NUMBER  偏移，并进入状态 97

    $default  使用规则 194 以归约 ($@31)

    int_number  转到状态 1755
    $@31        转到状态 1769


状态 1635

  325 layer_sp_TwoWidthsPRL: K_PRL • int_number

    NUMBER  偏移，并进入状态 97

    int_number  转到状态 1770


状态 1636

  200 sp_options: K_TWOWIDTHS K_WIDTH int_number layer_sp_TwoWidthsPRL • int_number $@34 int_number_list $@35 layer_sp_TwoWidths

    NUMBER  偏移，并进入状态 97

    int_number  转到状态 1771


状态 1637

  216 layer_preferenclosure_width_opt: K_WIDTH • int_number

    NUMBER  偏移，并进入状态 97

    int_number  转到状态 1772


状态 1638

  181 layer_option: K_PREFERENCLOSURE layer_enclosure_type_opt int_number int_number $@28 layer_preferenclosure_width_opt • ';'

    ';'  偏移，并进入状态 1773


状态 1639

   86 layer_option: K_ARRAYSPACING $@4 layer_arraySpacing_long layer_arraySpacing_width K_CUTSPACING int_number • $@5 layer_arraySpacing_arraycuts ';'

    $default  使用规则 85 以归约 ($@5)

    $@5  转到状态 1774


状态 1640

  153 layer_option: K_ANTENNAAREADIFFREDUCEPWL '(' pt pt $@21 layer_diffusion_ratios • ')' ';' $@22
  236 layer_diffusion_ratios: layer_diffusion_ratios • layer_diffusion_ratio

    NUMBER  偏移，并进入状态 97
    '('     偏移，并进入状态 514
    ')'     偏移，并进入状态 1775

    int_number             转到状态 515
    layer_diffusion_ratio  转到状态 1776
    pt                     转到状态 1777


状态 1641

  341 via_viarule: K_VIARULE $@49 T_STRING ';' K_CUTSIZE int_number • int_number ';' K_LAYERS $@50 T_STRING T_STRING T_STRING ';' K_CUTSPACING int_number int_number ';' K_ENCLOSURE int_number int_number int_number int_number ';' $@51 via_viarule_options

    NUMBER  偏移，并进入状态 97

    int_number  转到状态 1778


状态 1642

  394 via_geometry: K_POLYGON maskColor $@56 firstPt • nextPt nextPt otherPts ';'

    NUMBER  偏移，并进入状态 97
    '('     偏移，并进入状态 514

    int_number  转到状态 515
    pt          转到状态 1402
    nextPt      转到状态 1779


状态 1643

  392 via_geometry: K_RECT maskColor pt pt • ';'

    ';'  偏移，并进入状态 1780


状态 1644

  430 viarule_layer_option: K_SPACING int_number K_BY int_number ';' •

    $default  使用规则 430 以归约 (viarule_layer_option)


状态 1645

  428 viarule_layer_option: K_WIDTH int_number K_TO int_number ';' •

    $default  使用规则 428 以归约 (viarule_layer_option)


状态 1646

  442 spacing: samenet_keyword T_STRING T_STRING int_number K_STACK ';' •

    $default  使用规则 442 以归约 (spacing)


状态 1647

  523 site_rowpattern: T_STRING orientation $@74 •

    $default  使用规则 523 以归约 (site_rowpattern)


状态 1648

  804 density_layer: K_LAYER $@101 T_STRING ';' $@102 • density_layer_rect density_layer_rects

    K_RECT  偏移，并进入状态 1781

    density_layer_rect  转到状态 1782


状态 1649

  781 sitePattern: T_STRING int_number int_number orientation K_DO • int_number K_BY int_number K_STEP int_number int_number

    NUMBER  偏移，并进入状态 97

    int_number  转到状态 1783


状态 1650

  733 electrical_direction: K_DIRECTION K_OUTPUT K_TRISTATE ';' •

    $default  使用规则 733 以归约 (electrical_direction)


状态 1651

  657 macro_pin_option: K_INPUTNOISEMARGIN $@87 int_number int_number • ';'

    ';'  偏移，并进入状态 1784


状态 1652

  667 macro_pin_option: K_IV_TABLES T_STRING T_STRING ';' •

    $default  使用规则 667 以归约 (macro_pin_option)


状态 1653

  636 macro_pin_option: K_LEQ $@83 T_STRING ';' •

    $default  使用规则 636 以归约 (macro_pin_option)


状态 1654

  651 macro_pin_option: K_MUSTJOIN $@84 T_STRING ';' •

    $default  使用规则 651 以归约 (macro_pin_option)


状态 1655

  653 macro_pin_option: K_OUTPUTNOISEMARGIN $@85 int_number int_number • ';'

    ';'  偏移，并进入状态 1785


状态 1656

  730 pin_name_value_pair: T_STRING T_STRING •

    $default  使用规则 730 以归约 (pin_name_value_pair)


状态 1657

  729 pin_name_value_pair: T_STRING QSTRING •

    $default  使用规则 729 以归约 (pin_name_value_pair)


状态 1658

  728 pin_name_value_pair: T_STRING NUMBER •

    $default  使用规则 728 以归约 (pin_name_value_pair)


状态 1659

  670 macro_pin_option: K_PROPERTY $@88 pin_prop_list ';' •

    $default  使用规则 670 以归约 (macro_pin_option)


状态 1660

  727 pin_prop_list: pin_prop_list pin_name_value_pair •

    $default  使用规则 727 以归约 (pin_prop_list)


状态 1661

  655 macro_pin_option: K_OUTPUTRESISTANCE $@86 int_number int_number • ';'

    ';'  偏移，并进入状态 1786


状态 1662

  1026 opt_layer_name: K_LAYER $@138 • T_STRING

    T_STRING  偏移，并进入状态 1787


状态 1663

  673 macro_pin_option: K_ANTENNASIZE int_number opt_layer_name ';' •

    $default  使用规则 673 以归约 (macro_pin_option)


状态 1664

  675 macro_pin_option: K_ANTENNAMETALLENGTH int_number opt_layer_name ';' •

    $default  使用规则 675 以归约 (macro_pin_option)


状态 1665

  674 macro_pin_option: K_ANTENNAMETALAREA NUMBER opt_layer_name ';' •

    $default  使用规则 674 以归约 (macro_pin_option)


状态 1666

  678 macro_pin_option: K_ANTENNAPARTIALMETALAREA NUMBER opt_layer_name ';' •

    $default  使用规则 678 以归约 (macro_pin_option)


状态 1667

  679 macro_pin_option: K_ANTENNAPARTIALMETALSIDEAREA NUMBER opt_layer_name ';' •

    $default  使用规则 679 以归约 (macro_pin_option)


状态 1668

  682 macro_pin_option: K_ANTENNAGATEAREA NUMBER opt_layer_name ';' •

    $default  使用规则 682 以归约 (macro_pin_option)


状态 1669

  681 macro_pin_option: K_ANTENNADIFFAREA NUMBER opt_layer_name ';' •

    $default  使用规则 681 以归约 (macro_pin_option)


状态 1670

  1028 req_layer_name: K_LAYER $@139 • T_STRING

    T_STRING  偏移，并进入状态 1788


状态 1671

  683 macro_pin_option: K_ANTENNAMAXAREACAR NUMBER req_layer_name ';' •

    $default  使用规则 683 以归约 (macro_pin_option)


状态 1672

  684 macro_pin_option: K_ANTENNAMAXSIDEAREACAR NUMBER req_layer_name ';' •

    $default  使用规则 684 以归约 (macro_pin_option)


状态 1673

  680 macro_pin_option: K_ANTENNAPARTIALCUTAREA NUMBER opt_layer_name ';' •

    $default  使用规则 680 以归约 (macro_pin_option)


状态 1674

  685 macro_pin_option: K_ANTENNAMAXCUTCAR NUMBER req_layer_name ';' •

    $default  使用规则 685 以归约 (macro_pin_option)


状态 1675

  687 macro_pin_option: K_ANTENNAMODEL $@89 pin_layer_oxide ';' •

    $default  使用规则 687 以归约 (macro_pin_option)


状态 1676

  693 macro_pin_option: K_GROUNDSENSITIVITY $@92 T_STRING ';' •

    $default  使用规则 693 以归约 (macro_pin_option)


状态 1677

  689 macro_pin_option: K_NETEXPR $@90 QSTRING ';' •

    $default  使用规则 689 以归约 (macro_pin_option)


状态 1678

  691 macro_pin_option: K_SUPPLYSENSITIVITY $@91 T_STRING ';' •

    $default  使用规则 691 以归约 (macro_pin_option)


状态 1679

  633 macro_pin_option: start_foreign K_STRUCTURE pt ';' •

    $default  使用规则 633 以归约 (macro_pin_option)


状态 1680

  634 macro_pin_option: start_foreign K_STRUCTURE pt orientation • ';'

    ';'  偏移，并进入状态 1789


状态 1681

  631 macro_pin_option: start_foreign pt orientation ';' •

    $default  使用规则 631 以归约 (macro_pin_option)


状态 1682

  738 macro_port_class_option: K_CLASS class_type ';' •

    $default  使用规则 738 以归约 (macro_port_class_option)


状态 1683

  671 macro_pin_option: start_macro_port macro_port_class_option geometries K_END •

    $default  使用规则 671 以归约 (macro_pin_option)


状态 1684

  768 layer_exceptpgnet: K_EXCEPTPGNET •

    $default  使用规则 768 以归约 (layer_exceptpgnet)


状态 1685

  756 geometry: K_LAYER $@93 T_STRING $@94 layer_exceptpgnet • layer_spacing ';'

    K_DESIGNRULEWIDTH  偏移，并进入状态 1790
    K_SPACING          偏移，并进入状态 1791

    $default  使用规则 769 以归约 (layer_spacing)

    layer_spacing  转到状态 1792


状态 1686

  759 geometry: K_PATH maskColor K_ITERATE firstPt otherPts • stepPattern ';'
  775 otherPts: otherPts • nextPt

    K_DO    偏移，并进入状态 1793
    NUMBER  偏移，并进入状态 97
    '('     偏移，并进入状态 514

    int_number   转到状态 515
    pt           转到状态 1402
    nextPt       转到状态 1403
    stepPattern  转到状态 1794


状态 1687

  758 geometry: K_PATH maskColor firstPt otherPts ';' •

    $default  使用规则 758 以归约 (geometry)


状态 1688

  763 geometry: K_POLYGON maskColor K_ITERATE firstPt nextPt • nextPt otherPts stepPattern ';'

    NUMBER  偏移，并进入状态 97
    '('     偏移，并进入状态 514

    int_number  转到状态 515
    pt          转到状态 1402
    nextPt      转到状态 1795


状态 1689

  762 geometry: K_POLYGON maskColor firstPt nextPt nextPt • otherPts ';'

    $default  使用规则 774 以归约 (otherPts)

    otherPts  转到状态 1796


状态 1690

  761 geometry: K_RECT maskColor K_ITERATE pt pt • stepPattern ';'

    K_DO  偏移，并进入状态 1793

    stepPattern  转到状态 1797


状态 1691

  760 geometry: K_RECT maskColor pt pt ';' •

    $default  使用规则 760 以归约 (geometry)


状态 1692

  779 via_placement: K_VIA K_ITERATE maskColor pt $@96 • T_STRING stepPattern ';'

    T_STRING  偏移，并进入状态 1798


状态 1693

  777 via_placement: K_VIA maskColor pt $@95 T_STRING • ';'

    ';'  偏移，并进入状态 1799


状态 1694

  827 timing_option: K_FALLCS int_number int_number ';' •

    $default  使用规则 827 以归约 (timing_option)


状态 1695

  831 timing_option: K_FALLT0 int_number int_number ';' •

    $default  使用规则 831 以归约 (timing_option)


状态 1696

  829 timing_option: K_FALLSATT1 int_number int_number ';' •

    $default  使用规则 829 以归约 (timing_option)


状态 1697

  825 timing_option: K_FALLRS int_number int_number ';' •

    $default  使用规则 825 以归约 (timing_option)


状态 1698

  869 list_of_from_strings: list_of_from_strings T_STRING •

    $default  使用规则 869 以归约 (list_of_from_strings)


状态 1699

  816 timing_option: K_FROMPIN $@104 list_of_from_strings ';' •

    $default  使用规则 816 以归约 (timing_option)


状态 1700

  826 timing_option: K_RISECS int_number int_number ';' •

    $default  使用规则 826 以归约 (timing_option)


状态 1701

  824 timing_option: K_RISERS int_number int_number ';' •

    $default  使用规则 824 以归约 (timing_option)


状态 1702

  828 timing_option: K_RISESATT1 int_number int_number ';' •

    $default  使用规则 828 以归约 (timing_option)


状态 1703

  830 timing_option: K_RISET0 int_number int_number ';' •

    $default  使用规则 830 以归约 (timing_option)


状态 1704

  871 list_of_to_strings: list_of_to_strings T_STRING •

    $default  使用规则 871 以归约 (list_of_to_strings)


状态 1705

  818 timing_option: K_TOPIN $@105 list_of_to_strings ';' •

    $default  使用规则 818 以归约 (timing_option)


状态 1706

  833 timing_option: K_STABLE K_SETUP int_number K_HOLD • int_number risefall ';'

    NUMBER  偏移，并进入状态 97

    int_number  转到状态 1800


状态 1707

  857 table_entry: '(' int_number int_number • int_number ')'

    NUMBER  偏移，并进入状态 97

    int_number  转到状态 1801


状态 1708

  835 timing_option: one_pin_trigger K_TABLEDIMENSION int_number int_number • int_number ';'

    NUMBER  偏移，并进入状态 97

    int_number  转到状态 1802


状态 1709

  834 timing_option: two_pin_trigger from_pin_trigger to_pin_trigger K_TABLEDIMENSION • int_number int_number int_number ';'

    NUMBER  偏移，并进入状态 97

    int_number  转到状态 1803


状态 1710

  820 timing_option: risefall K_INTRINSIC int_number int_number • $@106 slew_spec K_VARIABLE int_number int_number ';'

    $default  使用规则 819 以归约 ($@106)

    $@106  转到状态 1804


状态 1711

  821 timing_option: risefall delay_or_transition K_UNATENESS unateness • K_TABLEDIMENSION int_number int_number int_number ';'

    K_TABLEDIMENSION  偏移，并进入状态 1805


状态 1712

  785 trackPattern: K_X int_number K_DO int_number • K_STEP int_number $@97 K_LAYER $@98 trackLayers
  789             | K_X int_number K_DO int_number • K_STEP int_number

    K_STEP  偏移，并进入状态 1806


状态 1713

  788 trackPattern: K_Y int_number K_DO int_number • K_STEP int_number $@99 K_LAYER $@100 trackLayers
  790             | K_Y int_number K_DO int_number • K_STEP int_number

    K_STEP  偏移，并进入状态 1807


状态 1714

  794 gcellPattern: K_X int_number K_DO int_number • K_STEP int_number

    K_STEP  偏移，并进入状态 1808


状态 1715

  795 gcellPattern: K_Y int_number K_DO int_number • K_STEP int_number

    K_STEP  偏移，并进入状态 1809


状态 1716

  902 one_cap: K_MINPINS int_number K_WIRECAP • int_number ';'

    NUMBER  偏移，并进入状态 97

    int_number  转到状态 1810


状态 1717

  897 floorplan_element: K_CANPLACE $@115 sitePattern ';' •

    $default  使用规则 897 以归约 (floorplan_element)


状态 1718

  899 floorplan_element: K_CANNOTOCCUPY $@116 sitePattern ';' •

    $default  使用规则 899 以归约 (floorplan_element)


状态 1719

  489 nd_layer: K_LAYER $@67 T_STRING • $@68 K_WIDTH int_number ';' $@69 nd_layer_stmts K_END $@70 T_STRING

    $default  使用规则 486 以归约 ($@68)

    $@68  转到状态 1811


状态 1720

  480 nd_prop_list: nd_prop •

    $default  使用规则 480 以归约 (nd_prop_list)


状态 1721

  479 nd_prop: K_PROPERTY $@66 nd_prop_list • ';'
  481 nd_prop_list: nd_prop_list • nd_prop

    T_STRING    偏移，并进入状态 1297
    K_PROPERTY  偏移，并进入状态 1298
    ';'         偏移，并进入状态 1812

    nd_prop  转到状态 1813


状态 1722

  477 mincuts: K_MINCUTS T_STRING int_number • ';'

    ';'  偏移，并进入状态 1814


状态 1723

  475 usevia: K_USEVIA T_STRING ';' •

    $default  使用规则 475 以归约 (usevia)


状态 1724

  476 useviarule: K_USEVIARULE T_STRING ';' •

    $default  使用规则 476 以归约 (useviarule)


状态 1725

  463 end_nd_rule: K_END T_STRING •

    $default  使用规则 463 以归约 (end_nd_rule)


状态 1726

  918 else: K_ELSE •

    $default  使用规则 918 以归约 (else)


状态 1727

  919 else: '\n' • K_ELSE

    K_ELSE  偏移，并进入状态 1815


状态 1728

  926 expression: K_IF b_expr then expression else • expression

    NUMBER  偏移，并进入状态 97
    K_IF    偏移，并进入状态 610
    '-'     偏移，并进入状态 611
    '('     偏移，并进入状态 612

    int_number  转到状态 613
    expression  转到状态 1816


状态 1729

  945 s_expr: K_IF b_expr then s_expr else • s_expr

    QSTRING  偏移，并进入状态 615
    K_IF     偏移，并进入状态 616
    '('      偏移，并进入状态 617

    s_expr  转到状态 1817


状态 1730

  940 b_expr: K_IF b_expr then b_expr else • b_expr

    QSTRING  偏移，并进入状态 615
    NUMBER   偏移，并进入状态 97
    K_IF     偏移，并进入状态 619
    K_FALSE  偏移，并进入状态 620
    K_TRUE   偏移，并进入状态 621
    K_NOT    偏移，并进入状态 622
    '-'      偏移，并进入状态 611
    '('      偏移，并进入状态 623

    int_number  转到状态 613
    expression  转到状态 624
    b_expr      转到状态 1818
    s_expr      转到状态 626


状态 1731

  994 opt_def_range: K_RANGE int_number • int_number

    NUMBER  偏移，并进入状态 97

    int_number  转到状态 1819


状态 1732

  998 opt_def_dvalue: int_number •

    $default  使用规则 998 以归约 (opt_def_dvalue)


状态 1733

  976 prop_define: K_INTEGER opt_def_range opt_def_dvalue •

    $default  使用规则 976 以归约 (prop_define)


状态 1734

  996 opt_def_value: NUMBER •

    $default  使用规则 996 以归约 (opt_def_value)


状态 1735

  977 prop_define: K_REAL opt_def_range opt_def_value •

    $default  使用规则 977 以归约 (prop_define)


状态 1736

  1064 corr_victim: K_VICTIMLENGTH • int_number ';' $@145 K_CORRECTIONFACTOR corr_list ';'

    NUMBER  偏移，并进入状态 97

    int_number  转到状态 1820


状态 1737

  1058 output_list: K_OUTPUTRESISTANCE $@144 numo_list ';' corr_victim_list •
  1062 corr_victim_list: corr_victim_list • corr_victim

    K_VICTIMLENGTH  偏移，并进入状态 1736

    $default  使用规则 1058 以归约 (output_list)

    corr_victim  转到状态 1821


状态 1738

  1061 corr_victim_list: corr_victim •

    $default  使用规则 1061 以归约 (corr_victim_list)


状态 1739

  1047 victim: K_VICTIMLENGTH • int_number ';' $@142 K_VICTIMNOISE vnoiselist ';'

    NUMBER  偏移，并进入状态 97

    int_number  转到状态 1822


状态 1740

  1041 output_resistance_entry: K_OUTPUTRESISTANCE $@141 num_list ';' victim_list •
  1045 victim_list: victim_list • victim

    K_VICTIMLENGTH  偏移，并进入状态 1739

    $default  使用规则 1041 以归约 (output_resistance_entry)

    victim  转到状态 1823


状态 1741

  1044 victim_list: victim •

    $default  使用规则 1044 以归约 (victim_list)


状态 1742

  268 cap_point: '(' int_number int_number • ')'

    ')'  偏移，并进入状态 1824


状态 1743

  107 layer_option: K_CAPACITANCE K_CPERSQDIST K_PWL '(' cap_points ')' ';' •

    $default  使用规则 107 以归约 (layer_option)


状态 1744

  271 res_point: '(' int_number int_number • ')'

    ')'  偏移，并进入状态 1825


状态 1745

  105 layer_option: K_RESISTANCE K_RPERSQ K_PWL '(' res_points ')' ';' •

    $default  使用规则 105 以归约 (layer_option)


状态 1746

  1008 layer_spacing_cut_routing: K_LAYER $@133 T_STRING • $@134 spacing_cut_layer_opt

    $default  使用规则 1007 以归约 ($@134)

    $@134  转到状态 1826


状态 1747

  1013 layer_spacing_cut_routing: K_RANGE int_number int_number • $@136 opt_range_second

    $default  使用规则 1012 以归约 ($@136)

    $@136  转到状态 1827


状态 1748

  1015 layer_spacing_cut_routing: K_LENGTHTHRESHOLD int_number K_RANGE • int_number int_number

    NUMBER  偏移，并进入状态 97

    int_number  转到状态 1828


状态 1749

  1010 layer_spacing_cut_routing: K_ADJACENTCUTS int_number K_WITHIN • int_number $@135 opt_adjacentcuts_exceptsame

    NUMBER  偏移，并进入状态 97

    int_number  转到状态 1829


状态 1750

  1017 layer_spacing_cut_routing: K_ENDOFLINE int_number K_WITHIN • int_number $@137 opt_endofline

    NUMBER  偏移，并进入状态 97

    int_number  转到状态 1830


状态 1751

  1019 layer_spacing_cut_routing: K_ENDOFNOTCHWIDTH int_number K_NOTCHSPACING • int_number K_NOTCHLENGTH int_number

    NUMBER  偏移，并进入状态 97

    int_number  转到状态 1831


状态 1752

  265 current_density_pwl: '(' int_number int_number ')' •

    $default  使用规则 265 以归约 (current_density_pwl)


状态 1753

  246 layer_frequency: K_FREQUENCY NUMBER $@39 number_list • ';' $@40 ac_layer_table_opt K_TABLEENTRIES NUMBER $@41 number_list ';'
  257 number_list: number_list • NUMBER

    NUMBER  偏移，并进入状态 1756
    ';'     偏移，并进入状态 1832


状态 1754

  129 layer_option: K_DCCURRENTDENSITY K_AVERAGE K_WIDTH int_number $@12 int_number_list ';' • $@13 dc_layer_table

    $default  使用规则 128 以归约 ($@13)

    $@13  转到状态 1833


状态 1755

  255 int_number_list: int_number_list int_number •

    $default  使用规则 255 以归约 (int_number_list)


状态 1756

  257 number_list: number_list NUMBER •

    $default  使用规则 257 以归约 (number_list)


状态 1757

  126 layer_option: K_DCCURRENTDENSITY K_AVERAGE K_CUTAREA NUMBER $@10 number_list ';' • $@11 dc_layer_table

    $default  使用规则 125 以归约 ($@11)

    $@11  转到状态 1834


状态 1758

  234 layer_antenna_pwl: K_PWL '(' pt pt $@38 • layer_diffusion_ratios ')'

    $default  使用规则 235 以归约 (layer_diffusion_ratios)

    layer_diffusion_ratios  转到状态 1835


状态 1759

  218 layer_minimumcut_within: K_WITHIN int_number •

    $default  使用规则 218 以归约 (layer_minimumcut_within)


状态 1760

  220 layer_minimumcut_from: K_FROMABOVE •

    $default  使用规则 220 以归约 (layer_minimumcut_from)


状态 1761

  221 layer_minimumcut_from: K_FROMBELOW •

    $default  使用规则 221 以归约 (layer_minimumcut_from)


状态 1762

  172 layer_option: K_MINIMUMCUT int_number K_WIDTH int_number $@24 layer_minimumcut_within layer_minimumcut_from • layer_minimumcut_length ';'

    K_LENGTH  偏移，并进入状态 1836

    $default  使用规则 222 以归约 (layer_minimumcut_length)

    layer_minimumcut_length  转到状态 1837


状态 1763

  211 layer_enclosure_width_opt: K_WIDTH int_number • $@37 layer_enclosure_width_except_opt

    $default  使用规则 210 以归约 ($@37)

    $@37  转到状态 1838


状态 1764

  212 layer_enclosure_width_opt: K_LENGTH int_number •

    $default  使用规则 212 以归约 (layer_enclosure_width_opt)


状态 1765

  179 layer_option: K_ENCLOSURE layer_enclosure_type_opt int_number int_number $@27 layer_enclosure_width_opt ';' •

    $default  使用规则 179 以归约 (layer_option)


状态 1766

  175 layer_option: K_PROTRUSIONWIDTH int_number K_LENGTH int_number K_WIDTH int_number ';' •

    $default  使用规则 175 以归约 (layer_option)


状态 1767

  102 layer_option: K_SPACINGTABLE K_ORTHOGONAL K_WITHIN int_number K_SPACING int_number $@7 • layer_spacingtable_opts ';'

    K_WITHIN  偏移，并进入状态 1839

    $default  使用规则 203 以归约 (layer_spacingtable_opts)

    layer_spacingtable_opts  转到状态 1840
    layer_spacingtable_opt   转到状态 1841


状态 1768

  202 sp_options: K_INFLUENCE K_WIDTH int_number K_WITHIN int_number • K_SPACING int_number $@36 layer_sp_influence_widths

    K_SPACING  偏移，并进入状态 1842


状态 1769

  197 sp_options: K_PARALLELRUNLENGTH int_number $@30 int_number_list $@31 • K_WIDTH int_number $@32 int_number_list $@33 layer_sp_parallel_widths

    K_WIDTH  偏移，并进入状态 1843


状态 1770

  325 layer_sp_TwoWidthsPRL: K_PRL int_number •

    $default  使用规则 325 以归约 (layer_sp_TwoWidthsPRL)


状态 1771

  200 sp_options: K_TWOWIDTHS K_WIDTH int_number layer_sp_TwoWidthsPRL int_number • $@34 int_number_list $@35 layer_sp_TwoWidths

    $default  使用规则 198 以归约 ($@34)

    $@34  转到状态 1844


状态 1772

  216 layer_preferenclosure_width_opt: K_WIDTH int_number •

    $default  使用规则 216 以归约 (layer_preferenclosure_width_opt)


状态 1773

  181 layer_option: K_PREFERENCLOSURE layer_enclosure_type_opt int_number int_number $@28 layer_preferenclosure_width_opt ';' •

    $default  使用规则 181 以归约 (layer_option)


状态 1774

   86 layer_option: K_ARRAYSPACING $@4 layer_arraySpacing_long layer_arraySpacing_width K_CUTSPACING int_number $@5 • layer_arraySpacing_arraycuts ';'

    K_ARRAYCUTS  偏移，并进入状态 1845

    $default  使用规则 190 以归约 (layer_arraySpacing_arraycuts)

    layer_arraySpacing_arraycuts  转到状态 1846
    layer_arraySpacing_arraycut   转到状态 1847


状态 1775

  153 layer_option: K_ANTENNAAREADIFFREDUCEPWL '(' pt pt $@21 layer_diffusion_ratios ')' • ';' $@22

    ';'  偏移，并进入状态 1848


状态 1776

  236 layer_diffusion_ratios: layer_diffusion_ratios layer_diffusion_ratio •

    $default  使用规则 236 以归约 (layer_diffusion_ratios)


状态 1777

  237 layer_diffusion_ratio: pt •

    $default  使用规则 237 以归约 (layer_diffusion_ratio)


状态 1778

  341 via_viarule: K_VIARULE $@49 T_STRING ';' K_CUTSIZE int_number int_number • ';' K_LAYERS $@50 T_STRING T_STRING T_STRING ';' K_CUTSPACING int_number int_number ';' K_ENCLOSURE int_number int_number int_number int_number ';' $@51 via_viarule_options

    ';'  偏移，并进入状态 1849


状态 1779

  394 via_geometry: K_POLYGON maskColor $@56 firstPt nextPt • nextPt otherPts ';'

    NUMBER  偏移，并进入状态 97
    '('     偏移，并进入状态 514

    int_number  转到状态 515
    pt          转到状态 1402
    nextPt      转到状态 1850


状态 1780

  392 via_geometry: K_RECT maskColor pt pt ';' •

    $default  使用规则 392 以归约 (via_geometry)


状态 1781

  807 density_layer_rect: K_RECT • pt pt int_number ';'

    NUMBER  偏移，并进入状态 97
    '('     偏移，并进入状态 514

    int_number  转到状态 515
    pt          转到状态 1851


状态 1782

  804 density_layer: K_LAYER $@101 T_STRING ';' $@102 density_layer_rect • density_layer_rects

    $default  使用规则 805 以归约 (density_layer_rects)

    density_layer_rects  转到状态 1852


状态 1783

  781 sitePattern: T_STRING int_number int_number orientation K_DO int_number • K_BY int_number K_STEP int_number int_number

    K_BY  偏移，并进入状态 1853


状态 1784

  657 macro_pin_option: K_INPUTNOISEMARGIN $@87 int_number int_number ';' •

    $default  使用规则 657 以归约 (macro_pin_option)


状态 1785

  653 macro_pin_option: K_OUTPUTNOISEMARGIN $@85 int_number int_number ';' •

    $default  使用规则 653 以归约 (macro_pin_option)


状态 1786

  655 macro_pin_option: K_OUTPUTRESISTANCE $@86 int_number int_number ';' •

    $default  使用规则 655 以归约 (macro_pin_option)


状态 1787

  1026 opt_layer_name: K_LAYER $@138 T_STRING •

    $default  使用规则 1026 以归约 (opt_layer_name)


状态 1788

  1028 req_layer_name: K_LAYER $@139 T_STRING •

    $default  使用规则 1028 以归约 (req_layer_name)


状态 1789

  634 macro_pin_option: start_foreign K_STRUCTURE pt orientation ';' •

    $default  使用规则 634 以归约 (macro_pin_option)


状态 1790

  771 layer_spacing: K_DESIGNRULEWIDTH • int_number

    NUMBER  偏移，并进入状态 97

    int_number  转到状态 1854


状态 1791

  770 layer_spacing: K_SPACING • int_number

    NUMBER  偏移，并进入状态 97

    int_number  转到状态 1855


状态 1792

  756 geometry: K_LAYER $@93 T_STRING $@94 layer_exceptpgnet layer_spacing • ';'

    ';'  偏移，并进入状态 1856


状态 1793

  780 stepPattern: K_DO • int_number K_BY int_number K_STEP int_number int_number

    NUMBER  偏移，并进入状态 97

    int_number  转到状态 1857


状态 1794

  759 geometry: K_PATH maskColor K_ITERATE firstPt otherPts stepPattern • ';'

    ';'  偏移，并进入状态 1858


状态 1795

  763 geometry: K_POLYGON maskColor K_ITERATE firstPt nextPt nextPt • otherPts stepPattern ';'

    $default  使用规则 774 以归约 (otherPts)

    otherPts  转到状态 1859


状态 1796

  762 geometry: K_POLYGON maskColor firstPt nextPt nextPt otherPts • ';'
  775 otherPts: otherPts • nextPt

    NUMBER  偏移，并进入状态 97
    ';'     偏移，并进入状态 1860
    '('     偏移，并进入状态 514

    int_number  转到状态 515
    pt          转到状态 1402
    nextPt      转到状态 1403


状态 1797

  761 geometry: K_RECT maskColor K_ITERATE pt pt stepPattern • ';'

    ';'  偏移，并进入状态 1861


状态 1798

  779 via_placement: K_VIA K_ITERATE maskColor pt $@96 T_STRING • stepPattern ';'

    K_DO  偏移，并进入状态 1793

    stepPattern  转到状态 1862


状态 1799

  777 via_placement: K_VIA maskColor pt $@95 T_STRING ';' •

    $default  使用规则 777 以归约 (via_placement)


状态 1800

  833 timing_option: K_STABLE K_SETUP int_number K_HOLD int_number • risefall ';'

    K_FALL  偏移，并进入状态 945
    K_RISE  偏移，并进入状态 951

    risefall  转到状态 1863


状态 1801

  857 table_entry: '(' int_number int_number int_number • ')'

    ')'  偏移，并进入状态 1864


状态 1802

  835 timing_option: one_pin_trigger K_TABLEDIMENSION int_number int_number int_number • ';'

    ';'  偏移，并进入状态 1865


状态 1803

  834 timing_option: two_pin_trigger from_pin_trigger to_pin_trigger K_TABLEDIMENSION int_number • int_number int_number ';'

    NUMBER  偏移，并进入状态 97

    int_number  转到状态 1866


状态 1804

  820 timing_option: risefall K_INTRINSIC int_number int_number $@106 • slew_spec K_VARIABLE int_number int_number ';'

    NUMBER  偏移，并进入状态 97

    $default  使用规则 860 以归约 (slew_spec)

    int_number  转到状态 1867
    slew_spec   转到状态 1868


状态 1805

  821 timing_option: risefall delay_or_transition K_UNATENESS unateness K_TABLEDIMENSION • int_number int_number int_number ';'

    NUMBER  偏移，并进入状态 97

    int_number  转到状态 1869


状态 1806

  785 trackPattern: K_X int_number K_DO int_number K_STEP • int_number $@97 K_LAYER $@98 trackLayers
  789             | K_X int_number K_DO int_number K_STEP • int_number

    NUMBER  偏移，并进入状态 97

    int_number  转到状态 1870


状态 1807

  788 trackPattern: K_Y int_number K_DO int_number K_STEP • int_number $@99 K_LAYER $@100 trackLayers
  790             | K_Y int_number K_DO int_number K_STEP • int_number

    NUMBER  偏移，并进入状态 97

    int_number  转到状态 1871


状态 1808

  794 gcellPattern: K_X int_number K_DO int_number K_STEP • int_number

    NUMBER  偏移，并进入状态 97

    int_number  转到状态 1872


状态 1809

  795 gcellPattern: K_Y int_number K_DO int_number K_STEP • int_number

    NUMBER  偏移，并进入状态 97

    int_number  转到状态 1873


状态 1810

  902 one_cap: K_MINPINS int_number K_WIRECAP int_number • ';'

    ';'  偏移，并进入状态 1874


状态 1811

  489 nd_layer: K_LAYER $@67 T_STRING $@68 • K_WIDTH int_number ';' $@69 nd_layer_stmts K_END $@70 T_STRING

    K_WIDTH  偏移，并进入状态 1875


状态 1812

  479 nd_prop: K_PROPERTY $@66 nd_prop_list ';' •

    $default  使用规则 479 以归约 (nd_prop)


状态 1813

  481 nd_prop_list: nd_prop_list nd_prop •

    $default  使用规则 481 以归约 (nd_prop_list)


状态 1814

  477 mincuts: K_MINCUTS T_STRING int_number ';' •

    $default  使用规则 477 以归约 (mincuts)


状态 1815

  919 else: '\n' K_ELSE •

    $default  使用规则 919 以归约 (else)


状态 1816

  920 expression: expression • '+' expression
  921           | expression • '-' expression
  922           | expression • '*' expression
  923           | expression • '/' expression
  926           | K_IF b_expr then expression else expression •

    '-'  偏移，并进入状态 998
    '+'  偏移，并进入状态 999
    '*'  偏移，并进入状态 1000
    '/'  偏移，并进入状态 1001

    $default  使用规则 926 以归约 (expression)


状态 1817

  943 s_expr: s_expr • '+' s_expr
  945       | K_IF b_expr then s_expr else s_expr •

    '+'  偏移，并进入状态 1007

    $default  使用规则 945 以归约 (s_expr)


状态 1818

  934 b_expr: b_expr • K_EQ b_expr
  935       | b_expr • K_NE b_expr
  936       | b_expr • K_AND b_expr
  937       | b_expr • K_OR b_expr
  940       | K_IF b_expr then b_expr else b_expr •

    K_EQ   偏移，并进入状态 1026
    K_NE   偏移，并进入状态 1027
    K_OR   偏移，并进入状态 1028
    K_AND  偏移，并进入状态 1029

    $default  使用规则 940 以归约 (b_expr)


状态 1819

  994 opt_def_range: K_RANGE int_number int_number •

    $default  使用规则 994 以归约 (opt_def_range)


状态 1820

  1064 corr_victim: K_VICTIMLENGTH int_number • ';' $@145 K_CORRECTIONFACTOR corr_list ';'

    ';'  偏移，并进入状态 1876


状态 1821

  1062 corr_victim_list: corr_victim_list corr_victim •

    $default  使用规则 1062 以归约 (corr_victim_list)


状态 1822

  1047 victim: K_VICTIMLENGTH int_number • ';' $@142 K_VICTIMNOISE vnoiselist ';'

    ';'  偏移，并进入状态 1877


状态 1823

  1045 victim_list: victim_list victim •

    $default  使用规则 1045 以归约 (victim_list)


状态 1824

  268 cap_point: '(' int_number int_number ')' •

    $default  使用规则 268 以归约 (cap_point)


状态 1825

  271 res_point: '(' int_number int_number ')' •

    $default  使用规则 271 以归约 (res_point)


状态 1826

  1008 layer_spacing_cut_routing: K_LAYER $@133 T_STRING $@134 • spacing_cut_layer_opt

    K_STACK  偏移，并进入状态 1878

    $default  使用规则 1020 以归约 (spacing_cut_layer_opt)

    spacing_cut_layer_opt  转到状态 1879


状态 1827

  1013 layer_spacing_cut_routing: K_RANGE int_number int_number $@136 • opt_range_second

    K_INFLUENCE           偏移，并进入状态 1880
    K_RANGE               偏移，并进入状态 1881
    K_USELENGTHTHRESHOLD  偏移，并进入状态 1882

    $default  使用规则 981 以归约 (opt_range_second)

    opt_range_second  转到状态 1883


状态 1828

  1015 layer_spacing_cut_routing: K_LENGTHTHRESHOLD int_number K_RANGE int_number • int_number

    NUMBER  偏移，并进入状态 97

    int_number  转到状态 1884


状态 1829

  1010 layer_spacing_cut_routing: K_ADJACENTCUTS int_number K_WITHIN int_number • $@135 opt_adjacentcuts_exceptsame

    $default  使用规则 1009 以归约 ($@135)

    $@135  转到状态 1885


状态 1830

  1017 layer_spacing_cut_routing: K_ENDOFLINE int_number K_WITHIN int_number • $@137 opt_endofline

    $default  使用规则 1016 以归约 ($@137)

    $@137  转到状态 1886


状态 1831

  1019 layer_spacing_cut_routing: K_ENDOFNOTCHWIDTH int_number K_NOTCHSPACING int_number • K_NOTCHLENGTH int_number

    K_NOTCHLENGTH  偏移，并进入状态 1887


状态 1832

  246 layer_frequency: K_FREQUENCY NUMBER $@39 number_list ';' • $@40 ac_layer_table_opt K_TABLEENTRIES NUMBER $@41 number_list ';'

    $default  使用规则 244 以归约 ($@40)

    $@40  转到状态 1888


状态 1833

  129 layer_option: K_DCCURRENTDENSITY K_AVERAGE K_WIDTH int_number $@12 int_number_list ';' $@13 • dc_layer_table

    K_TABLEENTRIES  偏移，并进入状态 1889

    dc_layer_table  转到状态 1890


状态 1834

  126 layer_option: K_DCCURRENTDENSITY K_AVERAGE K_CUTAREA NUMBER $@10 number_list ';' $@11 • dc_layer_table

    K_TABLEENTRIES  偏移，并进入状态 1889

    dc_layer_table  转到状态 1891


状态 1835

  234 layer_antenna_pwl: K_PWL '(' pt pt $@38 layer_diffusion_ratios • ')'
  236 layer_diffusion_ratios: layer_diffusion_ratios • layer_diffusion_ratio

    NUMBER  偏移，并进入状态 97
    '('     偏移，并进入状态 514
    ')'     偏移，并进入状态 1892

    int_number             转到状态 515
    layer_diffusion_ratio  转到状态 1776
    pt                     转到状态 1777


状态 1836

  223 layer_minimumcut_length: K_LENGTH • int_number K_WITHIN int_number

    NUMBER  偏移，并进入状态 97

    int_number  转到状态 1893


状态 1837

  172 layer_option: K_MINIMUMCUT int_number K_WIDTH int_number $@24 layer_minimumcut_within layer_minimumcut_from layer_minimumcut_length • ';'

    ';'  偏移，并进入状态 1894


状态 1838

  211 layer_enclosure_width_opt: K_WIDTH int_number $@37 • layer_enclosure_width_except_opt

    K_EXCEPTEXTRACUT  偏移，并进入状态 1895

    $default  使用规则 213 以归约 (layer_enclosure_width_except_opt)

    layer_enclosure_width_except_opt  转到状态 1896


状态 1839

  205 layer_spacingtable_opt: K_WITHIN • int_number K_SPACING int_number

    NUMBER  偏移，并进入状态 97

    int_number  转到状态 1897


状态 1840

  102 layer_option: K_SPACINGTABLE K_ORTHOGONAL K_WITHIN int_number K_SPACING int_number $@7 layer_spacingtable_opts • ';'

    ';'  偏移，并进入状态 1898


状态 1841

  204 layer_spacingtable_opts: layer_spacingtable_opt • layer_spacingtable_opts

    K_WITHIN  偏移，并进入状态 1839

    $default  使用规则 203 以归约 (layer_spacingtable_opts)

    layer_spacingtable_opts  转到状态 1899
    layer_spacingtable_opt   转到状态 1841


状态 1842

  202 sp_options: K_INFLUENCE K_WIDTH int_number K_WITHIN int_number K_SPACING • int_number $@36 layer_sp_influence_widths

    NUMBER  偏移，并进入状态 97

    int_number  转到状态 1900


状态 1843

  197 sp_options: K_PARALLELRUNLENGTH int_number $@30 int_number_list $@31 K_WIDTH • int_number $@32 int_number_list $@33 layer_sp_parallel_widths

    NUMBER  偏移，并进入状态 97

    int_number  转到状态 1901


状态 1844

  200 sp_options: K_TWOWIDTHS K_WIDTH int_number layer_sp_TwoWidthsPRL int_number $@34 • int_number_list $@35 layer_sp_TwoWidths

    $default  使用规则 254 以归约 (int_number_list)

    int_number_list  转到状态 1902


状态 1845

  192 layer_arraySpacing_arraycut: K_ARRAYCUTS • int_number K_SPACING int_number

    NUMBER  偏移，并进入状态 97

    int_number  转到状态 1903


状态 1846

   86 layer_option: K_ARRAYSPACING $@4 layer_arraySpacing_long layer_arraySpacing_width K_CUTSPACING int_number $@5 layer_arraySpacing_arraycuts • ';'

    ';'  偏移，并进入状态 1904


状态 1847

  191 layer_arraySpacing_arraycuts: layer_arraySpacing_arraycut • layer_arraySpacing_arraycuts

    K_ARRAYCUTS  偏移，并进入状态 1845

    $default  使用规则 190 以归约 (layer_arraySpacing_arraycuts)

    layer_arraySpacing_arraycuts  转到状态 1905
    layer_arraySpacing_arraycut   转到状态 1847


状态 1848

  153 layer_option: K_ANTENNAAREADIFFREDUCEPWL '(' pt pt $@21 layer_diffusion_ratios ')' ';' • $@22

    $default  使用规则 152 以归约 ($@22)

    $@22  转到状态 1906


状态 1849

  341 via_viarule: K_VIARULE $@49 T_STRING ';' K_CUTSIZE int_number int_number ';' • K_LAYERS $@50 T_STRING T_STRING T_STRING ';' K_CUTSPACING int_number int_number ';' K_ENCLOSURE int_number int_number int_number int_number ';' $@51 via_viarule_options

    K_LAYERS  偏移，并进入状态 1907


状态 1850

  394 via_geometry: K_POLYGON maskColor $@56 firstPt nextPt nextPt • otherPts ';'

    $default  使用规则 774 以归约 (otherPts)

    otherPts  转到状态 1908


状态 1851

  807 density_layer_rect: K_RECT pt • pt int_number ';'

    NUMBER  偏移，并进入状态 97
    '('     偏移，并进入状态 514

    int_number  转到状态 515
    pt          转到状态 1909


状态 1852

  804 density_layer: K_LAYER $@101 T_STRING ';' $@102 density_layer_rect density_layer_rects •
  806 density_layer_rects: density_layer_rects • density_layer_rect

    K_RECT  偏移，并进入状态 1781

    $default  使用规则 804 以归约 (density_layer)

    density_layer_rect  转到状态 1910


状态 1853

  781 sitePattern: T_STRING int_number int_number orientation K_DO int_number K_BY • int_number K_STEP int_number int_number

    NUMBER  偏移，并进入状态 97

    int_number  转到状态 1911


状态 1854

  771 layer_spacing: K_DESIGNRULEWIDTH int_number •

    $default  使用规则 771 以归约 (layer_spacing)


状态 1855

  770 layer_spacing: K_SPACING int_number •

    $default  使用规则 770 以归约 (layer_spacing)


状态 1856

  756 geometry: K_LAYER $@93 T_STRING $@94 layer_exceptpgnet layer_spacing ';' •

    $default  使用规则 756 以归约 (geometry)


状态 1857

  780 stepPattern: K_DO int_number • K_BY int_number K_STEP int_number int_number

    K_BY  偏移，并进入状态 1912


状态 1858

  759 geometry: K_PATH maskColor K_ITERATE firstPt otherPts stepPattern ';' •

    $default  使用规则 759 以归约 (geometry)


状态 1859

  763 geometry: K_POLYGON maskColor K_ITERATE firstPt nextPt nextPt otherPts • stepPattern ';'
  775 otherPts: otherPts • nextPt

    K_DO    偏移，并进入状态 1793
    NUMBER  偏移，并进入状态 97
    '('     偏移，并进入状态 514

    int_number   转到状态 515
    pt           转到状态 1402
    nextPt       转到状态 1403
    stepPattern  转到状态 1913


状态 1860

  762 geometry: K_POLYGON maskColor firstPt nextPt nextPt otherPts ';' •

    $default  使用规则 762 以归约 (geometry)


状态 1861

  761 geometry: K_RECT maskColor K_ITERATE pt pt stepPattern ';' •

    $default  使用规则 761 以归约 (geometry)


状态 1862

  779 via_placement: K_VIA K_ITERATE maskColor pt $@96 T_STRING stepPattern • ';'

    ';'  偏移，并进入状态 1914


状态 1863

  833 timing_option: K_STABLE K_SETUP int_number K_HOLD int_number risefall • ';'

    ';'  偏移，并进入状态 1915


状态 1864

  857 table_entry: '(' int_number int_number int_number ')' •

    $default  使用规则 857 以归约 (table_entry)


状态 1865

  835 timing_option: one_pin_trigger K_TABLEDIMENSION int_number int_number int_number ';' •

    $default  使用规则 835 以归约 (timing_option)


状态 1866

  834 timing_option: two_pin_trigger from_pin_trigger to_pin_trigger K_TABLEDIMENSION int_number int_number • int_number ';'

    NUMBER  偏移，并进入状态 97

    int_number  转到状态 1916


状态 1867

  861 slew_spec: int_number • int_number int_number int_number
  862          | int_number • int_number int_number int_number int_number int_number int_number

    NUMBER  偏移，并进入状态 97

    int_number  转到状态 1917


状态 1868

  820 timing_option: risefall K_INTRINSIC int_number int_number $@106 slew_spec • K_VARIABLE int_number int_number ';'

    K_VARIABLE  偏移，并进入状态 1918


状态 1869

  821 timing_option: risefall delay_or_transition K_UNATENESS unateness K_TABLEDIMENSION int_number • int_number int_number ';'

    NUMBER  偏移，并进入状态 97

    int_number  转到状态 1919


状态 1870

  785 trackPattern: K_X int_number K_DO int_number K_STEP int_number • $@97 K_LAYER $@98 trackLayers
  789             | K_X int_number K_DO int_number K_STEP int_number •

    ';'       使用规则 789 以归约 (trackPattern)
    $default  使用规则 783 以归约 ($@97)

    $@97  转到状态 1920


状态 1871

  788 trackPattern: K_Y int_number K_DO int_number K_STEP int_number • $@99 K_LAYER $@100 trackLayers
  790             | K_Y int_number K_DO int_number K_STEP int_number •

    ';'       使用规则 790 以归约 (trackPattern)
    $default  使用规则 786 以归约 ($@99)

    $@99  转到状态 1921


状态 1872

  794 gcellPattern: K_X int_number K_DO int_number K_STEP int_number •

    $default  使用规则 794 以归约 (gcellPattern)


状态 1873

  795 gcellPattern: K_Y int_number K_DO int_number K_STEP int_number •

    $default  使用规则 795 以归约 (gcellPattern)


状态 1874

  902 one_cap: K_MINPINS int_number K_WIRECAP int_number ';' •

    $default  使用规则 902 以归约 (one_cap)


状态 1875

  489 nd_layer: K_LAYER $@67 T_STRING $@68 K_WIDTH • int_number ';' $@69 nd_layer_stmts K_END $@70 T_STRING

    NUMBER  偏移，并进入状态 97

    int_number  转到状态 1922


状态 1876

  1064 corr_victim: K_VICTIMLENGTH int_number ';' • $@145 K_CORRECTIONFACTOR corr_list ';'

    $default  使用规则 1063 以归约 ($@145)

    $@145  转到状态 1923


状态 1877

  1047 victim: K_VICTIMLENGTH int_number ';' • $@142 K_VICTIMNOISE vnoiselist ';'

    $default  使用规则 1046 以归约 ($@142)

    $@142  转到状态 1924


状态 1878

  1021 spacing_cut_layer_opt: K_STACK •

    $default  使用规则 1021 以归约 (spacing_cut_layer_opt)


状态 1879

  1008 layer_spacing_cut_routing: K_LAYER $@133 T_STRING $@134 spacing_cut_layer_opt •

    $default  使用规则 1008 以归约 (layer_spacing_cut_routing)


状态 1880

  983 opt_range_second: K_INFLUENCE • int_number
  984                 | K_INFLUENCE • int_number K_RANGE int_number int_number

    NUMBER  偏移，并进入状态 97

    int_number  转到状态 1925


状态 1881

  985 opt_range_second: K_RANGE • int_number int_number

    NUMBER  偏移，并进入状态 97

    int_number  转到状态 1926


状态 1882

  982 opt_range_second: K_USELENGTHTHRESHOLD •

    $default  使用规则 982 以归约 (opt_range_second)


状态 1883

  1013 layer_spacing_cut_routing: K_RANGE int_number int_number $@136 opt_range_second •

    $default  使用规则 1013 以归约 (layer_spacing_cut_routing)


状态 1884

  1015 layer_spacing_cut_routing: K_LENGTHTHRESHOLD int_number K_RANGE int_number int_number •

    $default  使用规则 1015 以归约 (layer_spacing_cut_routing)


状态 1885

  1010 layer_spacing_cut_routing: K_ADJACENTCUTS int_number K_WITHIN int_number $@135 • opt_adjacentcuts_exceptsame

    K_EXCEPTSAMEPGNET  偏移，并进入状态 1927

    $default  使用规则 1022 以归约 (opt_adjacentcuts_exceptsame)

    opt_adjacentcuts_exceptsame  转到状态 1928


状态 1886

  1017 layer_spacing_cut_routing: K_ENDOFLINE int_number K_WITHIN int_number $@137 • opt_endofline

    K_PARALLELEDGE  偏移，并进入状态 1929

    $default  使用规则 986 以归约 (opt_endofline)

    opt_endofline  转到状态 1930


状态 1887

  1019 layer_spacing_cut_routing: K_ENDOFNOTCHWIDTH int_number K_NOTCHSPACING int_number K_NOTCHLENGTH • int_number

    NUMBER  偏移，并进入状态 97

    int_number  转到状态 1931


状态 1888

  246 layer_frequency: K_FREQUENCY NUMBER $@39 number_list ';' $@40 • ac_layer_table_opt K_TABLEENTRIES NUMBER $@41 number_list ';'

    K_WIDTH    偏移，并进入状态 1932
    K_CUTAREA  偏移，并进入状态 1933

    $default  使用规则 247 以归约 (ac_layer_table_opt)

    ac_layer_table_opt  转到状态 1934


状态 1889

  253 dc_layer_table: K_TABLEENTRIES • int_number $@44 int_number_list ';'

    NUMBER  偏移，并进入状态 97

    int_number  转到状态 1935


状态 1890

  129 layer_option: K_DCCURRENTDENSITY K_AVERAGE K_WIDTH int_number $@12 int_number_list ';' $@13 dc_layer_table •

    $default  使用规则 129 以归约 (layer_option)


状态 1891

  126 layer_option: K_DCCURRENTDENSITY K_AVERAGE K_CUTAREA NUMBER $@10 number_list ';' $@11 dc_layer_table •

    $default  使用规则 126 以归约 (layer_option)


状态 1892

  234 layer_antenna_pwl: K_PWL '(' pt pt $@38 layer_diffusion_ratios ')' •

    $default  使用规则 234 以归约 (layer_antenna_pwl)


状态 1893

  223 layer_minimumcut_length: K_LENGTH int_number • K_WITHIN int_number

    K_WITHIN  偏移，并进入状态 1936


状态 1894

  172 layer_option: K_MINIMUMCUT int_number K_WIDTH int_number $@24 layer_minimumcut_within layer_minimumcut_from layer_minimumcut_length ';' •

    $default  使用规则 172 以归约 (layer_option)


状态 1895

  214 layer_enclosure_width_except_opt: K_EXCEPTEXTRACUT • int_number

    NUMBER  偏移，并进入状态 97

    int_number  转到状态 1937


状态 1896

  211 layer_enclosure_width_opt: K_WIDTH int_number $@37 layer_enclosure_width_except_opt •

    $default  使用规则 211 以归约 (layer_enclosure_width_opt)


状态 1897

  205 layer_spacingtable_opt: K_WITHIN int_number • K_SPACING int_number

    K_SPACING  偏移，并进入状态 1938


状态 1898

  102 layer_option: K_SPACINGTABLE K_ORTHOGONAL K_WITHIN int_number K_SPACING int_number $@7 layer_spacingtable_opts ';' •

    $default  使用规则 102 以归约 (layer_option)


状态 1899

  204 layer_spacingtable_opts: layer_spacingtable_opt layer_spacingtable_opts •

    $default  使用规则 204 以归约 (layer_spacingtable_opts)


状态 1900

  202 sp_options: K_INFLUENCE K_WIDTH int_number K_WITHIN int_number K_SPACING int_number • $@36 layer_sp_influence_widths

    $default  使用规则 201 以归约 ($@36)

    $@36  转到状态 1939


状态 1901

  197 sp_options: K_PARALLELRUNLENGTH int_number $@30 int_number_list $@31 K_WIDTH int_number • $@32 int_number_list $@33 layer_sp_parallel_widths

    $default  使用规则 195 以归约 ($@32)

    $@32  转到状态 1940


状态 1902

  200 sp_options: K_TWOWIDTHS K_WIDTH int_number layer_sp_TwoWidthsPRL int_number $@34 int_number_list • $@35 layer_sp_TwoWidths
  255 int_number_list: int_number_list • int_number

    NUMBER  偏移，并进入状态 97

    $default  使用规则 199 以归约 ($@35)

    int_number  转到状态 1755
    $@35        转到状态 1941


状态 1903

  192 layer_arraySpacing_arraycut: K_ARRAYCUTS int_number • K_SPACING int_number

    K_SPACING  偏移，并进入状态 1942


状态 1904

   86 layer_option: K_ARRAYSPACING $@4 layer_arraySpacing_long layer_arraySpacing_width K_CUTSPACING int_number $@5 layer_arraySpacing_arraycuts ';' •

    $default  使用规则 86 以归约 (layer_option)


状态 1905

  191 layer_arraySpacing_arraycuts: layer_arraySpacing_arraycut layer_arraySpacing_arraycuts •

    $default  使用规则 191 以归约 (layer_arraySpacing_arraycuts)


状态 1906

  153 layer_option: K_ANTENNAAREADIFFREDUCEPWL '(' pt pt $@21 layer_diffusion_ratios ')' ';' $@22 •

    $default  使用规则 153 以归约 (layer_option)


状态 1907

  341 via_viarule: K_VIARULE $@49 T_STRING ';' K_CUTSIZE int_number int_number ';' K_LAYERS • $@50 T_STRING T_STRING T_STRING ';' K_CUTSPACING int_number int_number ';' K_ENCLOSURE int_number int_number int_number int_number ';' $@51 via_viarule_options

    $default  使用规则 339 以归约 ($@50)

    $@50  转到状态 1943


状态 1908

  394 via_geometry: K_POLYGON maskColor $@56 firstPt nextPt nextPt otherPts • ';'
  775 otherPts: otherPts • nextPt

    NUMBER  偏移，并进入状态 97
    ';'     偏移，并进入状态 1944
    '('     偏移，并进入状态 514

    int_number  转到状态 515
    pt          转到状态 1402
    nextPt      转到状态 1403


状态 1909

  807 density_layer_rect: K_RECT pt pt • int_number ';'

    NUMBER  偏移，并进入状态 97

    int_number  转到状态 1945


状态 1910

  806 density_layer_rects: density_layer_rects density_layer_rect •

    $default  使用规则 806 以归约 (density_layer_rects)


状态 1911

  781 sitePattern: T_STRING int_number int_number orientation K_DO int_number K_BY int_number • K_STEP int_number int_number

    K_STEP  偏移，并进入状态 1946


状态 1912

  780 stepPattern: K_DO int_number K_BY • int_number K_STEP int_number int_number

    NUMBER  偏移，并进入状态 97

    int_number  转到状态 1947


状态 1913

  763 geometry: K_POLYGON maskColor K_ITERATE firstPt nextPt nextPt otherPts stepPattern • ';'

    ';'  偏移，并进入状态 1948


状态 1914

  779 via_placement: K_VIA K_ITERATE maskColor pt $@96 T_STRING stepPattern ';' •

    $default  使用规则 779 以归约 (via_placement)


状态 1915

  833 timing_option: K_STABLE K_SETUP int_number K_HOLD int_number risefall ';' •

    $default  使用规则 833 以归约 (timing_option)


状态 1916

  834 timing_option: two_pin_trigger from_pin_trigger to_pin_trigger K_TABLEDIMENSION int_number int_number int_number • ';'

    ';'  偏移，并进入状态 1949


状态 1917

  861 slew_spec: int_number int_number • int_number int_number
  862          | int_number int_number • int_number int_number int_number int_number int_number

    NUMBER  偏移，并进入状态 97

    int_number  转到状态 1950


状态 1918

  820 timing_option: risefall K_INTRINSIC int_number int_number $@106 slew_spec K_VARIABLE • int_number int_number ';'

    NUMBER  偏移，并进入状态 97

    int_number  转到状态 1951


状态 1919

  821 timing_option: risefall delay_or_transition K_UNATENESS unateness K_TABLEDIMENSION int_number int_number • int_number ';'

    NUMBER  偏移，并进入状态 97

    int_number  转到状态 1952


状态 1920

  785 trackPattern: K_X int_number K_DO int_number K_STEP int_number $@97 • K_LAYER $@98 trackLayers

    K_LAYER  偏移，并进入状态 1953


状态 1921

  788 trackPattern: K_Y int_number K_DO int_number K_STEP int_number $@99 • K_LAYER $@100 trackLayers

    K_LAYER  偏移，并进入状态 1954


状态 1922

  489 nd_layer: K_LAYER $@67 T_STRING $@68 K_WIDTH int_number • ';' $@69 nd_layer_stmts K_END $@70 T_STRING

    ';'  偏移，并进入状态 1955


状态 1923

  1064 corr_victim: K_VICTIMLENGTH int_number ';' $@145 • K_CORRECTIONFACTOR corr_list ';'

    K_CORRECTIONFACTOR  偏移，并进入状态 1956


状态 1924

  1047 victim: K_VICTIMLENGTH int_number ';' $@142 • K_VICTIMNOISE vnoiselist ';'

    K_VICTIMNOISE  偏移，并进入状态 1957


状态 1925

  983 opt_range_second: K_INFLUENCE int_number •
  984                 | K_INFLUENCE int_number • K_RANGE int_number int_number

    K_RANGE  偏移，并进入状态 1958

    $default  使用规则 983 以归约 (opt_range_second)


状态 1926

  985 opt_range_second: K_RANGE int_number • int_number

    NUMBER  偏移，并进入状态 97

    int_number  转到状态 1959


状态 1927

  1023 opt_adjacentcuts_exceptsame: K_EXCEPTSAMEPGNET •

    $default  使用规则 1023 以归约 (opt_adjacentcuts_exceptsame)


状态 1928

  1010 layer_spacing_cut_routing: K_ADJACENTCUTS int_number K_WITHIN int_number $@135 opt_adjacentcuts_exceptsame •

    $default  使用规则 1010 以归约 (layer_spacing_cut_routing)


状态 1929

  988 opt_endofline: K_PARALLELEDGE • int_number K_WITHIN int_number $@131 opt_endofline_twoedges

    NUMBER  偏移，并进入状态 97

    int_number  转到状态 1960


状态 1930

  1017 layer_spacing_cut_routing: K_ENDOFLINE int_number K_WITHIN int_number $@137 opt_endofline •

    $default  使用规则 1017 以归约 (layer_spacing_cut_routing)


状态 1931

  1019 layer_spacing_cut_routing: K_ENDOFNOTCHWIDTH int_number K_NOTCHSPACING int_number K_NOTCHLENGTH int_number •

    $default  使用规则 1019 以归约 (layer_spacing_cut_routing)


状态 1932

  251 ac_layer_table_opt: K_WIDTH • int_number $@43 int_number_list ';'

    NUMBER  偏移，并进入状态 97

    int_number  转到状态 1961


状态 1933

  249 ac_layer_table_opt: K_CUTAREA • NUMBER $@42 number_list ';'

    NUMBER  偏移，并进入状态 1962


状态 1934

  246 layer_frequency: K_FREQUENCY NUMBER $@39 number_list ';' $@40 ac_layer_table_opt • K_TABLEENTRIES NUMBER $@41 number_list ';'

    K_TABLEENTRIES  偏移，并进入状态 1963


状态 1935

  253 dc_layer_table: K_TABLEENTRIES int_number • $@44 int_number_list ';'

    $default  使用规则 252 以归约 ($@44)

    $@44  转到状态 1964


状态 1936

  223 layer_minimumcut_length: K_LENGTH int_number K_WITHIN • int_number

    NUMBER  偏移，并进入状态 97

    int_number  转到状态 1965


状态 1937

  214 layer_enclosure_width_except_opt: K_EXCEPTEXTRACUT int_number •

    $default  使用规则 214 以归约 (layer_enclosure_width_except_opt)


状态 1938

  205 layer_spacingtable_opt: K_WITHIN int_number K_SPACING • int_number

    NUMBER  偏移，并进入状态 97

    int_number  转到状态 1966


状态 1939

  202 sp_options: K_INFLUENCE K_WIDTH int_number K_WITHIN int_number K_SPACING int_number $@36 • layer_sp_influence_widths

    $default  使用规则 326 以归约 (layer_sp_influence_widths)

    layer_sp_influence_widths  转到状态 1967


状态 1940

  197 sp_options: K_PARALLELRUNLENGTH int_number $@30 int_number_list $@31 K_WIDTH int_number $@32 • int_number_list $@33 layer_sp_parallel_widths

    $default  使用规则 254 以归约 (int_number_list)

    int_number_list  转到状态 1968


状态 1941

  200 sp_options: K_TWOWIDTHS K_WIDTH int_number layer_sp_TwoWidthsPRL int_number $@34 int_number_list $@35 • layer_sp_TwoWidths

    K_WIDTH  偏移，并进入状态 1969

    $default  使用规则 320 以归约 (layer_sp_TwoWidths)

    layer_sp_TwoWidths  转到状态 1970
    layer_sp_TwoWidth   转到状态 1971


状态 1942

  192 layer_arraySpacing_arraycut: K_ARRAYCUTS int_number K_SPACING • int_number

    NUMBER  偏移，并进入状态 97

    int_number  转到状态 1972


状态 1943

  341 via_viarule: K_VIARULE $@49 T_STRING ';' K_CUTSIZE int_number int_number ';' K_LAYERS $@50 • T_STRING T_STRING T_STRING ';' K_CUTSPACING int_number int_number ';' K_ENCLOSURE int_number int_number int_number int_number ';' $@51 via_viarule_options

    T_STRING  偏移，并进入状态 1973


状态 1944

  394 via_geometry: K_POLYGON maskColor $@56 firstPt nextPt nextPt otherPts ';' •

    $default  使用规则 394 以归约 (via_geometry)


状态 1945

  807 density_layer_rect: K_RECT pt pt int_number • ';'

    ';'  偏移，并进入状态 1974


状态 1946

  781 sitePattern: T_STRING int_number int_number orientation K_DO int_number K_BY int_number K_STEP • int_number int_number

    NUMBER  偏移，并进入状态 97

    int_number  转到状态 1975


状态 1947

  780 stepPattern: K_DO int_number K_BY int_number • K_STEP int_number int_number

    K_STEP  偏移，并进入状态 1976


状态 1948

  763 geometry: K_POLYGON maskColor K_ITERATE firstPt nextPt nextPt otherPts stepPattern ';' •

    $default  使用规则 763 以归约 (geometry)


状态 1949

  834 timing_option: two_pin_trigger from_pin_trigger to_pin_trigger K_TABLEDIMENSION int_number int_number int_number ';' •

    $default  使用规则 834 以归约 (timing_option)


状态 1950

  861 slew_spec: int_number int_number int_number • int_number
  862          | int_number int_number int_number • int_number int_number int_number int_number

    NUMBER  偏移，并进入状态 97

    int_number  转到状态 1977


状态 1951

  820 timing_option: risefall K_INTRINSIC int_number int_number $@106 slew_spec K_VARIABLE int_number • int_number ';'

    NUMBER  偏移，并进入状态 97

    int_number  转到状态 1978


状态 1952

  821 timing_option: risefall delay_or_transition K_UNATENESS unateness K_TABLEDIMENSION int_number int_number int_number • ';'

    ';'  偏移，并进入状态 1979


状态 1953

  785 trackPattern: K_X int_number K_DO int_number K_STEP int_number $@97 K_LAYER • $@98 trackLayers

    $default  使用规则 784 以归约 ($@98)

    $@98  转到状态 1980


状态 1954

  788 trackPattern: K_Y int_number K_DO int_number K_STEP int_number $@99 K_LAYER • $@100 trackLayers

    $default  使用规则 787 以归约 ($@100)

    $@100  转到状态 1981


状态 1955

  489 nd_layer: K_LAYER $@67 T_STRING $@68 K_WIDTH int_number ';' • $@69 nd_layer_stmts K_END $@70 T_STRING

    $default  使用规则 487 以归约 ($@69)

    $@69  转到状态 1982


状态 1956

  1064 corr_victim: K_VICTIMLENGTH int_number ';' $@145 K_CORRECTIONFACTOR • corr_list ';'

    NUMBER  偏移，并进入状态 97

    int_number  转到状态 1983
    corr_list   转到状态 1984


状态 1957

  1047 victim: K_VICTIMLENGTH int_number ';' $@142 K_VICTIMNOISE • vnoiselist ';'

    NUMBER  偏移，并进入状态 97

    int_number  转到状态 1985
    vnoiselist  转到状态 1986


状态 1958

  984 opt_range_second: K_INFLUENCE int_number K_RANGE • int_number int_number

    NUMBER  偏移，并进入状态 97

    int_number  转到状态 1987


状态 1959

  985 opt_range_second: K_RANGE int_number int_number •

    $default  使用规则 985 以归约 (opt_range_second)


状态 1960

  988 opt_endofline: K_PARALLELEDGE int_number • K_WITHIN int_number $@131 opt_endofline_twoedges

    K_WITHIN  偏移，并进入状态 1988


状态 1961

  251 ac_layer_table_opt: K_WIDTH int_number • $@43 int_number_list ';'

    $default  使用规则 250 以归约 ($@43)

    $@43  转到状态 1989


状态 1962

  249 ac_layer_table_opt: K_CUTAREA NUMBER • $@42 number_list ';'

    $default  使用规则 248 以归约 ($@42)

    $@42  转到状态 1990


状态 1963

  246 layer_frequency: K_FREQUENCY NUMBER $@39 number_list ';' $@40 ac_layer_table_opt K_TABLEENTRIES • NUMBER $@41 number_list ';'

    NUMBER  偏移，并进入状态 1991


状态 1964

  253 dc_layer_table: K_TABLEENTRIES int_number $@44 • int_number_list ';'

    $default  使用规则 254 以归约 (int_number_list)

    int_number_list  转到状态 1992


状态 1965

  223 layer_minimumcut_length: K_LENGTH int_number K_WITHIN int_number •

    $default  使用规则 223 以归约 (layer_minimumcut_length)


状态 1966

  205 layer_spacingtable_opt: K_WITHIN int_number K_SPACING int_number •

    $default  使用规则 205 以归约 (layer_spacingtable_opt)


状态 1967

  202 sp_options: K_INFLUENCE K_WIDTH int_number K_WITHIN int_number K_SPACING int_number $@36 layer_sp_influence_widths •
  327 layer_sp_influence_widths: layer_sp_influence_widths • layer_sp_influence_width

    K_WIDTH  偏移，并进入状态 1993

    $default  使用规则 202 以归约 (sp_options)

    layer_sp_influence_width  转到状态 1994


状态 1968

  197 sp_options: K_PARALLELRUNLENGTH int_number $@30 int_number_list $@31 K_WIDTH int_number $@32 int_number_list • $@33 layer_sp_parallel_widths
  255 int_number_list: int_number_list • int_number

    NUMBER  偏移，并进入状态 97

    $default  使用规则 196 以归约 ($@33)

    int_number  转到状态 1755
    $@33        转到状态 1995


状态 1969

  323 layer_sp_TwoWidth: K_WIDTH • int_number layer_sp_TwoWidthsPRL int_number $@46 int_number_list

    NUMBER  偏移，并进入状态 97

    int_number  转到状态 1996


状态 1970

  200 sp_options: K_TWOWIDTHS K_WIDTH int_number layer_sp_TwoWidthsPRL int_number $@34 int_number_list $@35 layer_sp_TwoWidths •

    $default  使用规则 200 以归约 (sp_options)


状态 1971

  321 layer_sp_TwoWidths: layer_sp_TwoWidth • layer_sp_TwoWidths

    K_WIDTH  偏移，并进入状态 1969

    $default  使用规则 320 以归约 (layer_sp_TwoWidths)

    layer_sp_TwoWidths  转到状态 1997
    layer_sp_TwoWidth   转到状态 1971


状态 1972

  192 layer_arraySpacing_arraycut: K_ARRAYCUTS int_number K_SPACING int_number •

    $default  使用规则 192 以归约 (layer_arraySpacing_arraycut)


状态 1973

  341 via_viarule: K_VIARULE $@49 T_STRING ';' K_CUTSIZE int_number int_number ';' K_LAYERS $@50 T_STRING • T_STRING T_STRING ';' K_CUTSPACING int_number int_number ';' K_ENCLOSURE int_number int_number int_number int_number ';' $@51 via_viarule_options

    T_STRING  偏移，并进入状态 1998


状态 1974

  807 density_layer_rect: K_RECT pt pt int_number ';' •

    $default  使用规则 807 以归约 (density_layer_rect)


状态 1975

  781 sitePattern: T_STRING int_number int_number orientation K_DO int_number K_BY int_number K_STEP int_number • int_number

    NUMBER  偏移，并进入状态 97

    int_number  转到状态 1999


状态 1976

  780 stepPattern: K_DO int_number K_BY int_number K_STEP • int_number int_number

    NUMBER  偏移，并进入状态 97

    int_number  转到状态 2000


状态 1977

  861 slew_spec: int_number int_number int_number int_number •
  862          | int_number int_number int_number int_number • int_number int_number int_number

    NUMBER  偏移，并进入状态 97

    $default  使用规则 861 以归约 (slew_spec)

    int_number  转到状态 2001


状态 1978

  820 timing_option: risefall K_INTRINSIC int_number int_number $@106 slew_spec K_VARIABLE int_number int_number • ';'

    ';'  偏移，并进入状态 2002


状态 1979

  821 timing_option: risefall delay_or_transition K_UNATENESS unateness K_TABLEDIMENSION int_number int_number int_number ';' •

    $default  使用规则 821 以归约 (timing_option)


状态 1980

  785 trackPattern: K_X int_number K_DO int_number K_STEP int_number $@97 K_LAYER $@98 • trackLayers

    $default  使用规则 791 以归约 (trackLayers)

    trackLayers  转到状态 2003


状态 1981

  788 trackPattern: K_Y int_number K_DO int_number K_STEP int_number $@99 K_LAYER $@100 • trackLayers

    $default  使用规则 791 以归约 (trackLayers)

    trackLayers  转到状态 2004


状态 1982

  489 nd_layer: K_LAYER $@67 T_STRING $@68 K_WIDTH int_number ';' $@69 • nd_layer_stmts K_END $@70 T_STRING

    $default  使用规则 490 以归约 (nd_layer_stmts)

    nd_layer_stmts  转到状态 2005


状态 1983

  1065 corr_list: int_number •

    $default  使用规则 1065 以归约 (corr_list)


状态 1984

  1064 corr_victim: K_VICTIMLENGTH int_number ';' $@145 K_CORRECTIONFACTOR corr_list • ';'
  1066 corr_list: corr_list • int_number

    NUMBER  偏移，并进入状态 97
    ';'     偏移，并进入状态 2006

    int_number  转到状态 2007


状态 1985

  1048 vnoiselist: int_number •

    $default  使用规则 1048 以归约 (vnoiselist)


状态 1986

  1047 victim: K_VICTIMLENGTH int_number ';' $@142 K_VICTIMNOISE vnoiselist • ';'
  1049 vnoiselist: vnoiselist • int_number

    NUMBER  偏移，并进入状态 97
    ';'     偏移，并进入状态 2008

    int_number  转到状态 2009


状态 1987

  984 opt_range_second: K_INFLUENCE int_number K_RANGE int_number • int_number

    NUMBER  偏移，并进入状态 97

    int_number  转到状态 2010


状态 1988

  988 opt_endofline: K_PARALLELEDGE int_number K_WITHIN • int_number $@131 opt_endofline_twoedges

    NUMBER  偏移，并进入状态 97

    int_number  转到状态 2011


状态 1989

  251 ac_layer_table_opt: K_WIDTH int_number $@43 • int_number_list ';'

    $default  使用规则 254 以归约 (int_number_list)

    int_number_list  转到状态 2012


状态 1990

  249 ac_layer_table_opt: K_CUTAREA NUMBER $@42 • number_list ';'

    $default  使用规则 256 以归约 (number_list)

    number_list  转到状态 2013


状态 1991

  246 layer_frequency: K_FREQUENCY NUMBER $@39 number_list ';' $@40 ac_layer_table_opt K_TABLEENTRIES NUMBER • $@41 number_list ';'

    $default  使用规则 245 以归约 ($@41)

    $@41  转到状态 2014


状态 1992

  253 dc_layer_table: K_TABLEENTRIES int_number $@44 int_number_list • ';'
  255 int_number_list: int_number_list • int_number

    NUMBER  偏移，并进入状态 97
    ';'     偏移，并进入状态 2015

    int_number  转到状态 1755


状态 1993

  328 layer_sp_influence_width: K_WIDTH • int_number K_WITHIN int_number K_SPACING int_number

    NUMBER  偏移，并进入状态 97

    int_number  转到状态 2016


状态 1994

  327 layer_sp_influence_widths: layer_sp_influence_widths layer_sp_influence_width •

    $default  使用规则 327 以归约 (layer_sp_influence_widths)


状态 1995

  197 sp_options: K_PARALLELRUNLENGTH int_number $@30 int_number_list $@31 K_WIDTH int_number $@32 int_number_list $@33 • layer_sp_parallel_widths

    $default  使用规则 316 以归约 (layer_sp_parallel_widths)

    layer_sp_parallel_widths  转到状态 2017


状态 1996

  323 layer_sp_TwoWidth: K_WIDTH int_number • layer_sp_TwoWidthsPRL int_number $@46 int_number_list

    K_PRL  偏移，并进入状态 1635

    $default  使用规则 324 以归约 (layer_sp_TwoWidthsPRL)

    layer_sp_TwoWidthsPRL  转到状态 2018


状态 1997

  321 layer_sp_TwoWidths: layer_sp_TwoWidth layer_sp_TwoWidths •

    $default  使用规则 321 以归约 (layer_sp_TwoWidths)


状态 1998

  341 via_viarule: K_VIARULE $@49 T_STRING ';' K_CUTSIZE int_number int_number ';' K_LAYERS $@50 T_STRING T_STRING • T_STRING ';' K_CUTSPACING int_number int_number ';' K_ENCLOSURE int_number int_number int_number int_number ';' $@51 via_viarule_options

    T_STRING  偏移，并进入状态 2019


状态 1999

  781 sitePattern: T_STRING int_number int_number orientation K_DO int_number K_BY int_number K_STEP int_number int_number •

    $default  使用规则 781 以归约 (sitePattern)


状态 2000

  780 stepPattern: K_DO int_number K_BY int_number K_STEP int_number • int_number

    NUMBER  偏移，并进入状态 97

    int_number  转到状态 2020


状态 2001

  862 slew_spec: int_number int_number int_number int_number int_number • int_number int_number

    NUMBER  偏移，并进入状态 97

    int_number  转到状态 2021


状态 2002

  820 timing_option: risefall K_INTRINSIC int_number int_number $@106 slew_spec K_VARIABLE int_number int_number ';' •

    $default  使用规则 820 以归约 (timing_option)


状态 2003

  785 trackPattern: K_X int_number K_DO int_number K_STEP int_number $@97 K_LAYER $@98 trackLayers •
  792 trackLayers: trackLayers • layer_name

    T_STRING  偏移，并进入状态 2022

    $default  使用规则 785 以归约 (trackPattern)

    layer_name  转到状态 2023


状态 2004

  788 trackPattern: K_Y int_number K_DO int_number K_STEP int_number $@99 K_LAYER $@100 trackLayers •
  792 trackLayers: trackLayers • layer_name

    T_STRING  偏移，并进入状态 2022

    $default  使用规则 788 以归约 (trackPattern)

    layer_name  转到状态 2023


状态 2005

  489 nd_layer: K_LAYER $@67 T_STRING $@68 K_WIDTH int_number ';' $@69 nd_layer_stmts • K_END $@70 T_STRING
  491 nd_layer_stmts: nd_layer_stmts • nd_layer_stmt

    K_CAPACITANCE      偏移，并进入状态 2024
    K_EDGECAPACITANCE  偏移，并进入状态 2025
    K_END              偏移，并进入状态 2026
    K_RESISTANCE       偏移，并进入状态 2027
    K_SPACING          偏移，并进入状态 2028
    K_WIREEXTENSION    偏移，并进入状态 2029
    K_DIAGWIDTH        偏移，并进入状态 2030

    nd_layer_stmt  转到状态 2031


状态 2006

  1064 corr_victim: K_VICTIMLENGTH int_number ';' $@145 K_CORRECTIONFACTOR corr_list ';' •

    $default  使用规则 1064 以归约 (corr_victim)


状态 2007

  1066 corr_list: corr_list int_number •

    $default  使用规则 1066 以归约 (corr_list)


状态 2008

  1047 victim: K_VICTIMLENGTH int_number ';' $@142 K_VICTIMNOISE vnoiselist ';' •

    $default  使用规则 1047 以归约 (victim)


状态 2009

  1049 vnoiselist: vnoiselist int_number •

    $default  使用规则 1049 以归约 (vnoiselist)


状态 2010

  984 opt_range_second: K_INFLUENCE int_number K_RANGE int_number int_number •

    $default  使用规则 984 以归约 (opt_range_second)


状态 2011

  988 opt_endofline: K_PARALLELEDGE int_number K_WITHIN int_number • $@131 opt_endofline_twoedges

    $default  使用规则 987 以归约 ($@131)

    $@131  转到状态 2032


状态 2012

  251 ac_layer_table_opt: K_WIDTH int_number $@43 int_number_list • ';'
  255 int_number_list: int_number_list • int_number

    NUMBER  偏移，并进入状态 97
    ';'     偏移，并进入状态 2033

    int_number  转到状态 1755


状态 2013

  249 ac_layer_table_opt: K_CUTAREA NUMBER $@42 number_list • ';'
  257 number_list: number_list • NUMBER

    NUMBER  偏移，并进入状态 1756
    ';'     偏移，并进入状态 2034


状态 2014

  246 layer_frequency: K_FREQUENCY NUMBER $@39 number_list ';' $@40 ac_layer_table_opt K_TABLEENTRIES NUMBER $@41 • number_list ';'

    $default  使用规则 256 以归约 (number_list)

    number_list  转到状态 2035


状态 2015

  253 dc_layer_table: K_TABLEENTRIES int_number $@44 int_number_list ';' •

    $default  使用规则 253 以归约 (dc_layer_table)


状态 2016

  328 layer_sp_influence_width: K_WIDTH int_number • K_WITHIN int_number K_SPACING int_number

    K_WITHIN  偏移，并进入状态 2036


状态 2017

  197 sp_options: K_PARALLELRUNLENGTH int_number $@30 int_number_list $@31 K_WIDTH int_number $@32 int_number_list $@33 layer_sp_parallel_widths •
  317 layer_sp_parallel_widths: layer_sp_parallel_widths • layer_sp_parallel_width

    K_WIDTH  偏移，并进入状态 2037

    $default  使用规则 197 以归约 (sp_options)

    layer_sp_parallel_width  转到状态 2038


状态 2018

  323 layer_sp_TwoWidth: K_WIDTH int_number layer_sp_TwoWidthsPRL • int_number $@46 int_number_list

    NUMBER  偏移，并进入状态 97

    int_number  转到状态 2039


状态 2019

  341 via_viarule: K_VIARULE $@49 T_STRING ';' K_CUTSIZE int_number int_number ';' K_LAYERS $@50 T_STRING T_STRING T_STRING • ';' K_CUTSPACING int_number int_number ';' K_ENCLOSURE int_number int_number int_number int_number ';' $@51 via_viarule_options

    ';'  偏移，并进入状态 2040


状态 2020

  780 stepPattern: K_DO int_number K_BY int_number K_STEP int_number int_number •

    $default  使用规则 780 以归约 (stepPattern)


状态 2021

  862 slew_spec: int_number int_number int_number int_number int_number int_number • int_number

    NUMBER  偏移，并进入状态 97

    int_number  转到状态 2041


状态 2022

  793 layer_name: T_STRING •

    $default  使用规则 793 以归约 (layer_name)


状态 2023

  792 trackLayers: trackLayers layer_name •

    $default  使用规则 792 以归约 (trackLayers)


状态 2024

  495 nd_layer_stmt: K_CAPACITANCE • K_CPERSQDIST int_number ';'

    K_CPERSQDIST  偏移，并进入状态 2042


状态 2025

  496 nd_layer_stmt: K_EDGECAPACITANCE • int_number ';'

    NUMBER  偏移，并进入状态 97

    int_number  转到状态 2043


状态 2026

  489 nd_layer: K_LAYER $@67 T_STRING $@68 K_WIDTH int_number ';' $@69 nd_layer_stmts K_END • $@70 T_STRING

    $default  使用规则 488 以归约 ($@70)

    $@70  转到状态 2044


状态 2027

  494 nd_layer_stmt: K_RESISTANCE • K_RPERSQ int_number ';'

    K_RPERSQ  偏移，并进入状态 2045


状态 2028

  492 nd_layer_stmt: K_SPACING • int_number ';'

    NUMBER  偏移，并进入状态 97

    int_number  转到状态 2046


状态 2029

  493 nd_layer_stmt: K_WIREEXTENSION • int_number ';'

    NUMBER  偏移，并进入状态 97

    int_number  转到状态 2047


状态 2030

  497 nd_layer_stmt: K_DIAGWIDTH • int_number ';'

    NUMBER  偏移，并进入状态 97

    int_number  转到状态 2048


状态 2031

  491 nd_layer_stmts: nd_layer_stmts nd_layer_stmt •

    $default  使用规则 491 以归约 (nd_layer_stmts)


状态 2032

  988 opt_endofline: K_PARALLELEDGE int_number K_WITHIN int_number $@131 • opt_endofline_twoedges

    K_TWOEDGES  偏移，并进入状态 2049

    $default  使用规则 989 以归约 (opt_endofline_twoedges)

    opt_endofline_twoedges  转到状态 2050


状态 2033

  251 ac_layer_table_opt: K_WIDTH int_number $@43 int_number_list ';' •

    $default  使用规则 251 以归约 (ac_layer_table_opt)


状态 2034

  249 ac_layer_table_opt: K_CUTAREA NUMBER $@42 number_list ';' •

    $default  使用规则 249 以归约 (ac_layer_table_opt)


状态 2035

  246 layer_frequency: K_FREQUENCY NUMBER $@39 number_list ';' $@40 ac_layer_table_opt K_TABLEENTRIES NUMBER $@41 number_list • ';'
  257 number_list: number_list • NUMBER

    NUMBER  偏移，并进入状态 1756
    ';'     偏移，并进入状态 2051


状态 2036

  328 layer_sp_influence_width: K_WIDTH int_number K_WITHIN • int_number K_SPACING int_number

    NUMBER  偏移，并进入状态 97

    int_number  转到状态 2052


状态 2037

  319 layer_sp_parallel_width: K_WIDTH • int_number $@45 int_number_list

    NUMBER  偏移，并进入状态 97

    int_number  转到状态 2053


状态 2038

  317 layer_sp_parallel_widths: layer_sp_parallel_widths layer_sp_parallel_width •

    $default  使用规则 317 以归约 (layer_sp_parallel_widths)


状态 2039

  323 layer_sp_TwoWidth: K_WIDTH int_number layer_sp_TwoWidthsPRL int_number • $@46 int_number_list

    $default  使用规则 322 以归约 ($@46)

    $@46  转到状态 2054


状态 2040

  341 via_viarule: K_VIARULE $@49 T_STRING ';' K_CUTSIZE int_number int_number ';' K_LAYERS $@50 T_STRING T_STRING T_STRING ';' • K_CUTSPACING int_number int_number ';' K_ENCLOSURE int_number int_number int_number int_number ';' $@51 via_viarule_options

    K_CUTSPACING  偏移，并进入状态 2055


状态 2041

  862 slew_spec: int_number int_number int_number int_number int_number int_number int_number •

    $default  使用规则 862 以归约 (slew_spec)


状态 2042

  495 nd_layer_stmt: K_CAPACITANCE K_CPERSQDIST • int_number ';'

    NUMBER  偏移，并进入状态 97

    int_number  转到状态 2056


状态 2043

  496 nd_layer_stmt: K_EDGECAPACITANCE int_number • ';'

    ';'  偏移，并进入状态 2057


状态 2044

  489 nd_layer: K_LAYER $@67 T_STRING $@68 K_WIDTH int_number ';' $@69 nd_layer_stmts K_END $@70 • T_STRING

    T_STRING  偏移，并进入状态 2058


状态 2045

  494 nd_layer_stmt: K_RESISTANCE K_RPERSQ • int_number ';'

    NUMBER  偏移，并进入状态 97

    int_number  转到状态 2059


状态 2046

  492 nd_layer_stmt: K_SPACING int_number • ';'

    ';'  偏移，并进入状态 2060


状态 2047

  493 nd_layer_stmt: K_WIREEXTENSION int_number • ';'

    ';'  偏移，并进入状态 2061


状态 2048

  497 nd_layer_stmt: K_DIAGWIDTH int_number • ';'

    ';'  偏移，并进入状态 2062


状态 2049

  990 opt_endofline_twoedges: K_TWOEDGES •

    $default  使用规则 990 以归约 (opt_endofline_twoedges)


状态 2050

  988 opt_endofline: K_PARALLELEDGE int_number K_WITHIN int_number $@131 opt_endofline_twoedges •

    $default  使用规则 988 以归约 (opt_endofline)


状态 2051

  246 layer_frequency: K_FREQUENCY NUMBER $@39 number_list ';' $@40 ac_layer_table_opt K_TABLEENTRIES NUMBER $@41 number_list ';' •

    $default  使用规则 246 以归约 (layer_frequency)


状态 2052

  328 layer_sp_influence_width: K_WIDTH int_number K_WITHIN int_number • K_SPACING int_number

    K_SPACING  偏移，并进入状态 2063


状态 2053

  319 layer_sp_parallel_width: K_WIDTH int_number • $@45 int_number_list

    $default  使用规则 318 以归约 ($@45)

    $@45  转到状态 2064


状态 2054

  323 layer_sp_TwoWidth: K_WIDTH int_number layer_sp_TwoWidthsPRL int_number $@46 • int_number_list

    $default  使用规则 254 以归约 (int_number_list)

    int_number_list  转到状态 2065


状态 2055

  341 via_viarule: K_VIARULE $@49 T_STRING ';' K_CUTSIZE int_number int_number ';' K_LAYERS $@50 T_STRING T_STRING T_STRING ';' K_CUTSPACING • int_number int_number ';' K_ENCLOSURE int_number int_number int_number int_number ';' $@51 via_viarule_options

    NUMBER  偏移，并进入状态 97

    int_number  转到状态 2066


状态 2056

  495 nd_layer_stmt: K_CAPACITANCE K_CPERSQDIST int_number • ';'

    ';'  偏移，并进入状态 2067


状态 2057

  496 nd_layer_stmt: K_EDGECAPACITANCE int_number ';' •

    $default  使用规则 496 以归约 (nd_layer_stmt)


状态 2058

  489 nd_layer: K_LAYER $@67 T_STRING $@68 K_WIDTH int_number ';' $@69 nd_layer_stmts K_END $@70 T_STRING •

    $default  使用规则 489 以归约 (nd_layer)


状态 2059

  494 nd_layer_stmt: K_RESISTANCE K_RPERSQ int_number • ';'

    ';'  偏移，并进入状态 2068


状态 2060

  492 nd_layer_stmt: K_SPACING int_number ';' •

    $default  使用规则 492 以归约 (nd_layer_stmt)


状态 2061

  493 nd_layer_stmt: K_WIREEXTENSION int_number ';' •

    $default  使用规则 493 以归约 (nd_layer_stmt)


状态 2062

  497 nd_layer_stmt: K_DIAGWIDTH int_number ';' •

    $default  使用规则 497 以归约 (nd_layer_stmt)


状态 2063

  328 layer_sp_influence_width: K_WIDTH int_number K_WITHIN int_number K_SPACING • int_number

    NUMBER  偏移，并进入状态 97

    int_number  转到状态 2069


状态 2064

  319 layer_sp_parallel_width: K_WIDTH int_number $@45 • int_number_list

    $default  使用规则 254 以归约 (int_number_list)

    int_number_list  转到状态 2070


状态 2065

  255 int_number_list: int_number_list • int_number
  323 layer_sp_TwoWidth: K_WIDTH int_number layer_sp_TwoWidthsPRL int_number $@46 int_number_list •

    NUMBER  偏移，并进入状态 97

    $default  使用规则 323 以归约 (layer_sp_TwoWidth)

    int_number  转到状态 1755


状态 2066

  341 via_viarule: K_VIARULE $@49 T_STRING ';' K_CUTSIZE int_number int_number ';' K_LAYERS $@50 T_STRING T_STRING T_STRING ';' K_CUTSPACING int_number • int_number ';' K_ENCLOSURE int_number int_number int_number int_number ';' $@51 via_viarule_options

    NUMBER  偏移，并进入状态 97

    int_number  转到状态 2071


状态 2067

  495 nd_layer_stmt: K_CAPACITANCE K_CPERSQDIST int_number ';' •

    $default  使用规则 495 以归约 (nd_layer_stmt)


状态 2068

  494 nd_layer_stmt: K_RESISTANCE K_RPERSQ int_number ';' •

    $default  使用规则 494 以归约 (nd_layer_stmt)


状态 2069

  328 layer_sp_influence_width: K_WIDTH int_number K_WITHIN int_number K_SPACING int_number •

    $default  使用规则 328 以归约 (layer_sp_influence_width)


状态 2070

  255 int_number_list: int_number_list • int_number
  319 layer_sp_parallel_width: K_WIDTH int_number $@45 int_number_list •

    NUMBER  偏移，并进入状态 97

    $default  使用规则 319 以归约 (layer_sp_parallel_width)

    int_number  转到状态 1755


状态 2071

  341 via_viarule: K_VIARULE $@49 T_STRING ';' K_CUTSIZE int_number int_number ';' K_LAYERS $@50 T_STRING T_STRING T_STRING ';' K_CUTSPACING int_number int_number • ';' K_ENCLOSURE int_number int_number int_number int_number ';' $@51 via_viarule_options

    ';'  偏移，并进入状态 2072


状态 2072

  341 via_viarule: K_VIARULE $@49 T_STRING ';' K_CUTSIZE int_number int_number ';' K_LAYERS $@50 T_STRING T_STRING T_STRING ';' K_CUTSPACING int_number int_number ';' • K_ENCLOSURE int_number int_number int_number int_number ';' $@51 via_viarule_options

    K_ENCLOSURE  偏移，并进入状态 2073


状态 2073

  341 via_viarule: K_VIARULE $@49 T_STRING ';' K_CUTSIZE int_number int_number ';' K_LAYERS $@50 T_STRING T_STRING T_STRING ';' K_CUTSPACING int_number int_number ';' K_ENCLOSURE • int_number int_number int_number int_number ';' $@51 via_viarule_options

    NUMBER  偏移，并进入状态 97

    int_number  转到状态 2074


状态 2074

  341 via_viarule: K_VIARULE $@49 T_STRING ';' K_CUTSIZE int_number int_number ';' K_LAYERS $@50 T_STRING T_STRING T_STRING ';' K_CUTSPACING int_number int_number ';' K_ENCLOSURE int_number • int_number int_number int_number ';' $@51 via_viarule_options

    NUMBER  偏移，并进入状态 97

    int_number  转到状态 2075


状态 2075

  341 via_viarule: K_VIARULE $@49 T_STRING ';' K_CUTSIZE int_number int_number ';' K_LAYERS $@50 T_STRING T_STRING T_STRING ';' K_CUTSPACING int_number int_number ';' K_ENCLOSURE int_number int_number • int_number int_number ';' $@51 via_viarule_options

    NUMBER  偏移，并进入状态 97

    int_number  转到状态 2076


状态 2076

  341 via_viarule: K_VIARULE $@49 T_STRING ';' K_CUTSIZE int_number int_number ';' K_LAYERS $@50 T_STRING T_STRING T_STRING ';' K_CUTSPACING int_number int_number ';' K_ENCLOSURE int_number int_number int_number • int_number ';' $@51 via_viarule_options

    NUMBER  偏移，并进入状态 97

    int_number  转到状态 2077


状态 2077

  341 via_viarule: K_VIARULE $@49 T_STRING ';' K_CUTSIZE int_number int_number ';' K_LAYERS $@50 T_STRING T_STRING T_STRING ';' K_CUTSPACING int_number int_number ';' K_ENCLOSURE int_number int_number int_number int_number • ';' $@51 via_viarule_options

    ';'  偏移，并进入状态 2078


状态 2078

  341 via_viarule: K_VIARULE $@49 T_STRING ';' K_CUTSIZE int_number int_number ';' K_LAYERS $@50 T_STRING T_STRING T_STRING ';' K_CUTSPACING int_number int_number ';' K_ENCLOSURE int_number int_number int_number int_number ';' • $@51 via_viarule_options

    $default  使用规则 340 以归约 ($@51)

    $@51  转到状态 2079


状态 2079

  341 via_viarule: K_VIARULE $@49 T_STRING ';' K_CUTSIZE int_number int_number ';' K_LAYERS $@50 T_STRING T_STRING T_STRING ';' K_CUTSPACING int_number int_number ';' K_ENCLOSURE int_number int_number int_number int_number ';' $@51 • via_viarule_options

    $default  使用规则 342 以归约 (via_viarule_options)

    via_viarule_options  转到状态 2080


状态 2080

  341 via_viarule: K_VIARULE $@49 T_STRING ';' K_CUTSIZE int_number int_number ';' K_LAYERS $@50 T_STRING T_STRING T_STRING ';' K_CUTSPACING int_number int_number ';' K_ENCLOSURE int_number int_number int_number int_number ';' $@51 via_viarule_options •
  343 via_viarule_options: via_viarule_options • via_viarule_option

    K_OFFSET   偏移，并进入状态 2081
    K_ORIGIN   偏移，并进入状态 2082
    K_PATTERN  偏移，并进入状态 2083
    K_ROWCOL   偏移，并进入状态 2084

    $default  使用规则 341 以归约 (via_viarule)

    via_viarule_option  转到状态 2085


状态 2081

  346 via_viarule_option: K_OFFSET • int_number int_number int_number int_number ';'

    NUMBER  偏移，并进入状态 97

    int_number  转到状态 2086


状态 2082

  345 via_viarule_option: K_ORIGIN • int_number int_number ';'

    NUMBER  偏移，并进入状态 97

    int_number  转到状态 2087


状态 2083

  348 via_viarule_option: K_PATTERN • $@52 T_STRING ';'

    $default  使用规则 347 以归约 ($@52)

    $@52  转到状态 2088


状态 2084

  344 via_viarule_option: K_ROWCOL • int_number int_number ';'

    NUMBER  偏移，并进入状态 97

    int_number  转到状态 2089


状态 2085

  343 via_viarule_options: via_viarule_options via_viarule_option •

    $default  使用规则 343 以归约 (via_viarule_options)


状态 2086

  346 via_viarule_option: K_OFFSET int_number • int_number int_number int_number ';'

    NUMBER  偏移，并进入状态 97

    int_number  转到状态 2090


状态 2087

  345 via_viarule_option: K_ORIGIN int_number • int_number ';'

    NUMBER  偏移，并进入状态 97

    int_number  转到状态 2091


状态 2088

  348 via_viarule_option: K_PATTERN $@52 • T_STRING ';'

    T_STRING  偏移，并进入状态 2092


状态 2089

  344 via_viarule_option: K_ROWCOL int_number • int_number ';'

    NUMBER  偏移，并进入状态 97

    int_number  转到状态 2093


状态 2090

  346 via_viarule_option: K_OFFSET int_number int_number • int_number int_number ';'

    NUMBER  偏移，并进入状态 97

    int_number  转到状态 2094


状态 2091

  345 via_viarule_option: K_ORIGIN int_number int_number • ';'

    ';'  偏移，并进入状态 2095


状态 2092

  348 via_viarule_option: K_PATTERN $@52 T_STRING • ';'

    ';'  偏移，并进入状态 2096


状态 2093

  344 via_viarule_option: K_ROWCOL int_number int_number • ';'

    ';'  偏移，并进入状态 2097


状态 2094

  346 via_viarule_option: K_OFFSET int_number int_number int_number • int_number ';'

    NUMBER  偏移，并进入状态 97

    int_number  转到状态 2098


状态 2095

  345 via_viarule_option: K_ORIGIN int_number int_number ';' •

    $default  使用规则 345 以归约 (via_viarule_option)


状态 2096

  348 via_viarule_option: K_PATTERN $@52 T_STRING ';' •

    $default  使用规则 348 以归约 (via_viarule_option)


状态 2097

  344 via_viarule_option: K_ROWCOL int_number int_number ';' •

    $default  使用规则 344 以归约 (via_viarule_option)


状态 2098

  346 via_viarule_option: K_OFFSET int_number int_number int_number int_number • ';'

    ';'  偏移，并进入状态 2099


状态 2099

  346 via_viarule_option: K_OFFSET int_number int_number int_number int_number ';' •

    $default  使用规则 346 以归约 (via_viarule_option)
